===============RESET===============
{"game_state":3}
play 1 
{"deck":[0,0,0,0,0,1,1,1,1,2],"energy":3,"game_state":0,"hand":[0,1,0,0,0],"max_energy":3,"mobs":[{"def":0,"effects":[0,0,0,0],"hp":51,"max_hp":51,"move":3,"type":1}],"offpool":[],"player":{"def":0,"effects":[0,0,0,0],"hp":80,"max_hp":80},"pool":[0,1,2,1,1]}
play 0 0 
{"deck":[0,0,0,0,0,1,1,1,1,2],"energy":2,"game_state":0,"hand":[1,0,0,0],"max_energy":3,"mobs":[{"def":0,"effects":[0,0,0,0],"hp":45,"max_hp":51,"move":3,"type":1}],"offpool":[0],"player":{"def":0,"effects":[0,0,0,0],"hp":80,"max_hp":80},"pool":[0,1,2,1,1]}
play 1 0 
{"deck":[0,0,0,0,0,1,1,1,1,2],"energy":1,"game_state":0,"hand":[1,0,0],"max_energy":3,"mobs":[{"def":0,"effects":[0,0,0,0],"hp":39,"max_hp":51,"move":3,"type":1}],"offpool":[0,0],"player":{"def":0,"effects":[0,0,0,0],"hp":80,"max_hp":80},"pool":[0,1,2,1,1]}
play 1 0 
{"deck":[0,0,0,0,0,1,1,1,1,2],"energy":0,"game_state":0,"hand":[1,0],"max_energy":3,"mobs":[{"def":0,"effects":[0,0,0,0],"hp":33,"max_hp":51,"move":3,"type":1}],"offpool":[0,0,0],"player":{"def":0,"effects":[0,0,0,0],"hp":80,"max_hp":80},"pool":[0,1,2,1,1]}
end 
{"deck":[0,0,0,0,0,1,1,1,1,2],"energy":3,"game_state":0,"hand":[1,1,2,1,0],"max_energy":3,"mobs":[{"def":0,"effects":[0,0,0,3],"hp":33,"max_hp":51,"move":1,"type":1}],"offpool":[0,0,0,0,1],"player":{"def":0,"effects":[0,0,0,0],"hp":80,"max_hp":80},"pool":[]}
play 0 
{"deck":[0,0,0,0,0,1,1,1,1,2],"energy":2,"game_state":0,"hand":[1,2,1,0],"max_energy":3,"mobs":[{"def":0,"effects":[0,0,0,3],"hp":33,"max_hp":51,"move":1,"type":1}],"offpool":[0,0,0,0,1,1],"player":{"def":5,"effects":[0,0,0,0],"hp":80,"max_hp":80},"pool":[]}
play 3 0 
{"deck":[0,0,0,0,0,1,1,1,1,2],"energy":1,"game_state":0,"hand":[1,2,1],"max_energy":3,"mobs":[{"def":0,"effects":[0,0,0,3],"hp":27,"max_hp":51,"move":1,"type":1}],"offpool":[0,0,0,0,1,1,0],"player":{"def":5,"effects":[0,0,0,0],"hp":80,"max_hp":80},"pool":[]}
play 0 
{"deck":[0,0,0,0,0,1,1,1,1,2],"energy":0,"game_state":0,"hand":[2,1],"max_energy":3,"mobs":[{"def":0,"effects":[0,0,0,3],"hp":27,"max_hp":51,"move":1,"type":1}],"offpool":[0,0,0,0,1,1,0,1],"player":{"def":10,"effects":[0,0,0,0],"hp":80,"max_hp":80},"pool":[]}
end 
{"deck":[0,0,0,0,0,1,1,1,1,2],"energy":3,"game_state":0,"hand":[1,1,0,1,2],"max_energy":3,"mobs":[{"def":0,"effects":[0,0,3,3],"hp":27,"max_hp":51,"move":1,"type":1}],"offpool":[],"player":{"def":0,"effects":[0,0,0,0],"hp":80,"max_hp":80},"pool":[0,0,0,1,0]}
play 2 0 
{"deck":[0,0,0,0,0,1,1,1,1,2],"energy":2,"game_state":0,"hand":[1,1,1,2],"max_energy":3,"mobs":[{"def":0,"effects":[0,0,3,3],"hp":21,"max_hp":51,"move":1,"type":1}],"offpool":[0],"player":{"def":0,"effects":[0,0,0,0],"hp":80,"max_hp":80},"pool":[0,0,0,1,0]}
play 0 
{"deck":[0,0,0,0,0,1,1,1,1,2],"energy":1,"game_state":0,"hand":[1,1,2],"max_energy":3,"mobs":[{"def":0,"effects":[0,0,3,3],"hp":21,"max_hp":51,"move":1,"type":1}],"offpool":[0,1],"player":{"def":5,"effects":[0,0,0,0],"hp":80,"max_hp":80},"pool":[0,0,0,1,0]}
play 0 
{"deck":[0,0,0,0,0,1,1,1,1,2],"energy":0,"game_state":0,"hand":[1,2],"max_energy":3,"mobs":[{"def":0,"effects":[0,0,3,3],"hp":21,"max_hp":51,"move":1,"type":1}],"offpool":[0,1,1],"player":{"def":10,"effects":[0,0,0,0],"hp":80,"max_hp":80},"pool":[0,0,0,1,0]}
end 
{"deck":[0,0,0,0,0,1,1,1,1,2],"energy":3,"game_state":0,"hand":[0,1,0,0,0],"max_energy":3,"mobs":[{"def":0,"effects":[0,0,6,3],"hp":21,"max_hp":51,"move":1,"type":1}],"offpool":[0,1,1,2,1],"player":{"def":0,"effects":[0,0,0,0],"hp":78,"max_hp":80},"pool":[]}
play 0 0 
{"deck":[0,0,0,0,0,1,1,1,1,2],"energy":2,"game_state":0,"hand":[1,0,0,0],"max_energy":3,"mobs":[{"def":0,"effects":[0,0,6,3],"hp":15,"max_hp":51,"move":1,"type":1}],"offpool":[0,1,1,2,1,0],"player":{"def":0,"effects":[0,0,0,0],"hp":78,"max_hp":80},"pool":[]}
play 2 0 
{"deck":[0,0,0,0,0,1,1,1,1,2],"energy":1,"game_state":0,"hand":[1,0,0],"max_energy":3,"mobs":[{"def":0,"effects":[0,0,6,3],"hp":9,"max_hp":51,"move":1,"type":1}],"offpool":[0,1,1,2,1,0,0],"player":{"def":0,"effects":[0,0,0,0],"hp":78,"max_hp":80},"pool":[]}
play 2 0 
{"deck":[0,0,0,0,0,1,1,1,1,2],"energy":0,"game_state":0,"hand":[1,0],"max_energy":3,"mobs":[{"def":0,"effects":[0,0,6,3],"hp":3,"max_hp":51,"move":1,"type":1}],"offpool":[0,1,1,2,1,0,0,0],"player":{"def":0,"effects":[0,0,0,0],"hp":78,"max_hp":80},"pool":[]}
end 
{"deck":[0,0,0,0,0,1,1,1,1,2],"energy":3,"game_state":0,"hand":[0,0,1,0,1],"max_energy":3,"mobs":[{"def":0,"effects":[0,0,9,3],"hp":3,"max_hp":51,"move":1,"type":1}],"offpool":[],"player":{"def":0,"effects":[0,0,0,0],"hp":63,"max_hp":80},"pool":[0,0,2,1,1]}
play 0 0 
{"deck":[0,0,0,0,0,1,1,1,1,2],"game_state":2,"max_energy":3,"player":{"def":0,"effects":[0,0,0,0],"hp":63,"max_hp":80}}
===============RESET===============
{"game_state":3}
play 1 
{"deck":[0,0,0,0,0,1,1,1,1,2],"energy":3,"game_state":0,"hand":[1,0,0,2,0],"max_energy":3,"mobs":[{"def":0,"effects":[0,0,0,0],"hp":51,"max_hp":51,"move":3,"type":1}],"offpool":[],"player":{"def":0,"effects":[0,0,0,0],"hp":80,"max_hp":80},"pool":[1,1,0,1,0]}
play 2 0 
{"deck":[0,0,0,0,0,1,1,1,1,2],"energy":2,"game_state":0,"hand":[1,0,2,0],"max_energy":3,"mobs":[{"def":0,"effects":[0,0,0,0],"hp":45,"max_hp":51,"move":3,"type":1}],"offpool":[0],"player":{"def":0,"effects":[0,0,0,0],"hp":80,"max_hp":80},"pool":[1,1,0,1,0]}
play 1 0 
{"deck":[0,0,0,0,0,1,1,1,1,2],"energy":1,"game_state":0,"hand":[1,2,0],"max_energy":3,"mobs":[{"def":0,"effects":[0,0,0,0],"hp":39,"max_hp":51,"move":3,"type":1}],"offpool":[0,0],"player":{"def":0,"effects":[0,0,0,0],"hp":80,"max_hp":80},"pool":[1,1,0,1,0]}
play 0 
{"deck":[0,0,0,0,0,1,1,1,1,2],"energy":0,"game_state":0,"hand":[2,0],"max_energy":3,"mobs":[{"def":0,"effects":[0,0,0,0],"hp":39,"max_hp":51,"move":3,"type":1}],"offpool":[0,0,1],"player":{"def":5,"effects":[0,0,0,0],"hp":80,"max_hp":80},"pool":[1,1,0,1,0]}
end 
{"deck":[0,0,0,0,0,1,1,1,1,2],"energy":3,"game_state":0,"hand":[0,1,0,1,1],"max_energy":3,"mobs":[{"def":0,"effects":[0,0,0,3],"hp":39,"max_hp":51,"move":1,"type":1}],"offpool":[0,0,1,0,2],"player":{"def":0,"effects":[0,0,0,0],"hp":80,"max_hp":80},"pool":[]}
play 0 0 
{"deck":[0,0,0,0,0,1,1,1,1,2],"energy":2,"game_state":0,"hand":[1,0,1,1],"max_energy":3,"mobs":[{"def":0,"effects":[0,0,0,3],"hp":33,"max_hp":51,"move":1,"type":1}],"offpool":[0,0,1,0,2,0],"player":{"def":0,"effects":[0,0,0,0],"hp":80,"max_hp":80},"pool":[]}
play 1 0 
{"deck":[0,0,0,0,0,1,1,1,1,2],"energy":1,"game_state":0,"hand":[1,1,1],"max_energy":3,"mobs":[{"def":0,"effects":[0,0,0,3],"hp":27,"max_hp":51,"move":1,"type":1}],"offpool":[0,0,1,0,2,0,0],"player":{"def":0,"effects":[0,0,0,0],"hp":80,"max_hp":80},"pool":[]}
play 0 
{"deck":[0,0,0,0,0,1,1,1,1,2],"energy":0,"game_state":0,"hand":[1,1],"max_energy":3,"mobs":[{"def":0,"effects":[0,0,0,3],"hp":27,"max_hp":51,"move":1,"type":1}],"offpool":[0,0,1,0,2,0,0,1],"player":{"def":5,"effects":[0,0,0,0],"hp":80,"max_hp":80},"pool":[]}
end 
{"deck":[0,0,0,0,0,1,1,1,1,2],"energy":3,"game_state":0,"hand":[1,0,0,1,0],"max_energy":3,"mobs":[{"def":0,"effects":[0,0,3,3],"hp":27,"max_hp":51,"move":1,"type":1}],"offpool":[],"player":{"def":0,"effects":[0,0,0,0],"hp":76,"max_hp":80},"pool":[2,0,0,1,1]}
play 1 0 
{"deck":[0,0,0,0,0,1,1,1,1,2],"energy":2,"game_state":0,"hand":[1,0,1,0],"max_energy":3,"mobs":[{"def":0,"effects":[0,0,3,3],"hp":21,"max_hp":51,"move":1,"type":1}],"offpool":[0],"player":{"def":0,"effects":[0,0,0,0],"hp":76,"max_hp":80},"pool":[2,0,0,1,1]}
play 1 0 
{"deck":[0,0,0,0,0,1,1,1,1,2],"energy":1,"game_state":0,"hand":[1,1,0],"max_energy":3,"mobs":[{"def":0,"effects":[0,0,3,3],"hp":15,"max_hp":51,"move":1,"type":1}],"offpool":[0,0],"player":{"def":0,"effects":[0,0,0,0],"hp":76,"max_hp":80},"pool":[2,0,0,1,1]}
play 2 0 
{"deck":[0,0,0,0,0,1,1,1,1,2],"energy":0,"game_state":0,"hand":[1,1],"max_energy":3,"mobs":[{"def":0,"effects":[0,0,3,3],"hp":9,"max_hp":51,"move":1,"type":1}],"offpool":[0,0,0],"player":{"def":0,"effects":[0,0,0,0],"hp":76,"max_hp":80},"pool":[2,0,0,1,1]}
end 
{"deck":[0,0,0,0,0,1,1,1,1,2],"energy":3,"game_state":0,"hand":[1,1,0,0,2],"max_energy":3,"mobs":[{"def":0,"effects":[0,0,6,3],"hp":9,"max_hp":51,"move":1,"type":1}],"offpool":[0,0,0,1,1],"player":{"def":0,"effects":[0,0,0,0],"hp":64,"max_hp":80},"pool":[]}
play 2 0 
{"deck":[0,0,0,0,0,1,1,1,1,2],"energy":2,"game_state":0,"hand":[1,1,0,2],"max_energy":3,"mobs":[{"def":0,"effects":[0,0,6,3],"hp":3,"max_hp":51,"move":1,"type":1}],"offpool":[0,0,0,1,1,0],"player":{"def":0,"effects":[0,0,0,0],"hp":64,"max_hp":80},"pool":[]}
play 2 0 
{"deck":[0,0,0,0,0,1,1,1,1,2],"game_state":2,"max_energy":3,"player":{"def":0,"effects":[0,0,0,0],"hp":64,"max_hp":80}}
===============RESET===============
{"game_state":3}
play 1 
{"deck":[0,0,0,0,0,1,1,1,1,2],"energy":3,"game_state":0,"hand":[1,1,2,1,0],"max_energy":3,"mobs":[{"def":0,"effects":[0,0,0,0],"hp":50,"max_hp":50,"move":3,"type":1}],"offpool":[],"player":{"def":0,"effects":[0,0,0,0],"hp":80,"max_hp":80},"pool":[0,0,0,0,1]}
end 
{"deck":[0,0,0,0,0,1,1,1,1,2],"energy":3,"game_state":0,"hand":[1,0,0,0,0],"max_energy":3,"mobs":[{"def":0,"effects":[0,0,0,3],"hp":50,"max_hp":50,"move":1,"type":1}],"offpool":[0,1,2,1,1],"player":{"def":0,"effects":[0,0,0,0],"hp":80,"max_hp":80},"pool":[]}
play 1 0 
{"deck":[0,0,0,0,0,1,1,1,1,2],"energy":2,"game_state":0,"hand":[1,0,0,0],"max_energy":3,"mobs":[{"def":0,"effects":[0,0,0,3],"hp":44,"max_hp":50,"move":1,"type":1}],"offpool":[0,1,2,1,1,0],"player":{"def":0,"effects":[0,0,0,0],"hp":80,"max_hp":80},"pool":[]}
play 1 0 
{"deck":[0,0,0,0,0,1,1,1,1,2],"energy":1,"game_state":0,"hand":[1,0,0],"max_energy":3,"mobs":[{"def":0,"effects":[0,0,0,3],"hp":38,"max_hp":50,"move":1,"type":1}],"offpool":[0,1,2,1,1,0,0],"player":{"def":0,"effects":[0,0,0,0],"hp":80,"max_hp":80},"pool":[]}
play 1 0 
{"deck":[0,0,0,0,0,1,1,1,1,2],"energy":0,"game_state":0,"hand":[1,0],"max_energy":3,"mobs":[{"def":0,"effects":[0,0,0,3],"hp":32,"max_hp":50,"move":1,"type":1}],"offpool":[0,1,2,1,1,0,0,0],"player":{"def":0,"effects":[0,0,0,0],"hp":80,"max_hp":80},"pool":[]}
end 
{"deck":[0,0,0,0,0,1,1,1,1,2],"energy":3,"game_state":0,"hand":[0,0,2,0,0],"max_energy":3,"mobs":[{"def":0,"effects":[0,0,3,3],"hp":32,"max_hp":50,"move":1,"type":1}],"offpool":[],"player":{"def":0,"effects":[0,0,0,0],"hp":71,"max_hp":80},"pool":[1,1,1,1,0]}
play 0 0 
{"deck":[0,0,0,0,0,1,1,1,1,2],"energy":2,"game_state":0,"hand":[0,2,0,0],"max_energy":3,"mobs":[{"def":0,"effects":[0,0,3,3],"hp":26,"max_hp":50,"move":1,"type":1}],"offpool":[0],"player":{"def":0,"effects":[0,0,0,0],"hp":71,"max_hp":80},"pool":[1,1,1,1,0]}
play 0 0 
{"deck":[0,0,0,0,0,1,1,1,1,2],"energy":1,"game_state":0,"hand":[2,0,0],"max_energy":3,"mobs":[{"def":0,"effects":[0,0,3,3],"hp":20,"max_hp":50,"move":1,"type":1}],"offpool":[0,0],"player":{"def":0,"effects":[0,0,0,0],"hp":71,"max_hp":80},"pool":[1,1,1,1,0]}
play 2 0 
{"deck":[0,0,0,0,0,1,1,1,1,2],"energy":0,"game_state":0,"hand":[2,0],"max_energy":3,"mobs":[{"def":0,"effects":[0,0,3,3],"hp":14,"max_hp":50,"move":1,"type":1}],"offpool":[0,0,0],"player":{"def":0,"effects":[0,0,0,0],"hp":71,"max_hp":80},"pool":[1,1,1,1,0]}
end 
{"deck":[0,0,0,0,0,1,1,1,1,2],"energy":3,"game_state":0,"hand":[0,1,1,1,1],"max_energy":3,"mobs":[{"def":0,"effects":[0,0,6,3],"hp":14,"max_hp":50,"move":1,"type":1}],"offpool":[0,0,0,0,2],"player":{"def":0,"effects":[0,0,0,0],"hp":59,"max_hp":80},"pool":[]}
play 0 0 
{"deck":[0,0,0,0,0,1,1,1,1,2],"energy":2,"game_state":0,"hand":[1,1,1,1],"max_energy":3,"mobs":[{"def":0,"effects":[0,0,6,3],"hp":8,"max_hp":50,"move":1,"type":1}],"offpool":[0,0,0,0,2,0],"player":{"def":0,"effects":[0,0,0,0],"hp":59,"max_hp":80},"pool":[]}
play 0 
{"deck":[0,0,0,0,0,1,1,1,1,2],"energy":1,"game_state":0,"hand":[1,1,1],"max_energy":3,"mobs":[{"def":0,"effects":[0,0,6,3],"hp":8,"max_hp":50,"move":1,"type":1}],"offpool":[0,0,0,0,2,0,1],"player":{"def":5,"effects":[0,0,0,0],"hp":59,"max_hp":80},"pool":[]}
play 0 
{"deck":[0,0,0,0,0,1,1,1,1,2],"energy":0,"game_state":0,"hand":[1,1],"max_energy":3,"mobs":[{"def":0,"effects":[0,0,6,3],"hp":8,"max_hp":50,"move":1,"type":1}],"offpool":[0,0,0,0,2,0,1,1],"player":{"def":10,"effects":[0,0,0,0],"hp":59,"max_hp":80},"pool":[]}
end 
{"deck":[0,0,0,0,0,1,1,1,1,2],"energy":3,"game_state":0,"hand":[0,1,2,1,0],"max_energy":3,"mobs":[{"def":0,"effects":[0,0,9,3],"hp":8,"max_hp":50,"move":1,"type":1}],"offpool":[],"player":{"def":0,"effects":[0,0,0,0],"hp":54,"max_hp":80},"pool":[0,1,1,0,0]}
play 0 0 
{"deck":[0,0,0,0,0,1,1,1,1,2],"energy":2,"game_state":0,"hand":[1,2,1,0],"max_energy":3,"mobs":[{"def":0,"effects":[0,0,9,3],"hp":2,"max_hp":50,"move":1,"type":1}],"offpool":[0],"player":{"def":0,"effects":[0,0,0,0],"hp":54,"max_hp":80},"pool":[0,1,1,0,0]}
play 2 
{"deck":[0,0,0,0,0,1,1,1,1,2],"energy":1,"game_state":0,"hand":[1,2,0],"max_energy":3,"mobs":[{"def":0,"effects":[0,0,9,3],"hp":2,"max_hp":50,"move":1,"type":1}],"offpool":[0,1],"player":{"def":5,"effects":[0,0,0,0],"hp":54,"max_hp":80},"pool":[0,1,1,0,0]}
play 0 
{"deck":[0,0,0,0,0,1,1,1,1,2],"energy":0,"game_state":0,"hand":[2,0],"max_energy":3,"mobs":[{"def":0,"effects":[0,0,9,3],"hp":2,"max_hp":50,"move":1,"type":1}],"offpool":[0,1,1],"player":{"def":10,"effects":[0,0,0,0],"hp":54,"max_hp":80},"pool":[0,1,1,0,0]}
end 
{"deck":[0,0,0,0,0,1,1,1,1,2],"energy":3,"game_state":0,"hand":[0,0,1,1,0],"max_energy":3,"mobs":[{"def":0,"effects":[0,0,12,3],"hp":2,"max_hp":50,"move":1,"type":1}],"offpool":[0,1,1,0,2],"player":{"def":0,"effects":[0,0,0,0],"hp":46,"max_hp":80},"pool":[]}
play 1 0 
{"deck":[0,0,0,0,0,1,1,1,1,2],"game_state":2,"max_energy":3,"player":{"def":0,"effects":[0,0,0,0],"hp":46,"max_hp":80}}
===============RESET===============
{"game_state":3}
play 1 
{"deck":[0,0,0,0,0,1,1,1,1,2],"energy":3,"game_state":0,"hand":[0,0,2,0,0],"max_energy":3,"mobs":[{"def":0,"effects":[0,0,0,0],"hp":48,"max_hp":48,"move":3,"type":1}],"offpool":[],"player":{"def":0,"effects":[0,0,0,0],"hp":80,"max_hp":80},"pool":[1,1,0,1,1]}
play 0 0 
{"deck":[0,0,0,0,0,1,1,1,1,2],"energy":2,"game_state":0,"hand":[0,2,0,0],"max_energy":3,"mobs":[{"def":0,"effects":[0,0,0,0],"hp":42,"max_hp":48,"move":3,"type":1}],"offpool":[0],"player":{"def":0,"effects":[0,0,0,0],"hp":80,"max_hp":80},"pool":[1,1,0,1,1]}
play 2 0 
{"deck":[0,0,0,0,0,1,1,1,1,2],"energy":1,"game_state":0,"hand":[0,2,0],"max_energy":3,"mobs":[{"def":0,"effects":[0,0,0,0],"hp":36,"max_hp":48,"move":3,"type":1}],"offpool":[0,0],"player":{"def":0,"effects":[0,0,0,0],"hp":80,"max_hp":80},"pool":[1,1,0,1,1]}
play 0 0 
{"deck":[0,0,0,0,0,1,1,1,1,2],"energy":0,"game_state":0,"hand":[2,0],"max_energy":3,"mobs":[{"def":0,"effects":[0,0,0,0],"hp":30,"max_hp":48,"move":3,"type":1}],"offpool":[0,0,0],"player":{"def":0,"effects":[0,0,0,0],"hp":80,"max_hp":80},"pool":[1,1,0,1,1]}
end 
{"deck":[0,0,0,0,0,1,1,1,1,2],"energy":3,"game_state":0,"hand":[1,1,0,1,1],"max_energy":3,"mobs":[{"def":0,"effects":[0,0,0,3],"hp":30,"max_hp":48,"move":1,"type":1}],"offpool":[0,0,0,0,2],"player":{"def":0,"effects":[0,0,0,0],"hp":80,"max_hp":80},"pool":[]}
play 2 0 
{"deck":[0,0,0,0,0,1,1,1,1,2],"energy":2,"game_state":0,"hand":[1,1,1,1],"max_energy":3,"mobs":[{"def":0,"effects":[0,0,0,3],"hp":24,"max_hp":48,"move":1,"type":1}],"offpool":[0,0,0,0,2,0],"player":{"def":0,"effects":[0,0,0,0],"hp":80,"max_hp":80},"pool":[]}
play 0 
{"deck":[0,0,0,0,0,1,1,1,1,2],"energy":1,"game_state":0,"hand":[1,1,1],"max_energy":3,"mobs":[{"def":0,"effects":[0,0,0,3],"hp":24,"max_hp":48,"move":1,"type":1}],"offpool":[0,0,0,0,2,0,1],"player":{"def":5,"effects":[0,0,0,0],"hp":80,"max_hp":80},"pool":[]}
play 1 
{"deck":[0,0,0,0,0,1,1,1,1,2],"energy":0,"game_state":0,"hand":[1,1],"max_energy":3,"mobs":[{"def":0,"effects":[0,0,0,3],"hp":24,"max_hp":48,"move":1,"type":1}],"offpool":[0,0,0,0,2,0,1,1],"player":{"def":10,"effects":[0,0,0,0],"hp":80,"max_hp":80},"pool":[]}
end 
{"deck":[0,0,0,0,0,1,1,1,1,2],"energy":3,"game_state":0,"hand":[0,1,0,0,1],"max_energy":3,"mobs":[{"def":0,"effects":[0,0,3,3],"hp":24,"max_hp":48,"move":1,"type":1}],"offpool":[],"player":{"def":0,"effects":[0,0,0,0],"hp":80,"max_hp":80},"pool":[1,0,1,2,0]}
play 2 0 
{"deck":[0,0,0,0,0,1,1,1,1,2],"energy":2,"game_state":0,"hand":[0,1,0,1],"max_energy":3,"mobs":[{"def":0,"effects":[0,0,3,3],"hp":18,"max_hp":48,"move":1,"type":1}],"offpool":[0],"player":{"def":0,"effects":[0,0,0,0],"hp":80,"max_hp":80},"pool":[1,0,1,2,0]}
play 0 0 
{"deck":[0,0,0,0,0,1,1,1,1,2],"energy":1,"game_state":0,"hand":[1,0,1],"max_energy":3,"mobs":[{"def":0,"effects":[0,0,3,3],"hp":12,"max_hp":48,"move":1,"type":1}],"offpool":[0,0],"player":{"def":0,"effects":[0,0,0,0],"hp":80,"max_hp":80},"pool":[1,0,1,2,0]}
play 1 0 
{"deck":[0,0,0,0,0,1,1,1,1,2],"energy":0,"game_state":0,"hand":[1,1],"max_energy":3,"mobs":[{"def":0,"effects":[0,0,3,3],"hp":6,"max_hp":48,"move":1,"type":1}],"offpool":[0,0,0],"player":{"def":0,"effects":[0,0,0,0],"hp":80,"max_hp":80},"pool":[1,0,1,2,0]}
end 
{"deck":[0,0,0,0,0,1,1,1,1,2],"energy":3,"game_state":0,"hand":[0,2,1,0,1],"max_energy":3,"mobs":[{"def":0,"effects":[0,0,6,3],"hp":6,"max_hp":48,"move":1,"type":1}],"offpool":[0,0,0,1,1],"player":{"def":0,"effects":[0,0,0,0],"hp":68,"max_hp":80},"pool":[]}
play 0 0 
{"deck":[0,0,0,0,0,1,1,1,1,2],"game_state":2,"max_energy":3,"player":{"def":0,"effects":[0,0,0,0],"hp":68,"max_hp":80}}
===============RESET===============
{"game_state":3}
play 1 
{"deck":[0,0,0,0,0,1,1,1,1,2],"energy":3,"game_state":0,"hand":[0,0,1,1,0],"max_energy":3,"mobs":[{"def":0,"effects":[0,0,0,0],"hp":50,"max_hp":50,"move":3,"type":1}],"offpool":[],"player":{"def":0,"effects":[0,0,0,0],"hp":80,"max_hp":80},"pool":[0,1,0,2,1]}
play 0 0 
{"deck":[0,0,0,0,0,1,1,1,1,2],"energy":2,"game_state":0,"hand":[0,1,1,0],"max_energy":3,"mobs":[{"def":0,"effects":[0,0,0,0],"hp":44,"max_hp":50,"move":3,"type":1}],"offpool":[0],"player":{"def":0,"effects":[0,0,0,0],"hp":80,"max_hp":80},"pool":[0,1,0,2,1]}
play 0 0 
{"deck":[0,0,0,0,0,1,1,1,1,2],"energy":1,"game_state":0,"hand":[1,1,0],"max_energy":3,"mobs":[{"def":0,"effects":[0,0,0,0],"hp":38,"max_hp":50,"move":3,"type":1}],"offpool":[0,0],"player":{"def":0,"effects":[0,0,0,0],"hp":80,"max_hp":80},"pool":[0,1,0,2,1]}
play 2 0 
{"deck":[0,0,0,0,0,1,1,1,1,2],"energy":0,"game_state":0,"hand":[1,1],"max_energy":3,"mobs":[{"def":0,"effects":[0,0,0,0],"hp":32,"max_hp":50,"move":3,"type":1}],"offpool":[0,0,0],"player":{"def":0,"effects":[0,0,0,0],"hp":80,"max_hp":80},"pool":[0,1,0,2,1]}
end 
{"deck":[0,0,0,0,0,1,1,1,1,2],"energy":3,"game_state":0,"hand":[1,2,0,1,0],"max_energy":3,"mobs":[{"def":0,"effects":[0,0,0,3],"hp":32,"max_hp":50,"move":1,"type":1}],"offpool":[0,0,0,1,1],"player":{"def":0,"effects":[0,0,0,0],"hp":80,"max_hp":80},"pool":[]}
play 2 0 
{"deck":[0,0,0,0,0,1,1,1,1,2],"energy":2,"game_state":0,"hand":[1,2,1,0],"max_energy":3,"mobs":[{"def":0,"effects":[0,0,0,3],"hp":26,"max_hp":50,"move":1,"type":1}],"offpool":[0,0,0,1,1,0],"player":{"def":0,"effects":[0,0,0,0],"hp":80,"max_hp":80},"pool":[]}
play 3 0 
{"deck":[0,0,0,0,0,1,1,1,1,2],"energy":1,"game_state":0,"hand":[1,2,1],"max_energy":3,"mobs":[{"def":0,"effects":[0,0,0,3],"hp":20,"max_hp":50,"move":1,"type":1}],"offpool":[0,0,0,1,1,0,0],"player":{"def":0,"effects":[0,0,0,0],"hp":80,"max_hp":80},"pool":[]}
play 0 
{"deck":[0,0,0,0,0,1,1,1,1,2],"energy":0,"game_state":0,"hand":[2,1],"max_energy":3,"mobs":[{"def":0,"effects":[0,0,0,3],"hp":20,"max_hp":50,"move":1,"type":1}],"offpool":[0,0,0,1,1,0,0,1],"player":{"def":5,"effects":[0,0,0,0],"hp":80,"max_hp":80},"pool":[]}
end 
{"deck":[0,0,0,0,0,1,1,1,1,2],"energy":3,"game_state":0,"hand":[0,1,2,1,0],"max_energy":3,"mobs":[{"def":0,"effects":[0,0,3,3],"hp":20,"max_hp":50,"move":1,"type":1}],"offpool":[],"player":{"def":0,"effects":[0,0,0,0],"hp":76,"max_hp":80},"pool":[0,0,1,0,1]}
play 0 0 
{"deck":[0,0,0,0,0,1,1,1,1,2],"energy":2,"game_state":0,"hand":[1,2,1,0],"max_energy":3,"mobs":[{"def":0,"effects":[0,0,3,3],"hp":14,"max_hp":50,"move":1,"type":1}],"offpool":[0],"player":{"def":0,"effects":[0,0,0,0],"hp":76,"max_hp":80},"pool":[0,0,1,0,1]}
play 3 0 
{"deck":[0,0,0,0,0,1,1,1,1,2],"energy":1,"game_state":0,"hand":[1,2,1],"max_energy":3,"mobs":[{"def":0,"effects":[0,0,3,3],"hp":8,"max_hp":50,"move":1,"type":1}],"offpool":[0,0],"player":{"def":0,"effects":[0,0,0,0],"hp":76,"max_hp":80},"pool":[0,0,1,0,1]}
play 0 
{"deck":[0,0,0,0,0,1,1,1,1,2],"energy":0,"game_state":0,"hand":[2,1],"max_energy":3,"mobs":[{"def":0,"effects":[0,0,3,3],"hp":8,"max_hp":50,"move":1,"type":1}],"offpool":[0,0,1],"player":{"def":5,"effects":[0,0,0,0],"hp":76,"max_hp":80},"pool":[0,0,1,0,1]}
end 
{"deck":[0,0,0,0,0,1,1,1,1,2],"energy":3,"game_state":0,"hand":[1,0,1,0,0],"max_energy":3,"mobs":[{"def":0,"effects":[0,0,6,3],"hp":8,"max_hp":50,"move":1,"type":1}],"offpool":[0,0,1,1,2],"player":{"def":0,"effects":[0,0,0,0],"hp":69,"max_hp":80},"pool":[]}
play 1 0 
{"deck":[0,0,0,0,0,1,1,1,1,2],"energy":2,"game_state":0,"hand":[1,1,0,0],"max_energy":3,"mobs":[{"def":0,"effects":[0,0,6,3],"hp":2,"max_hp":50,"move":1,"type":1}],"offpool":[0,0,1,1,2,0],"player":{"def":0,"effects":[0,0,0,0],"hp":69,"max_hp":80},"pool":[]}
play 2 0 
{"deck":[0,0,0,0,0,1,1,1,1,2],"game_state":2,"max_energy":3,"player":{"def":0,"effects":[0,0,0,0],"hp":69,"max_hp":80}}
===============RESET===============
{"game_state":3}
play 1 
{"deck":[0,0,0,0,0,1,1,1,1,2],"energy":3,"game_state":0,"hand":[1,1,0,1,0],"max_energy":3,"mobs":[{"def":0,"effects":[0,0,0,0],"hp":52,"max_hp":52,"move":3,"type":1}],"offpool":[],"player":{"def":0,"effects":[0,0,0,0],"hp":80,"max_hp":80},"pool":[0,2,1,0,0]}
play 2 0 
{"deck":[0,0,0,0,0,1,1,1,1,2],"energy":2,"game_state":0,"hand":[1,1,1,0],"max_energy":3,"mobs":[{"def":0,"effects":[0,0,0,0],"hp":46,"max_hp":52,"move":3,"type":1}],"offpool":[0],"player":{"def":0,"effects":[0,0,0,0],"hp":80,"max_hp":80},"pool":[0,2,1,0,0]}
play 3 0 
{"deck":[0,0,0,0,0,1,1,1,1,2],"energy":1,"game_state":0,"hand":[1,1,1],"max_energy":3,"mobs":[{"def":0,"effects":[0,0,0,0],"hp":40,"max_hp":52,"move":3,"type":1}],"offpool":[0,0],"player":{"def":0,"effects":[0,0,0,0],"hp":80,"max_hp":80},"pool":[0,2,1,0,0]}
end 
{"deck":[0,0,0,0,0,1,1,1,1,2],"energy":3,"game_state":0,"hand":[0,0,1,2,0],"max_energy":3,"mobs":[{"def":0,"effects":[0,0,0,3],"hp":40,"max_hp":52,"move":1,"type":1}],"offpool":[0,0,1,1,1],"player":{"def":0,"effects":[0,0,0,0],"hp":80,"max_hp":80},"pool":[]}
play 0 0 
{"deck":[0,0,0,0,0,1,1,1,1,2],"energy":2,"game_state":0,"hand":[0,1,2,0],"max_energy":3,"mobs":[{"def":0,"effects":[0,0,0,3],"hp":34,"max_hp":52,"move":1,"type":1}],"offpool":[0,0,1,1,1,0],"player":{"def":0,"effects":[0,0,0,0],"hp":80,"max_hp":80},"pool":[]}
play 0 0 
{"deck":[0,0,0,0,0,1,1,1,1,2],"energy":1,"game_state":0,"hand":[1,2,0],"max_energy":3,"mobs":[{"def":0,"effects":[0,0,0,3],"hp":28,"max_hp":52,"move":1,"type":1}],"offpool":[0,0,1,1,1,0,0],"player":{"def":0,"effects":[0,0,0,0],"hp":80,"max_hp":80},"pool":[]}
play 0 
{"deck":[0,0,0,0,0,1,1,1,1,2],"energy":0,"game_state":0,"hand":[2,0],"max_energy":3,"mobs":[{"def":0,"effects":[0,0,0,3],"hp":28,"max_hp":52,"move":1,"type":1}],"offpool":[0,0,1,1,1,0,0,1],"player":{"def":5,"effects":[0,0,0,0],"hp":80,"max_hp":80},"pool":[]}
end 
{"deck":[0,0,0,0,0,1,1,1,1,2],"energy":3,"game_state":0,"hand":[1,0,2,1,0],"max_energy":3,"mobs":[{"def":0,"effects":[0,0,3,3],"hp":28,"max_hp":52,"move":1,"type":1}],"offpool":[],"player":{"def":0,"effects":[0,0,0,0],"hp":76,"max_hp":80},"pool":[0,1,0,0,1]}
play 1 0 
{"deck":[0,0,0,0,0,1,1,1,1,2],"energy":2,"game_state":0,"hand":[1,2,1,0],"max_energy":3,"mobs":[{"def":0,"effects":[0,0,3,3],"hp":22,"max_hp":52,"move":1,"type":1}],"offpool":[0],"player":{"def":0,"effects":[0,0,0,0],"hp":76,"max_hp":80},"pool":[0,1,0,0,1]}
play 3 0 
{"deck":[0,0,0,0,0,1,1,1,1,2],"energy":1,"game_state":0,"hand":[1,2,1],"max_energy":3,"mobs":[{"def":0,"effects":[0,0,3,3],"hp":16,"max_hp":52,"move":1,"type":1}],"offpool":[0,0],"player":{"def":0,"effects":[0,0,0,0],"hp":76,"max_hp":80},"pool":[0,1,0,0,1]}
play 0 
{"deck":[0,0,0,0,0,1,1,1,1,2],"energy":0,"game_state":0,"hand":[2,1],"max_energy":3,"mobs":[{"def":0,"effects":[0,0,3,3],"hp":16,"max_hp":52,"move":1,"type":1}],"offpool":[0,0,1],"player":{"def":5,"effects":[0,0,0,0],"hp":76,"max_hp":80},"pool":[0,1,0,0,1]}
end 
{"deck":[0,0,0,0,0,1,1,1,1,2],"energy":3,"game_state":0,"hand":[1,0,0,1,0],"max_energy":3,"mobs":[{"def":0,"effects":[0,0,6,3],"hp":16,"max_hp":52,"move":1,"type":1}],"offpool":[0,0,1,1,2],"player":{"def":0,"effects":[0,0,0,0],"hp":69,"max_hp":80},"pool":[]}
play 2 0 
{"deck":[0,0,0,0,0,1,1,1,1,2],"energy":2,"game_state":0,"hand":[1,0,1,0],"max_energy":3,"mobs":[{"def":0,"effects":[0,0,6,3],"hp":10,"max_hp":52,"move":1,"type":1}],"offpool":[0,0,1,1,2,0],"player":{"def":0,"effects":[0,0,0,0],"hp":69,"max_hp":80},"pool":[]}
play 1 0 
{"deck":[0,0,0,0,0,1,1,1,1,2],"energy":1,"game_state":0,"hand":[1,1,0],"max_energy":3,"mobs":[{"def":0,"effects":[0,0,6,3],"hp":4,"max_hp":52,"move":1,"type":1}],"offpool":[0,0,1,1,2,0,0],"player":{"def":0,"effects":[0,0,0,0],"hp":69,"max_hp":80},"pool":[]}
play 2 0 
{"deck":[0,0,0,0,0,1,1,1,1,2],"game_state":2,"max_energy":3,"player":{"def":0,"effects":[0,0,0,0],"hp":69,"max_hp":80}}
===============RESET===============
{"game_state":3}
play 1 
{"deck":[0,0,0,0,0,1,1,1,1,2],"energy":3,"game_state":0,"hand":[1,0,0,1,1],"max_energy":3,"mobs":[{"def":0,"effects":[0,0,0,0],"hp":48,"max_hp":48,"move":3,"type":1}],"offpool":[],"player":{"def":0,"effects":[0,0,0,0],"hp":80,"max_hp":80},"pool":[1,0,0,2,0]}
play 2 0 
{"deck":[0,0,0,0,0,1,1,1,1,2],"energy":2,"game_state":0,"hand":[1,0,1,1],"max_energy":3,"mobs":[{"def":0,"effects":[0,0,0,0],"hp":42,"max_hp":48,"move":3,"type":1}],"offpool":[0],"player":{"def":0,"effects":[0,0,0,0],"hp":80,"max_hp":80},"pool":[1,0,0,2,0]}
play 1 0 
{"deck":[0,0,0,0,0,1,1,1,1,2],"energy":1,"game_state":0,"hand":[1,1,1],"max_energy":3,"mobs":[{"def":0,"effects":[0,0,0,0],"hp":36,"max_hp":48,"move":3,"type":1}],"offpool":[0,0],"player":{"def":0,"effects":[0,0,0,0],"hp":80,"max_hp":80},"pool":[1,0,0,2,0]}
play 0 
{"deck":[0,0,0,0,0,1,1,1,1,2],"energy":0,"game_state":0,"hand":[1,1],"max_energy":3,"mobs":[{"def":0,"effects":[0,0,0,0],"hp":36,"max_hp":48,"move":3,"type":1}],"offpool":[0,0,1],"player":{"def":5,"effects":[0,0,0,0],"hp":80,"max_hp":80},"pool":[1,0,0,2,0]}
end 
{"deck":[0,0,0,0,0,1,1,1,1,2],"energy":3,"game_state":0,"hand":[0,2,0,0,1],"max_energy":3,"mobs":[{"def":0,"effects":[0,0,0,3],"hp":36,"max_hp":48,"move":1,"type":1}],"offpool":[0,0,1,1,1],"player":{"def":0,"effects":[0,0,0,0],"hp":80,"max_hp":80},"pool":[]}
play 0 0 
{"deck":[0,0,0,0,0,1,1,1,1,2],"energy":2,"game_state":0,"hand":[2,0,0,1],"max_energy":3,"mobs":[{"def":0,"effects":[0,0,0,3],"hp":30,"max_hp":48,"move":1,"type":1}],"offpool":[0,0,1,1,1,0],"player":{"def":0,"effects":[0,0,0,0],"hp":80,"max_hp":80},"pool":[]}
play 1 0 
{"deck":[0,0,0,0,0,1,1,1,1,2],"energy":1,"game_state":0,"hand":[2,0,1],"max_energy":3,"mobs":[{"def":0,"effects":[0,0,0,3],"hp":24,"max_hp":48,"move":1,"type":1}],"offpool":[0,0,1,1,1,0,0],"player":{"def":0,"effects":[0,0,0,0],"hp":80,"max_hp":80},"pool":[]}
play 2 
{"deck":[0,0,0,0,0,1,1,1,1,2],"energy":0,"game_state":0,"hand":[2,0],"max_energy":3,"mobs":[{"def":0,"effects":[0,0,0,3],"hp":24,"max_hp":48,"move":1,"type":1}],"offpool":[0,0,1,1,1,0,0,1],"player":{"def":5,"effects":[0,0,0,0],"hp":80,"max_hp":80},"pool":[]}
end 
{"deck":[0,0,0,0,0,1,1,1,1,2],"energy":3,"game_state":0,"hand":[2,1,0,1,0],"max_energy":3,"mobs":[{"def":0,"effects":[0,0,3,3],"hp":24,"max_hp":48,"move":1,"type":1}],"offpool":[],"player":{"def":0,"effects":[0,0,0,0],"hp":76,"max_hp":80},"pool":[1,1,0,0,0]}
play 2 0 
{"deck":[0,0,0,0,0,1,1,1,1,2],"energy":2,"game_state":0,"hand":[2,1,1,0],"max_energy":3,"mobs":[{"def":0,"effects":[0,0,3,3],"hp":18,"max_hp":48,"move":1,"type":1}],"offpool":[0],"player":{"def":0,"effects":[0,0,0,0],"hp":76,"max_hp":80},"pool":[1,1,0,0,0]}
play 3 0 
{"deck":[0,0,0,0,0,1,1,1,1,2],"energy":1,"game_state":0,"hand":[2,1,1],"max_energy":3,"mobs":[{"def":0,"effects":[0,0,3,3],"hp":12,"max_hp":48,"move":1,"type":1}],"offpool":[0,0],"player":{"def":0,"effects":[0,0,0,0],"hp":76,"max_hp":80},"pool":[1,1,0,0,0]}
play 2 
{"deck":[0,0,0,0,0,1,1,1,1,2],"energy":0,"game_state":0,"hand":[2,1],"max_energy":3,"mobs":[{"def":0,"effects":[0,0,3,3],"hp":12,"max_hp":48,"move":1,"type":1}],"offpool":[0,0,1],"player":{"def":5,"effects":[0,0,0,0],"hp":76,"max_hp":80},"pool":[1,1,0,0,0]}
end 
{"deck":[0,0,0,0,0,1,1,1,1,2],"energy":3,"game_state":0,"hand":[0,0,0,1,1],"max_energy":3,"mobs":[{"def":0,"effects":[0,0,6,3],"hp":12,"max_hp":48,"move":1,"type":1}],"offpool":[0,0,1,1,2],"player":{"def":0,"effects":[0,0,0,0],"hp":69,"max_hp":80},"pool":[]}
play 2 0 
{"deck":[0,0,0,0,0,1,1,1,1,2],"energy":2,"game_state":0,"hand":[0,0,1,1],"max_energy":3,"mobs":[{"def":0,"effects":[0,0,6,3],"hp":6,"max_hp":48,"move":1,"type":1}],"offpool":[0,0,1,1,2,0],"player":{"def":0,"effects":[0,0,0,0],"hp":69,"max_hp":80},"pool":[]}
play 1 0 
{"deck":[0,0,0,0,0,1,1,1,1,2],"game_state":2,"max_energy":3,"player":{"def":0,"effects":[0,0,0,0],"hp":69,"max_hp":80}}
===============RESET===============
{"game_state":3}
play 1 
{"deck":[0,0,0,0,0,1,1,1,1,2],"energy":3,"game_state":0,"hand":[0,1,0,1,0],"max_energy":3,"mobs":[{"def":0,"effects":[0,0,0,0],"hp":54,"max_hp":54,"move":3,"type":1}],"offpool":[],"player":{"def":0,"effects":[0,0,0,0],"hp":80,"max_hp":80},"pool":[0,1,0,2,1]}
play 2 0 
{"deck":[0,0,0,0,0,1,1,1,1,2],"energy":2,"game_state":0,"hand":[0,1,1,0],"max_energy":3,"mobs":[{"def":0,"effects":[0,0,0,0],"hp":48,"max_hp":54,"move":3,"type":1}],"offpool":[0],"player":{"def":0,"effects":[0,0,0,0],"hp":80,"max_hp":80},"pool":[0,1,0,2,1]}
play 0 0 
{"deck":[0,0,0,0,0,1,1,1,1,2],"energy":1,"game_state":0,"hand":[1,1,0],"max_energy":3,"mobs":[{"def":0,"effects":[0,0,0,0],"hp":42,"max_hp":54,"move":3,"type":1}],"offpool":[0,0],"player":{"def":0,"effects":[0,0,0,0],"hp":80,"max_hp":80},"pool":[0,1,0,2,1]}
play 2 0 
{"deck":[0,0,0,0,0,1,1,1,1,2],"energy":0,"game_state":0,"hand":[1,1],"max_energy":3,"mobs":[{"def":0,"effects":[0,0,0,0],"hp":36,"max_hp":54,"move":3,"type":1}],"offpool":[0,0,0],"player":{"def":0,"effects":[0,0,0,0],"hp":80,"max_hp":80},"pool":[0,1,0,2,1]}
end 
{"deck":[0,0,0,0,0,1,1,1,1,2],"energy":3,"game_state":0,"hand":[1,2,0,1,0],"max_energy":3,"mobs":[{"def":0,"effects":[0,0,0,3],"hp":36,"max_hp":54,"move":1,"type":1}],"offpool":[0,0,0,1,1],"player":{"def":0,"effects":[0,0,0,0],"hp":80,"max_hp":80},"pool":[]}
play 2 0 
{"deck":[0,0,0,0,0,1,1,1,1,2],"energy":2,"game_state":0,"hand":[1,2,1,0],"max_energy":3,"mobs":[{"def":0,"effects":[0,0,0,3],"hp":30,"max_hp":54,"move":1,"type":1}],"offpool":[0,0,0,1,1,0],"player":{"def":0,"effects":[0,0,0,0],"hp":80,"max_hp":80},"pool":[]}
play 3 0 
{"deck":[0,0,0,0,0,1,1,1,1,2],"energy":1,"game_state":0,"hand":[1,2,1],"max_energy":3,"mobs":[{"def":0,"effects":[0,0,0,3],"hp":24,"max_hp":54,"move":1,"type":1}],"offpool":[0,0,0,1,1,0,0],"player":{"def":0,"effects":[0,0,0,0],"hp":80,"max_hp":80},"pool":[]}
play 0 
{"deck":[0,0,0,0,0,1,1,1,1,2],"energy":0,"game_state":0,"hand":[2,1],"max_energy":3,"mobs":[{"def":0,"effects":[0,0,0,3],"hp":24,"max_hp":54,"move":1,"type":1}],"offpool":[0,0,0,1,1,0,0,1],"player":{"def":5,"effects":[0,0,0,0],"hp":80,"max_hp":80},"pool":[]}
end 
{"deck":[0,0,0,0,0,1,1,1,1,2],"energy":3,"game_state":0,"hand":[0,1,0,1,0],"max_energy":3,"mobs":[{"def":0,"effects":[0,0,3,3],"hp":24,"max_hp":54,"move":1,"type":1}],"offpool":[],"player":{"def":0,"effects":[0,0,0,0],"hp":76,"max_hp":80},"pool":[2,1,0,0,1]}
play 2 0 
{"deck":[0,0,0,0,0,1,1,1,1,2],"energy":2,"game_state":0,"hand":[0,1,1,0],"max_energy":3,"mobs":[{"def":0,"effects":[0,0,3,3],"hp":18,"max_hp":54,"move":1,"type":1}],"offpool":[0],"player":{"def":0,"effects":[0,0,0,0],"hp":76,"max_hp":80},"pool":[2,1,0,0,1]}
play 0 0 
{"deck":[0,0,0,0,0,1,1,1,1,2],"energy":1,"game_state":0,"hand":[1,1,0],"max_energy":3,"mobs":[{"def":0,"effects":[0,0,3,3],"hp":12,"max_hp":54,"move":1,"type":1}],"offpool":[0,0],"player":{"def":0,"effects":[0,0,0,0],"hp":76,"max_hp":80},"pool":[2,1,0,0,1]}
play 2 0 
{"deck":[0,0,0,0,0,1,1,1,1,2],"energy":0,"game_state":0,"hand":[1,1],"max_energy":3,"mobs":[{"def":0,"effects":[0,0,3,3],"hp":6,"max_hp":54,"move":1,"type":1}],"offpool":[0,0,0],"player":{"def":0,"effects":[0,0,0,0],"hp":76,"max_hp":80},"pool":[2,1,0,0,1]}
end 
{"deck":[0,0,0,0,0,1,1,1,1,2],"energy":3,"game_state":0,"hand":[1,0,0,1,2],"max_energy":3,"mobs":[{"def":0,"effects":[0,0,6,3],"hp":6,"max_hp":54,"move":1,"type":1}],"offpool":[0,0,0,1,1],"player":{"def":0,"effects":[0,0,0,0],"hp":64,"max_hp":80},"pool":[]}
play 2 0 
{"deck":[0,0,0,0,0,1,1,1,1,2],"game_state":2,"max_energy":3,"player":{"def":0,"effects":[0,0,0,0],"hp":64,"max_hp":80}}
===============RESET===============
{"game_state":3}
play 1 
{"deck":[0,0,0,0,0,1,1,1,1,2],"energy":3,"game_state":0,"hand":[1,0,0,1,0],"max_energy":3,"mobs":[{"def":0,"effects":[0,0,0,0],"hp":51,"max_hp":51,"move":3,"type":1}],"offpool":[],"player":{"def":0,"effects":[0,0,0,0],"hp":80,"max_hp":80},"pool":[1,2,0,1,0]}
play 2 0 
{"deck":[0,0,0,0,0,1,1,1,1,2],"energy":2,"game_state":0,"hand":[1,0,1,0],"max_energy":3,"mobs":[{"def":0,"effects":[0,0,0,0],"hp":45,"max_hp":51,"move":3,"type":1}],"offpool":[0],"player":{"def":0,"effects":[0,0,0,0],"hp":80,"max_hp":80},"pool":[1,2,0,1,0]}
play 1 0 
{"deck":[0,0,0,0,0,1,1,1,1,2],"energy":1,"game_state":0,"hand":[1,1,0],"max_energy":3,"mobs":[{"def":0,"effects":[0,0,0,0],"hp":39,"max_hp":51,"move":3,"type":1}],"offpool":[0,0],"player":{"def":0,"effects":[0,0,0,0],"hp":80,"max_hp":80},"pool":[1,2,0,1,0]}
play 2 0 
{"deck":[0,0,0,0,0,1,1,1,1,2],"energy":0,"game_state":0,"hand":[1,1],"max_energy":3,"mobs":[{"def":0,"effects":[0,0,0,0],"hp":33,"max_hp":51,"move":3,"type":1}],"offpool":[0,0,0],"player":{"def":0,"effects":[0,0,0,0],"hp":80,"max_hp":80},"pool":[1,2,0,1,0]}
end 
{"deck":[0,0,0,0,0,1,1,1,1,2],"energy":3,"game_state":0,"hand":[0,1,0,2,1],"max_energy":3,"mobs":[{"def":0,"effects":[0,0,0,3],"hp":33,"max_hp":51,"move":1,"type":1}],"offpool":[0,0,0,1,1],"player":{"def":0,"effects":[0,0,0,0],"hp":80,"max_hp":80},"pool":[]}
play 0 0 
{"deck":[0,0,0,0,0,1,1,1,1,2],"energy":2,"game_state":0,"hand":[1,0,2,1],"max_energy":3,"mobs":[{"def":0,"effects":[0,0,0,3],"hp":27,"max_hp":51,"move":1,"type":1}],"offpool":[0,0,0,1,1,0],"player":{"def":0,"effects":[0,0,0,0],"hp":80,"max_hp":80},"pool":[]}
play 1 0 
{"deck":[0,0,0,0,0,1,1,1,1,2],"energy":1,"game_state":0,"hand":[1,2,1],"max_energy":3,"mobs":[{"def":0,"effects":[0,0,0,3],"hp":21,"max_hp":51,"move":1,"type":1}],"offpool":[0,0,0,1,1,0,0],"player":{"def":0,"effects":[0,0,0,0],"hp":80,"max_hp":80},"pool":[]}
play 0 
{"deck":[0,0,0,0,0,1,1,1,1,2],"energy":0,"game_state":0,"hand":[2,1],"max_energy":3,"mobs":[{"def":0,"effects":[0,0,0,3],"hp":21,"max_hp":51,"move":1,"type":1}],"offpool":[0,0,0,1,1,0,0,1],"player":{"def":5,"effects":[0,0,0,0],"hp":80,"max_hp":80},"pool":[]}
end 
{"deck":[0,0,0,0,0,1,1,1,1,2],"energy":3,"game_state":0,"hand":[1,1,0,0,0],"max_energy":3,"mobs":[{"def":0,"effects":[0,0,3,3],"hp":21,"max_hp":51,"move":1,"type":1}],"offpool":[],"player":{"def":0,"effects":[0,0,0,0],"hp":76,"max_hp":80},"pool":[1,2,0,1,0]}
play 2 0 
{"deck":[0,0,0,0,0,1,1,1,1,2],"energy":2,"game_state":0,"hand":[1,1,0,0],"max_energy":3,"mobs":[{"def":0,"effects":[0,0,3,3],"hp":15,"max_hp":51,"move":1,"type":1}],"offpool":[0],"player":{"def":0,"effects":[0,0,0,0],"hp":76,"max_hp":80},"pool":[1,2,0,1,0]}
play 2 0 
{"deck":[0,0,0,0,0,1,1,1,1,2],"energy":1,"game_state":0,"hand":[1,1,0],"max_energy":3,"mobs":[{"def":0,"effects":[0,0,3,3],"hp":9,"max_hp":51,"move":1,"type":1}],"offpool":[0,0],"player":{"def":0,"effects":[0,0,0,0],"hp":76,"max_hp":80},"pool":[1,2,0,1,0]}
play 2 0 
{"deck":[0,0,0,0,0,1,1,1,1,2],"energy":0,"game_state":0,"hand":[1,1],"max_energy":3,"mobs":[{"def":0,"effects":[0,0,3,3],"hp":3,"max_hp":51,"move":1,"type":1}],"offpool":[0,0,0],"player":{"def":0,"effects":[0,0,0,0],"hp":76,"max_hp":80},"pool":[1,2,0,1,0]}
end 
{"deck":[0,0,0,0,0,1,1,1,1,2],"energy":3,"game_state":0,"hand":[0,1,0,2,1],"max_energy":3,"mobs":[{"def":0,"effects":[0,0,6,3],"hp":3,"max_hp":51,"move":1,"type":1}],"offpool":[0,0,0,1,1],"player":{"def":0,"effects":[0,0,0,0],"hp":64,"max_hp":80},"pool":[]}
play 2 0 
{"deck":[0,0,0,0,0,1,1,1,1,2],"game_state":2,"max_energy":3,"player":{"def":0,"effects":[0,0,0,0],"hp":64,"max_hp":80}}
===============RESET===============
{"game_state":3}
play 1 
{"deck":[0,0,0,0,0,1,1,1,1,2],"energy":3,"game_state":0,"hand":[0,1,0,2,0],"max_energy":3,"mobs":[{"def":0,"effects":[0,0,0,0],"hp":52,"max_hp":52,"move":3,"type":1}],"offpool":[],"player":{"def":0,"effects":[0,0,0,0],"hp":80,"max_hp":80},"pool":[0,1,1,0,1]}
play 2 0 
{"deck":[0,0,0,0,0,1,1,1,1,2],"energy":2,"game_state":0,"hand":[0,1,2,0],"max_energy":3,"mobs":[{"def":0,"effects":[0,0,0,0],"hp":46,"max_hp":52,"move":3,"type":1}],"offpool":[0],"player":{"def":0,"effects":[0,0,0,0],"hp":80,"max_hp":80},"pool":[0,1,1,0,1]}
play 0 0 
{"deck":[0,0,0,0,0,1,1,1,1,2],"energy":1,"game_state":0,"hand":[1,2,0],"max_energy":3,"mobs":[{"def":0,"effects":[0,0,0,0],"hp":40,"max_hp":52,"move":3,"type":1}],"offpool":[0,0],"player":{"def":0,"effects":[0,0,0,0],"hp":80,"max_hp":80},"pool":[0,1,1,0,1]}
end 
{"deck":[0,0,0,0,0,1,1,1,1,2],"energy":3,"game_state":0,"hand":[1,0,1,1,0],"max_energy":3,"mobs":[{"def":0,"effects":[0,0,0,3],"hp":40,"max_hp":52,"move":1,"type":1}],"offpool":[0,0,0,2,1],"player":{"def":0,"effects":[0,0,0,0],"hp":80,"max_hp":80},"pool":[]}
play 1 0 
{"deck":[0,0,0,0,0,1,1,1,1,2],"energy":2,"game_state":0,"hand":[1,1,1,0],"max_energy":3,"mobs":[{"def":0,"effects":[0,0,0,3],"hp":34,"max_hp":52,"move":1,"type":1}],"offpool":[0,0,0,2,1,0],"player":{"def":0,"effects":[0,0,0,0],"hp":80,"max_hp":80},"pool":[]}
play 3 0 
{"deck":[0,0,0,0,0,1,1,1,1,2],"energy":1,"game_state":0,"hand":[1,1,1],"max_energy":3,"mobs":[{"def":0,"effects":[0,0,0,3],"hp":28,"max_hp":52,"move":1,"type":1}],"offpool":[0,0,0,2,1,0,0],"player":{"def":0,"effects":[0,0,0,0],"hp":80,"max_hp":80},"pool":[]}
play 0 
{"deck":[0,0,0,0,0,1,1,1,1,2],"energy":0,"game_state":0,"hand":[1,1],"max_energy":3,"mobs":[{"def":0,"effects":[0,0,0,3],"hp":28,"max_hp":52,"move":1,"type":1}],"offpool":[0,0,0,2,1,0,0,1],"player":{"def":5,"effects":[0,0,0,0],"hp":80,"max_hp":80},"pool":[]}
end 
{"deck":[0,0,0,0,0,1,1,1,1,2],"energy":3,"game_state":0,"hand":[0,0,1,1,0],"max_energy":3,"mobs":[{"def":0,"effects":[0,0,3,3],"hp":28,"max_hp":52,"move":1,"type":1}],"offpool":[],"player":{"def":0,"effects":[0,0,0,0],"hp":76,"max_hp":80},"pool":[0,1,1,0,2]}
play 1 0 
{"deck":[0,0,0,0,0,1,1,1,1,2],"energy":2,"game_state":0,"hand":[0,1,1,0],"max_energy":3,"mobs":[{"def":0,"effects":[0,0,3,3],"hp":22,"max_hp":52,"move":1,"type":1}],"offpool":[0],"player":{"def":0,"effects":[0,0,0,0],"hp":76,"max_hp":80},"pool":[0,1,1,0,2]}
play 0 0 
{"deck":[0,0,0,0,0,1,1,1,1,2],"energy":1,"game_state":0,"hand":[1,1,0],"max_energy":3,"mobs":[{"def":0,"effects":[0,0,3,3],"hp":16,"max_hp":52,"move":1,"type":1}],"offpool":[0,0],"player":{"def":0,"effects":[0,0,0,0],"hp":76,"max_hp":80},"pool":[0,1,1,0,2]}
play 2 0 
{"deck":[0,0,0,0,0,1,1,1,1,2],"energy":0,"game_state":0,"hand":[1,1],"max_energy":3,"mobs":[{"def":0,"effects":[0,0,3,3],"hp":10,"max_hp":52,"move":1,"type":1}],"offpool":[0,0,0],"player":{"def":0,"effects":[0,0,0,0],"hp":76,"max_hp":80},"pool":[0,1,1,0,2]}
end 
{"deck":[0,0,0,0,0,1,1,1,1,2],"energy":3,"game_state":0,"hand":[2,0,1,1,0],"max_energy":3,"mobs":[{"def":0,"effects":[0,0,6,3],"hp":10,"max_hp":52,"move":1,"type":1}],"offpool":[0,0,0,1,1],"player":{"def":0,"effects":[0,0,0,0],"hp":64,"max_hp":80},"pool":[]}
play 1 0 
{"deck":[0,0,0,0,0,1,1,1,1,2],"energy":2,"game_state":0,"hand":[2,1,1,0],"max_energy":3,"mobs":[{"def":0,"effects":[0,0,6,3],"hp":4,"max_hp":52,"move":1,"type":1}],"offpool":[0,0,0,1,1,0],"player":{"def":0,"effects":[0,0,0,0],"hp":64,"max_hp":80},"pool":[]}
play 3 0 
{"deck":[0,0,0,0,0,1,1,1,1,2],"game_state":2,"max_energy":3,"player":{"def":0,"effects":[0,0,0,0],"hp":64,"max_hp":80}}
===============RESET===============
{"game_state":3}
play 1 
{"deck":[0,0,0,0,0,1,1,1,1,2],"energy":3,"game_state":0,"hand":[0,1,0,1,0],"max_energy":3,"mobs":[{"def":0,"effects":[0,0,0,0],"hp":48,"max_hp":48,"move":3,"type":1}],"offpool":[],"player":{"def":0,"effects":[0,0,0,0],"hp":80,"max_hp":80},"pool":[0,1,0,2,1]}
play 2 0 
{"deck":[0,0,0,0,0,1,1,1,1,2],"energy":2,"game_state":0,"hand":[0,1,1,0],"max_energy":3,"mobs":[{"def":0,"effects":[0,0,0,0],"hp":42,"max_hp":48,"move":3,"type":1}],"offpool":[0],"player":{"def":0,"effects":[0,0,0,0],"hp":80,"max_hp":80},"pool":[0,1,0,2,1]}
play 0 0 
{"deck":[0,0,0,0,0,1,1,1,1,2],"energy":1,"game_state":0,"hand":[1,1,0],"max_energy":3,"mobs":[{"def":0,"effects":[0,0,0,0],"hp":36,"max_hp":48,"move":3,"type":1}],"offpool":[0,0],"player":{"def":0,"effects":[0,0,0,0],"hp":80,"max_hp":80},"pool":[0,1,0,2,1]}
play 2 0 
{"deck":[0,0,0,0,0,1,1,1,1,2],"energy":0,"game_state":0,"hand":[1,1],"max_energy":3,"mobs":[{"def":0,"effects":[0,0,0,0],"hp":30,"max_hp":48,"move":3,"type":1}],"offpool":[0,0,0],"player":{"def":0,"effects":[0,0,0,0],"hp":80,"max_hp":80},"pool":[0,1,0,2,1]}
end 
{"deck":[0,0,0,0,0,1,1,1,1,2],"energy":3,"game_state":0,"hand":[1,2,0,1,0],"max_energy":3,"mobs":[{"def":0,"effects":[0,0,0,3],"hp":30,"max_hp":48,"move":1,"type":1}],"offpool":[0,0,0,1,1],"player":{"def":0,"effects":[0,0,0,0],"hp":80,"max_hp":80},"pool":[]}
play 2 0 
{"deck":[0,0,0,0,0,1,1,1,1,2],"energy":2,"game_state":0,"hand":[1,2,1,0],"max_energy":3,"mobs":[{"def":0,"effects":[0,0,0,3],"hp":24,"max_hp":48,"move":1,"type":1}],"offpool":[0,0,0,1,1,0],"player":{"def":0,"effects":[0,0,0,0],"hp":80,"max_hp":80},"pool":[]}
play 3 0 
{"deck":[0,0,0,0,0,1,1,1,1,2],"energy":1,"game_state":0,"hand":[1,2,1],"max_energy":3,"mobs":[{"def":0,"effects":[0,0,0,3],"hp":18,"max_hp":48,"move":1,"type":1}],"offpool":[0,0,0,1,1,0,0],"player":{"def":0,"effects":[0,0,0,0],"hp":80,"max_hp":80},"pool":[]}
play 0 
{"deck":[0,0,0,0,0,1,1,1,1,2],"energy":0,"game_state":0,"hand":[2,1],"max_energy":3,"mobs":[{"def":0,"effects":[0,0,0,3],"hp":18,"max_hp":48,"move":1,"type":1}],"offpool":[0,0,0,1,1,0,0,1],"player":{"def":5,"effects":[0,0,0,0],"hp":80,"max_hp":80},"pool":[]}
end 
{"deck":[0,0,0,0,0,1,1,1,1,2],"energy":3,"game_state":0,"hand":[2,0,0,0,1],"max_energy":3,"mobs":[{"def":0,"effects":[0,0,3,3],"hp":18,"max_hp":48,"move":1,"type":1}],"offpool":[],"player":{"def":0,"effects":[0,0,0,0],"hp":76,"max_hp":80},"pool":[0,1,0,1,1]}
play 2 0 
{"deck":[0,0,0,0,0,1,1,1,1,2],"energy":2,"game_state":0,"hand":[2,0,0,1],"max_energy":3,"mobs":[{"def":0,"effects":[0,0,3,3],"hp":12,"max_hp":48,"move":1,"type":1}],"offpool":[0],"player":{"def":0,"effects":[0,0,0,0],"hp":76,"max_hp":80},"pool":[0,1,0,1,1]}
play 1 0 
{"deck":[0,0,0,0,0,1,1,1,1,2],"energy":1,"game_state":0,"hand":[2,0,1],"max_energy":3,"mobs":[{"def":0,"effects":[0,0,3,3],"hp":6,"max_hp":48,"move":1,"type":1}],"offpool":[0,0],"player":{"def":0,"effects":[0,0,0,0],"hp":76,"max_hp":80},"pool":[0,1,0,1,1]}
play 2 
{"deck":[0,0,0,0,0,1,1,1,1,2],"energy":0,"game_state":0,"hand":[2,0],"max_energy":3,"mobs":[{"def":0,"effects":[0,0,3,3],"hp":6,"max_hp":48,"move":1,"type":1}],"offpool":[0,0,1],"player":{"def":5,"effects":[0,0,0,0],"hp":76,"max_hp":80},"pool":[0,1,0,1,1]}
end 
{"deck":[0,0,0,0,0,1,1,1,1,2],"energy":3,"game_state":0,"hand":[1,1,0,1,0],"max_energy":3,"mobs":[{"def":0,"effects":[0,0,6,3],"hp":6,"max_hp":48,"move":1,"type":1}],"offpool":[0,0,1,0,2],"player":{"def":0,"effects":[0,0,0,0],"hp":69,"max_hp":80},"pool":[]}
play 2 0 
{"deck":[0,0,0,0,0,1,1,1,1,2],"game_state":2,"max_energy":3,"player":{"def":0,"effects":[0,0,0,0],"hp":69,"max_hp":80}}
===============RESET===============
{"game_state":3}
play 1 
{"deck":[0,0,0,0,0,1,1,1,1,2],"energy":3,"game_state":0,"hand":[0,2,0,1,1],"max_energy":3,"mobs":[{"def":0,"effects":[0,0,0,0],"hp":52,"max_hp":52,"move":3,"type":1}],"offpool":[],"player":{"def":0,"effects":[0,0,0,0],"hp":80,"max_hp":80},"pool":[0,0,1,1,0]}
play 2 0 
{"deck":[0,0,0,0,0,1,1,1,1,2],"energy":2,"game_state":0,"hand":[0,2,1,1],"max_energy":3,"mobs":[{"def":0,"effects":[0,0,0,0],"hp":46,"max_hp":52,"move":3,"type":1}],"offpool":[0],"player":{"def":0,"effects":[0,0,0,0],"hp":80,"max_hp":80},"pool":[0,0,1,1,0]}
play 0 0 
{"deck":[0,0,0,0,0,1,1,1,1,2],"energy":1,"game_state":0,"hand":[2,1,1],"max_energy":3,"mobs":[{"def":0,"effects":[0,0,0,0],"hp":40,"max_hp":52,"move":3,"type":1}],"offpool":[0,0],"player":{"def":0,"effects":[0,0,0,0],"hp":80,"max_hp":80},"pool":[0,0,1,1,0]}
end 
{"deck":[0,0,0,0,0,1,1,1,1,2],"energy":3,"game_state":0,"hand":[0,1,1,0,0],"max_energy":3,"mobs":[{"def":0,"effects":[0,0,0,3],"hp":40,"max_hp":52,"move":1,"type":1}],"offpool":[0,0,1,1,2],"player":{"def":0,"effects":[0,0,0,0],"hp":80,"max_hp":80},"pool":[]}
play 0 0 
{"deck":[0,0,0,0,0,1,1,1,1,2],"energy":2,"game_state":0,"hand":[1,1,0,0],"max_energy":3,"mobs":[{"def":0,"effects":[0,0,0,3],"hp":34,"max_hp":52,"move":1,"type":1}],"offpool":[0,0,1,1,2,0],"player":{"def":0,"effects":[0,0,0,0],"hp":80,"max_hp":80},"pool":[]}
play 2 0 
{"deck":[0,0,0,0,0,1,1,1,1,2],"energy":1,"game_state":0,"hand":[1,1,0],"max_energy":3,"mobs":[{"def":0,"effects":[0,0,0,3],"hp":28,"max_hp":52,"move":1,"type":1}],"offpool":[0,0,1,1,2,0,0],"player":{"def":0,"effects":[0,0,0,0],"hp":80,"max_hp":80},"pool":[]}
play 2 0 
{"deck":[0,0,0,0,0,1,1,1,1,2],"energy":0,"game_state":0,"hand":[1,1],"max_energy":3,"mobs":[{"def":0,"effects":[0,0,0,3],"hp":22,"max_hp":52,"move":1,"type":1}],"offpool":[0,0,1,1,2,0,0,0],"player":{"def":0,"effects":[0,0,0,0],"hp":80,"max_hp":80},"pool":[]}
end 
{"deck":[0,0,0,0,0,1,1,1,1,2],"energy":3,"game_state":0,"hand":[1,0,0,0,2],"max_energy":3,"mobs":[{"def":0,"effects":[0,0,3,3],"hp":22,"max_hp":52,"move":1,"type":1}],"offpool":[],"player":{"def":0,"effects":[0,0,0,0],"hp":71,"max_hp":80},"pool":[1,1,0,0,1]}
play 2 0 
{"deck":[0,0,0,0,0,1,1,1,1,2],"energy":2,"game_state":0,"hand":[1,0,0,2],"max_energy":3,"mobs":[{"def":0,"effects":[0,0,3,3],"hp":16,"max_hp":52,"move":1,"type":1}],"offpool":[0],"player":{"def":0,"effects":[0,0,0,0],"hp":71,"max_hp":80},"pool":[1,1,0,0,1]}
play 1 0 
{"deck":[0,0,0,0,0,1,1,1,1,2],"energy":1,"game_state":0,"hand":[1,0,2],"max_energy":3,"mobs":[{"def":0,"effects":[0,0,3,3],"hp":10,"max_hp":52,"move":1,"type":1}],"offpool":[0,0],"player":{"def":0,"effects":[0,0,0,0],"hp":71,"max_hp":80},"pool":[1,1,0,0,1]}
play 1 0 
{"deck":[0,0,0,0,0,1,1,1,1,2],"energy":0,"game_state":0,"hand":[1,2],"max_energy":3,"mobs":[{"def":0,"effects":[0,0,3,3],"hp":4,"max_hp":52,"move":1,"type":1}],"offpool":[0,0,0],"player":{"def":0,"effects":[0,0,0,0],"hp":71,"max_hp":80},"pool":[1,1,0,0,1]}
end 
{"deck":[0,0,0,0,0,1,1,1,1,2],"energy":3,"game_state":0,"hand":[1,0,0,1,1],"max_energy":3,"mobs":[{"def":0,"effects":[0,0,6,3],"hp":4,"max_hp":52,"move":1,"type":1}],"offpool":[0,0,0,2,1],"player":{"def":0,"effects":[0,0,0,0],"hp":59,"max_hp":80},"pool":[]}
play 2 0 
{"deck":[0,0,0,0,0,1,1,1,1,2],"game_state":2,"max_energy":3,"player":{"def":0,"effects":[0,0,0,0],"hp":59,"max_hp":80}}
===============RESET===============
{"game_state":3}
play 1 
{"deck":[0,0,0,0,0,1,1,1,1,2],"energy":3,"game_state":0,"hand":[2,0,1,1,0],"max_energy":3,"mobs":[{"def":0,"effects":[0,0,0,0],"hp":53,"max_hp":53,"move":3,"type":1}],"offpool":[],"player":{"def":0,"effects":[0,0,0,0],"hp":80,"max_hp":80},"pool":[1,1,0,0,0]}
play 1 0 
{"deck":[0,0,0,0,0,1,1,1,1,2],"energy":2,"game_state":0,"hand":[2,1,1,0],"max_energy":3,"mobs":[{"def":0,"effects":[0,0,0,0],"hp":47,"max_hp":53,"move":3,"type":1}],"offpool":[0],"player":{"def":0,"effects":[0,0,0,0],"hp":80,"max_hp":80},"pool":[1,1,0,0,0]}
play 3 0 
{"deck":[0,0,0,0,0,1,1,1,1,2],"energy":1,"game_state":0,"hand":[2,1,1],"max_energy":3,"mobs":[{"def":0,"effects":[0,0,0,0],"hp":41,"max_hp":53,"move":3,"type":1}],"offpool":[0,0],"player":{"def":0,"effects":[0,0,0,0],"hp":80,"max_hp":80},"pool":[1,1,0,0,0]}
end 
{"deck":[0,0,0,0,0,1,1,1,1,2],"energy":3,"game_state":0,"hand":[0,0,0,1,1],"max_energy":3,"mobs":[{"def":0,"effects":[0,0,0,3],"hp":41,"max_hp":53,"move":1,"type":1}],"offpool":[0,0,1,1,2],"player":{"def":0,"effects":[0,0,0,0],"hp":80,"max_hp":80},"pool":[]}
play 2 0 
{"deck":[0,0,0,0,0,1,1,1,1,2],"energy":2,"game_state":0,"hand":[0,0,1,1],"max_energy":3,"mobs":[{"def":0,"effects":[0,0,0,3],"hp":35,"max_hp":53,"move":1,"type":1}],"offpool":[0,0,1,1,2,0],"player":{"def":0,"effects":[0,0,0,0],"hp":80,"max_hp":80},"pool":[]}
play 0 0 
{"deck":[0,0,0,0,0,1,1,1,1,2],"energy":1,"game_state":0,"hand":[0,1,1],"max_energy":3,"mobs":[{"def":0,"effects":[0,0,0,3],"hp":29,"max_hp":53,"move":1,"type":1}],"offpool":[0,0,1,1,2,0,0],"player":{"def":0,"effects":[0,0,0,0],"hp":80,"max_hp":80},"pool":[]}
play 0 0 
{"deck":[0,0,0,0,0,1,1,1,1,2],"energy":0,"game_state":0,"hand":[1,1],"max_energy":3,"mobs":[{"def":0,"effects":[0,0,0,3],"hp":23,"max_hp":53,"move":1,"type":1}],"offpool":[0,0,1,1,2,0,0,0],"player":{"def":0,"effects":[0,0,0,0],"hp":80,"max_hp":80},"pool":[]}
end 
{"deck":[0,0,0,0,0,1,1,1,1,2],"energy":3,"game_state":0,"hand":[2,1,0,0,1],"max_energy":3,"mobs":[{"def":0,"effects":[0,0,3,3],"hp":23,"max_hp":53,"move":1,"type":1}],"offpool":[],"player":{"def":0,"effects":[0,0,0,0],"hp":71,"max_hp":80},"pool":[0,1,0,1,0]}
play 2 0 
{"deck":[0,0,0,0,0,1,1,1,1,2],"energy":2,"game_state":0,"hand":[2,1,0,1],"max_energy":3,"mobs":[{"def":0,"effects":[0,0,3,3],"hp":17,"max_hp":53,"move":1,"type":1}],"offpool":[0],"player":{"def":0,"effects":[0,0,0,0],"hp":71,"max_hp":80},"pool":[0,1,0,1,0]}
play 2 0 
{"deck":[0,0,0,0,0,1,1,1,1,2],"energy":1,"game_state":0,"hand":[2,1,1],"max_energy":3,"mobs":[{"def":0,"effects":[0,0,3,3],"hp":11,"max_hp":53,"move":1,"type":1}],"offpool":[0,0],"player":{"def":0,"effects":[0,0,0,0],"hp":71,"max_hp":80},"pool":[0,1,0,1,0]}
play 2 
{"deck":[0,0,0,0,0,1,1,1,1,2],"energy":0,"game_state":0,"hand":[2,1],"max_energy":3,"mobs":[{"def":0,"effects":[0,0,3,3],"hp":11,"max_hp":53,"move":1,"type":1}],"offpool":[0,0,1],"player":{"def":5,"effects":[0,0,0,0],"hp":71,"max_hp":80},"pool":[0,1,0,1,0]}
end 
{"deck":[0,0,0,0,0,1,1,1,1,2],"energy":3,"game_state":0,"hand":[0,1,0,1,0],"max_energy":3,"mobs":[{"def":0,"effects":[0,0,6,3],"hp":11,"max_hp":53,"move":1,"type":1}],"offpool":[0,0,1,1,2],"player":{"def":0,"effects":[0,0,0,0],"hp":64,"max_hp":80},"pool":[]}
play 2 0 
{"deck":[0,0,0,0,0,1,1,1,1,2],"energy":2,"game_state":0,"hand":[0,1,1,0],"max_energy":3,"mobs":[{"def":0,"effects":[0,0,6,3],"hp":5,"max_hp":53,"move":1,"type":1}],"offpool":[0,0,1,1,2,0],"player":{"def":0,"effects":[0,0,0,0],"hp":64,"max_hp":80},"pool":[]}
play 0 0 
{"deck":[0,0,0,0,0,1,1,1,1,2],"game_state":2,"max_energy":3,"player":{"def":0,"effects":[0,0,0,0],"hp":64,"max_hp":80}}
===============RESET===============
{"game_state":3}
play 1 
{"deck":[0,0,0,0,0,1,1,1,1,2],"energy":3,"game_state":0,"hand":[0,2,1,1,0],"max_energy":3,"mobs":[{"def":0,"effects":[0,0,0,0],"hp":53,"max_hp":53,"move":3,"type":1}],"offpool":[],"player":{"def":0,"effects":[0,0,0,0],"hp":80,"max_hp":80},"pool":[0,0,1,0,1]}
play 0 0 
{"deck":[0,0,0,0,0,1,1,1,1,2],"energy":2,"game_state":0,"hand":[2,1,1,0],"max_energy":3,"mobs":[{"def":0,"effects":[0,0,0,0],"hp":47,"max_hp":53,"move":3,"type":1}],"offpool":[0],"player":{"def":0,"effects":[0,0,0,0],"hp":80,"max_hp":80},"pool":[0,0,1,0,1]}
play 3 0 
{"deck":[0,0,0,0,0,1,1,1,1,2],"energy":1,"game_state":0,"hand":[2,1,1],"max_energy":3,"mobs":[{"def":0,"effects":[0,0,0,0],"hp":41,"max_hp":53,"move":3,"type":1}],"offpool":[0,0],"player":{"def":0,"effects":[0,0,0,0],"hp":80,"max_hp":80},"pool":[0,0,1,0,1]}
end 
{"deck":[0,0,0,0,0,1,1,1,1,2],"energy":3,"game_state":0,"hand":[1,0,1,0,0],"max_energy":3,"mobs":[{"def":0,"effects":[0,0,0,3],"hp":41,"max_hp":53,"move":1,"type":1}],"offpool":[0,0,1,1,2],"player":{"def":0,"effects":[0,0,0,0],"hp":80,"max_hp":80},"pool":[]}
play 1 0 
{"deck":[0,0,0,0,0,1,1,1,1,2],"energy":2,"game_state":0,"hand":[1,1,0,0],"max_energy":3,"mobs":[{"def":0,"effects":[0,0,0,3],"hp":35,"max_hp":53,"move":1,"type":1}],"offpool":[0,0,1,1,2,0],"player":{"def":0,"effects":[0,0,0,0],"hp":80,"max_hp":80},"pool":[]}
play 2 0 
{"deck":[0,0,0,0,0,1,1,1,1,2],"energy":1,"game_state":0,"hand":[1,1,0],"max_energy":3,"mobs":[{"def":0,"effects":[0,0,0,3],"hp":29,"max_hp":53,"move":1,"type":1}],"offpool":[0,0,1,1,2,0,0],"player":{"def":0,"effects":[0,0,0,0],"hp":80,"max_hp":80},"pool":[]}
play 2 0 
{"deck":[0,0,0,0,0,1,1,1,1,2],"energy":0,"game_state":0,"hand":[1,1],"max_energy":3,"mobs":[{"def":0,"effects":[0,0,0,3],"hp":23,"max_hp":53,"move":1,"type":1}],"offpool":[0,0,1,1,2,0,0,0],"player":{"def":0,"effects":[0,0,0,0],"hp":80,"max_hp":80},"pool":[]}
end 
{"deck":[0,0,0,0,0,1,1,1,1,2],"energy":3,"game_state":0,"hand":[1,0,2,1,0],"max_energy":3,"mobs":[{"def":0,"effects":[0,0,3,3],"hp":23,"max_hp":53,"move":1,"type":1}],"offpool":[],"player":{"def":0,"effects":[0,0,0,0],"hp":71,"max_hp":80},"pool":[1,1,0,0,0]}
play 1 0 
{"deck":[0,0,0,0,0,1,1,1,1,2],"energy":2,"game_state":0,"hand":[1,2,1,0],"max_energy":3,"mobs":[{"def":0,"effects":[0,0,3,3],"hp":17,"max_hp":53,"move":1,"type":1}],"offpool":[0],"player":{"def":0,"effects":[0,0,0,0],"hp":71,"max_hp":80},"pool":[1,1,0,0,0]}
play 3 0 
{"deck":[0,0,0,0,0,1,1,1,1,2],"energy":1,"game_state":0,"hand":[1,2,1],"max_energy":3,"mobs":[{"def":0,"effects":[0,0,3,3],"hp":11,"max_hp":53,"move":1,"type":1}],"offpool":[0,0],"player":{"def":0,"effects":[0,0,0,0],"hp":71,"max_hp":80},"pool":[1,1,0,0,0]}
play 0 
{"deck":[0,0,0,0,0,1,1,1,1,2],"energy":0,"game_state":0,"hand":[2,1],"max_energy":3,"mobs":[{"def":0,"effects":[0,0,3,3],"hp":11,"max_hp":53,"move":1,"type":1}],"offpool":[0,0,1],"player":{"def":5,"effects":[0,0,0,0],"hp":71,"max_hp":80},"pool":[1,1,0,0,0]}
end 
{"deck":[0,0,0,0,0,1,1,1,1,2],"energy":3,"game_state":0,"hand":[0,0,0,1,1],"max_energy":3,"mobs":[{"def":0,"effects":[0,0,6,3],"hp":11,"max_hp":53,"move":1,"type":1}],"offpool":[0,0,1,1,2],"player":{"def":0,"effects":[0,0,0,0],"hp":64,"max_hp":80},"pool":[]}
play 2 0 
{"deck":[0,0,0,0,0,1,1,1,1,2],"energy":2,"game_state":0,"hand":[0,0,1,1],"max_energy":3,"mobs":[{"def":0,"effects":[0,0,6,3],"hp":5,"max_hp":53,"move":1,"type":1}],"offpool":[0,0,1,1,2,0],"player":{"def":0,"effects":[0,0,0,0],"hp":64,"max_hp":80},"pool":[]}
play 1 0 
{"deck":[0,0,0,0,0,1,1,1,1,2],"game_state":2,"max_energy":3,"player":{"def":0,"effects":[0,0,0,0],"hp":64,"max_hp":80}}
===============RESET===============
{"game_state":3}
play 1 
{"deck":[0,0,0,0,0,1,1,1,1,2],"energy":3,"game_state":0,"hand":[2,1,0,1,1],"max_energy":3,"mobs":[{"def":0,"effects":[0,0,0,0],"hp":51,"max_hp":51,"move":3,"type":1}],"offpool":[],"player":{"def":0,"effects":[0,0,0,0],"hp":80,"max_hp":80},"pool":[1,0,0,0,0]}
play 2 0 
{"deck":[0,0,0,0,0,1,1,1,1,2],"energy":2,"game_state":0,"hand":[2,1,1,1],"max_energy":3,"mobs":[{"def":0,"effects":[0,0,0,0],"hp":45,"max_hp":51,"move":3,"type":1}],"offpool":[0],"player":{"def":0,"effects":[0,0,0,0],"hp":80,"max_hp":80},"pool":[1,0,0,0,0]}
end 
{"deck":[0,0,0,0,0,1,1,1,1,2],"energy":3,"game_state":0,"hand":[0,0,0,0,1],"max_energy":3,"mobs":[{"def":0,"effects":[0,0,0,3],"hp":45,"max_hp":51,"move":1,"type":1}],"offpool":[0,1,1,1,2],"player":{"def":0,"effects":[0,0,0,0],"hp":80,"max_hp":80},"pool":[]}
play 1 0 
{"deck":[0,0,0,0,0,1,1,1,1,2],"energy":2,"game_state":0,"hand":[0,0,0,1],"max_energy":3,"mobs":[{"def":0,"effects":[0,0,0,3],"hp":39,"max_hp":51,"move":1,"type":1}],"offpool":[0,1,1,1,2,0],"player":{"def":0,"effects":[0,0,0,0],"hp":80,"max_hp":80},"pool":[]}
play 1 0 
{"deck":[0,0,0,0,0,1,1,1,1,2],"energy":1,"game_state":0,"hand":[0,0,1],"max_energy":3,"mobs":[{"def":0,"effects":[0,0,0,3],"hp":33,"max_hp":51,"move":1,"type":1}],"offpool":[0,1,1,1,2,0,0],"player":{"def":0,"effects":[0,0,0,0],"hp":80,"max_hp":80},"pool":[]}
play 1 0 
{"deck":[0,0,0,0,0,1,1,1,1,2],"energy":0,"game_state":0,"hand":[0,1],"max_energy":3,"mobs":[{"def":0,"effects":[0,0,0,3],"hp":27,"max_hp":51,"move":1,"type":1}],"offpool":[0,1,1,1,2,0,0,0],"player":{"def":0,"effects":[0,0,0,0],"hp":80,"max_hp":80},"pool":[]}
end 
{"deck":[0,0,0,0,0,1,1,1,1,2],"energy":3,"game_state":0,"hand":[1,0,1,1,0],"max_energy":3,"mobs":[{"def":0,"effects":[0,0,3,3],"hp":27,"max_hp":51,"move":1,"type":1}],"offpool":[],"player":{"def":0,"effects":[0,0,0,0],"hp":71,"max_hp":80},"pool":[1,0,2,0,0]}
play 1 0 
{"deck":[0,0,0,0,0,1,1,1,1,2],"energy":2,"game_state":0,"hand":[1,1,1,0],"max_energy":3,"mobs":[{"def":0,"effects":[0,0,3,3],"hp":21,"max_hp":51,"move":1,"type":1}],"offpool":[0],"player":{"def":0,"effects":[0,0,0,0],"hp":71,"max_hp":80},"pool":[1,0,2,0,0]}
play 3 0 
{"deck":[0,0,0,0,0,1,1,1,1,2],"energy":1,"game_state":0,"hand":[1,1,1],"max_energy":3,"mobs":[{"def":0,"effects":[0,0,3,3],"hp":15,"max_hp":51,"move":1,"type":1}],"offpool":[0,0],"player":{"def":0,"effects":[0,0,0,0],"hp":71,"max_hp":80},"pool":[1,0,2,0,0]}
play 0 
{"deck":[0,0,0,0,0,1,1,1,1,2],"energy":0,"game_state":0,"hand":[1,1],"max_energy":3,"mobs":[{"def":0,"effects":[0,0,3,3],"hp":15,"max_hp":51,"move":1,"type":1}],"offpool":[0,0,1],"player":{"def":5,"effects":[0,0,0,0],"hp":71,"max_hp":80},"pool":[1,0,2,0,0]}
end 
{"deck":[0,0,0,0,0,1,1,1,1,2],"energy":3,"game_state":0,"hand":[0,0,2,0,1],"max_energy":3,"mobs":[{"def":0,"effects":[0,0,6,3],"hp":15,"max_hp":51,"move":1,"type":1}],"offpool":[0,0,1,1,1],"player":{"def":0,"effects":[0,0,0,0],"hp":64,"max_hp":80},"pool":[]}
play 0 0 
{"deck":[0,0,0,0,0,1,1,1,1,2],"energy":2,"game_state":0,"hand":[0,2,0,1],"max_energy":3,"mobs":[{"def":0,"effects":[0,0,6,3],"hp":9,"max_hp":51,"move":1,"type":1}],"offpool":[0,0,1,1,1,0],"player":{"def":0,"effects":[0,0,0,0],"hp":64,"max_hp":80},"pool":[]}
play 2 0 
{"deck":[0,0,0,0,0,1,1,1,1,2],"energy":1,"game_state":0,"hand":[0,2,1],"max_energy":3,"mobs":[{"def":0,"effects":[0,0,6,3],"hp":3,"max_hp":51,"move":1,"type":1}],"offpool":[0,0,1,1,1,0,0],"player":{"def":0,"effects":[0,0,0,0],"hp":64,"max_hp":80},"pool":[]}
play 0 0 
{"deck":[0,0,0,0,0,1,1,1,1,2],"game_state":2,"max_energy":3,"player":{"def":0,"effects":[0,0,0,0],"hp":64,"max_hp":80}}
===============RESET===============
{"game_state":3}
play 1 
{"deck":[0,0,0,0,0,1,1,1,1,2],"energy":3,"game_state":0,"hand":[1,1,1,0,1],"max_energy":3,"mobs":[{"def":0,"effects":[0,0,0,0],"hp":52,"max_hp":52,"move":3,"type":1}],"offpool":[],"player":{"def":0,"effects":[0,0,0,0],"hp":80,"max_hp":80},"pool":[0,0,0,0,2]}
play 3 0 
{"deck":[0,0,0,0,0,1,1,1,1,2],"energy":2,"game_state":0,"hand":[1,1,1,1],"max_energy":3,"mobs":[{"def":0,"effects":[0,0,0,0],"hp":46,"max_hp":52,"move":3,"type":1}],"offpool":[0],"player":{"def":0,"effects":[0,0,0,0],"hp":80,"max_hp":80},"pool":[0,0,0,0,2]}
end 
{"deck":[0,0,0,0,0,1,1,1,1,2],"energy":3,"game_state":0,"hand":[2,0,0,0,0],"max_energy":3,"mobs":[{"def":0,"effects":[0,0,0,3],"hp":46,"max_hp":52,"move":1,"type":1}],"offpool":[0,1,1,1,1],"player":{"def":0,"effects":[0,0,0,0],"hp":80,"max_hp":80},"pool":[]}
play 1 0 
{"deck":[0,0,0,0,0,1,1,1,1,2],"energy":2,"game_state":0,"hand":[2,0,0,0],"max_energy":3,"mobs":[{"def":0,"effects":[0,0,0,3],"hp":40,"max_hp":52,"move":1,"type":1}],"offpool":[0,1,1,1,1,0],"player":{"def":0,"effects":[0,0,0,0],"hp":80,"max_hp":80},"pool":[]}
play 1 0 
{"deck":[0,0,0,0,0,1,1,1,1,2],"energy":1,"game_state":0,"hand":[2,0,0],"max_energy":3,"mobs":[{"def":0,"effects":[0,0,0,3],"hp":34,"max_hp":52,"move":1,"type":1}],"offpool":[0,1,1,1,1,0,0],"player":{"def":0,"effects":[0,0,0,0],"hp":80,"max_hp":80},"pool":[]}
play 2 0 
{"deck":[0,0,0,0,0,1,1,1,1,2],"energy":0,"game_state":0,"hand":[2,0],"max_energy":3,"mobs":[{"def":0,"effects":[0,0,0,3],"hp":28,"max_hp":52,"move":1,"type":1}],"offpool":[0,1,1,1,1,0,0,0],"player":{"def":0,"effects":[0,0,0,0],"hp":80,"max_hp":80},"pool":[]}
end 
{"deck":[0,0,0,0,0,1,1,1,1,2],"energy":3,"game_state":0,"hand":[0,2,0,0,1],"max_energy":3,"mobs":[{"def":0,"effects":[0,0,3,3],"hp":28,"max_hp":52,"move":1,"type":1}],"offpool":[],"player":{"def":0,"effects":[0,0,0,0],"hp":71,"max_hp":80},"pool":[1,1,0,0,1]}
play 0 0 
{"deck":[0,0,0,0,0,1,1,1,1,2],"energy":2,"game_state":0,"hand":[2,0,0,1],"max_energy":3,"mobs":[{"def":0,"effects":[0,0,3,3],"hp":22,"max_hp":52,"move":1,"type":1}],"offpool":[0],"player":{"def":0,"effects":[0,0,0,0],"hp":71,"max_hp":80},"pool":[1,1,0,0,1]}
play 1 0 
{"deck":[0,0,0,0,0,1,1,1,1,2],"energy":1,"game_state":0,"hand":[2,0,1],"max_energy":3,"mobs":[{"def":0,"effects":[0,0,3,3],"hp":16,"max_hp":52,"move":1,"type":1}],"offpool":[0,0],"player":{"def":0,"effects":[0,0,0,0],"hp":71,"max_hp":80},"pool":[1,1,0,0,1]}
play 2 
{"deck":[0,0,0,0,0,1,1,1,1,2],"energy":0,"game_state":0,"hand":[2,0],"max_energy":3,"mobs":[{"def":0,"effects":[0,0,3,3],"hp":16,"max_hp":52,"move":1,"type":1}],"offpool":[0,0,1],"player":{"def":5,"effects":[0,0,0,0],"hp":71,"max_hp":80},"pool":[1,1,0,0,1]}
end 
{"deck":[0,0,0,0,0,1,1,1,1,2],"energy":3,"game_state":0,"hand":[1,0,0,1,1],"max_energy":3,"mobs":[{"def":0,"effects":[0,0,6,3],"hp":16,"max_hp":52,"move":1,"type":1}],"offpool":[0,0,1,0,2],"player":{"def":0,"effects":[0,0,0,0],"hp":64,"max_hp":80},"pool":[]}
play 2 0 
{"deck":[0,0,0,0,0,1,1,1,1,2],"energy":2,"game_state":0,"hand":[1,0,1,1],"max_energy":3,"mobs":[{"def":0,"effects":[0,0,6,3],"hp":10,"max_hp":52,"move":1,"type":1}],"offpool":[0,0,1,0,2,0],"player":{"def":0,"effects":[0,0,0,0],"hp":64,"max_hp":80},"pool":[]}
play 1 0 
{"deck":[0,0,0,0,0,1,1,1,1,2],"energy":1,"game_state":0,"hand":[1,1,1],"max_energy":3,"mobs":[{"def":0,"effects":[0,0,6,3],"hp":4,"max_hp":52,"move":1,"type":1}],"offpool":[0,0,1,0,2,0,0],"player":{"def":0,"effects":[0,0,0,0],"hp":64,"max_hp":80},"pool":[]}
play 2 
{"deck":[0,0,0,0,0,1,1,1,1,2],"energy":0,"game_state":0,"hand":[1,1],"max_energy":3,"mobs":[{"def":0,"effects":[0,0,6,3],"hp":4,"max_hp":52,"move":1,"type":1}],"offpool":[0,0,1,0,2,0,0,1],"player":{"def":5,"effects":[0,0,0,0],"hp":64,"max_hp":80},"pool":[]}
end 
{"deck":[0,0,0,0,0,1,1,1,1,2],"energy":3,"game_state":0,"hand":[0,1,1,2,0],"max_energy":3,"mobs":[{"def":0,"effects":[0,0,9,3],"hp":4,"max_hp":52,"move":1,"type":1}],"offpool":[],"player":{"def":0,"effects":[0,0,0,0],"hp":54,"max_hp":80},"pool":[0,0,0,1,1]}
play 0 0 
{"deck":[0,0,0,0,0,1,1,1,1,2],"game_state":2,"max_energy":3,"player":{"def":0,"effects":[0,0,0,0],"hp":54,"max_hp":80}}
===============RESET===============
{"game_state":3}
play 1 
{"deck":[0,0,0,0,0,1,1,1,1,2],"energy":3,"game_state":0,"hand":[1,1,0,0,2],"max_energy":3,"mobs":[{"def":0,"effects":[0,0,0,0],"hp":54,"max_hp":54,"move":3,"type":1}],"offpool":[],"player":{"def":0,"effects":[0,0,0,0],"hp":80,"max_hp":80},"pool":[1,0,0,1,0]}
play 2 0 
{"deck":[0,0,0,0,0,1,1,1,1,2],"energy":2,"game_state":0,"hand":[1,1,0,2],"max_energy":3,"mobs":[{"def":0,"effects":[0,0,0,0],"hp":48,"max_hp":54,"move":3,"type":1}],"offpool":[0],"player":{"def":0,"effects":[0,0,0,0],"hp":80,"max_hp":80},"pool":[1,0,0,1,0]}
play 2 0 
{"deck":[0,0,0,0,0,1,1,1,1,2],"energy":1,"game_state":0,"hand":[1,1,2],"max_energy":3,"mobs":[{"def":0,"effects":[0,0,0,0],"hp":42,"max_hp":54,"move":3,"type":1}],"offpool":[0,0],"player":{"def":0,"effects":[0,0,0,0],"hp":80,"max_hp":80},"pool":[1,0,0,1,0]}
end 
{"deck":[0,0,0,0,0,1,1,1,1,2],"energy":3,"game_state":0,"hand":[0,1,0,0,1],"max_energy":3,"mobs":[{"def":0,"effects":[0,0,0,3],"hp":42,"max_hp":54,"move":1,"type":1}],"offpool":[0,0,2,1,1],"player":{"def":0,"effects":[0,0,0,0],"hp":80,"max_hp":80},"pool":[]}
play 0 0 
{"deck":[0,0,0,0,0,1,1,1,1,2],"energy":2,"game_state":0,"hand":[1,0,0,1],"max_energy":3,"mobs":[{"def":0,"effects":[0,0,0,3],"hp":36,"max_hp":54,"move":1,"type":1}],"offpool":[0,0,2,1,1,0],"player":{"def":0,"effects":[0,0,0,0],"hp":80,"max_hp":80},"pool":[]}
play 1 0 
{"deck":[0,0,0,0,0,1,1,1,1,2],"energy":1,"game_state":0,"hand":[1,0,1],"max_energy":3,"mobs":[{"def":0,"effects":[0,0,0,3],"hp":30,"max_hp":54,"move":1,"type":1}],"offpool":[0,0,2,1,1,0,0],"player":{"def":0,"effects":[0,0,0,0],"hp":80,"max_hp":80},"pool":[]}
play 1 0 
{"deck":[0,0,0,0,0,1,1,1,1,2],"energy":0,"game_state":0,"hand":[1,1],"max_energy":3,"mobs":[{"def":0,"effects":[0,0,0,3],"hp":24,"max_hp":54,"move":1,"type":1}],"offpool":[0,0,2,1,1,0,0,0],"player":{"def":0,"effects":[0,0,0,0],"hp":80,"max_hp":80},"pool":[]}
end 
{"deck":[0,0,0,0,0,1,1,1,1,2],"energy":3,"game_state":0,"hand":[0,1,1,1,0],"max_energy":3,"mobs":[{"def":0,"effects":[0,0,3,3],"hp":24,"max_hp":54,"move":1,"type":1}],"offpool":[],"player":{"def":0,"effects":[0,0,0,0],"hp":71,"max_hp":80},"pool":[0,0,2,1,0]}
play 0 0 
{"deck":[0,0,0,0,0,1,1,1,1,2],"energy":2,"game_state":0,"hand":[1,1,1,0],"max_energy":3,"mobs":[{"def":0,"effects":[0,0,3,3],"hp":18,"max_hp":54,"move":1,"type":1}],"offpool":[0],"player":{"def":0,"effects":[0,0,0,0],"hp":71,"max_hp":80},"pool":[0,0,2,1,0]}
play 3 0 
{"deck":[0,0,0,0,0,1,1,1,1,2],"energy":1,"game_state":0,"hand":[1,1,1],"max_energy":3,"mobs":[{"def":0,"effects":[0,0,3,3],"hp":12,"max_hp":54,"move":1,"type":1}],"offpool":[0,0],"player":{"def":0,"effects":[0,0,0,0],"hp":71,"max_hp":80},"pool":[0,0,2,1,0]}
play 0 
{"deck":[0,0,0,0,0,1,1,1,1,2],"energy":0,"game_state":0,"hand":[1,1],"max_energy":3,"mobs":[{"def":0,"effects":[0,0,3,3],"hp":12,"max_hp":54,"move":1,"type":1}],"offpool":[0,0,1],"player":{"def":5,"effects":[0,0,0,0],"hp":71,"max_hp":80},"pool":[0,0,2,1,0]}
end 
{"deck":[0,0,0,0,0,1,1,1,1,2],"energy":3,"game_state":0,"hand":[0,1,2,0,0],"max_energy":3,"mobs":[{"def":0,"effects":[0,0,6,3],"hp":12,"max_hp":54,"move":1,"type":1}],"offpool":[0,0,1,1,1],"player":{"def":0,"effects":[0,0,0,0],"hp":64,"max_hp":80},"pool":[]}
play 0 0 
{"deck":[0,0,0,0,0,1,1,1,1,2],"energy":2,"game_state":0,"hand":[1,2,0,0],"max_energy":3,"mobs":[{"def":0,"effects":[0,0,6,3],"hp":6,"max_hp":54,"move":1,"type":1}],"offpool":[0,0,1,1,1,0],"player":{"def":0,"effects":[0,0,0,0],"hp":64,"max_hp":80},"pool":[]}
play 2 0 
{"deck":[0,0,0,0,0,1,1,1,1,2],"game_state":2,"max_energy":3,"player":{"def":0,"effects":[0,0,0,0],"hp":64,"max_hp":80}}
===============RESET===============
{"game_state":3}
play 1 
{"deck":[0,0,0,0,0,1,1,1,1,2],"energy":3,"game_state":0,"hand":[1,2,0,0,0],"max_energy":3,"mobs":[{"def":0,"effects":[0,0,0,0],"hp":52,"max_hp":52,"move":3,"type":1}],"offpool":[],"player":{"def":0,"effects":[0,0,0,0],"hp":80,"max_hp":80},"pool":[0,1,1,0,1]}
play 2 0 
{"deck":[0,0,0,0,0,1,1,1,1,2],"energy":2,"game_state":0,"hand":[1,2,0,0],"max_energy":3,"mobs":[{"def":0,"effects":[0,0,0,0],"hp":46,"max_hp":52,"move":3,"type":1}],"offpool":[0],"player":{"def":0,"effects":[0,0,0,0],"hp":80,"max_hp":80},"pool":[0,1,1,0,1]}
play 2 0 
{"deck":[0,0,0,0,0,1,1,1,1,2],"energy":1,"game_state":0,"hand":[1,2,0],"max_energy":3,"mobs":[{"def":0,"effects":[0,0,0,0],"hp":40,"max_hp":52,"move":3,"type":1}],"offpool":[0,0],"player":{"def":0,"effects":[0,0,0,0],"hp":80,"max_hp":80},"pool":[0,1,1,0,1]}
end 
{"deck":[0,0,0,0,0,1,1,1,1,2],"energy":3,"game_state":0,"hand":[1,0,1,1,0],"max_energy":3,"mobs":[{"def":0,"effects":[0,0,0,3],"hp":40,"max_hp":52,"move":1,"type":1}],"offpool":[0,0,0,2,1],"player":{"def":0,"effects":[0,0,0,0],"hp":80,"max_hp":80},"pool":[]}
play 1 0 
{"deck":[0,0,0,0,0,1,1,1,1,2],"energy":2,"game_state":0,"hand":[1,1,1,0],"max_energy":3,"mobs":[{"def":0,"effects":[0,0,0,3],"hp":34,"max_hp":52,"move":1,"type":1}],"offpool":[0,0,0,2,1,0],"player":{"def":0,"effects":[0,0,0,0],"hp":80,"max_hp":80},"pool":[]}
play 3 0 
{"deck":[0,0,0,0,0,1,1,1,1,2],"energy":1,"game_state":0,"hand":[1,1,1],"max_energy":3,"mobs":[{"def":0,"effects":[0,0,0,3],"hp":28,"max_hp":52,"move":1,"type":1}],"offpool":[0,0,0,2,1,0,0],"player":{"def":0,"effects":[0,0,0,0],"hp":80,"max_hp":80},"pool":[]}
play 0 
{"deck":[0,0,0,0,0,1,1,1,1,2],"energy":0,"game_state":0,"hand":[1,1],"max_energy":3,"mobs":[{"def":0,"effects":[0,0,0,3],"hp":28,"max_hp":52,"move":1,"type":1}],"offpool":[0,0,0,2,1,0,0,1],"player":{"def":5,"effects":[0,0,0,0],"hp":80,"max_hp":80},"pool":[]}
end 
{"deck":[0,0,0,0,0,1,1,1,1,2],"energy":3,"game_state":0,"hand":[0,1,1,0,0],"max_energy":3,"mobs":[{"def":0,"effects":[0,0,3,3],"hp":28,"max_hp":52,"move":1,"type":1}],"offpool":[],"player":{"def":0,"effects":[0,0,0,0],"hp":76,"max_hp":80},"pool":[2,0,0,1,1]}
play 0 0 
{"deck":[0,0,0,0,0,1,1,1,1,2],"energy":2,"game_state":0,"hand":[1,1,0,0],"max_energy":3,"mobs":[{"def":0,"effects":[0,0,3,3],"hp":22,"max_hp":52,"move":1,"type":1}],"offpool":[0],"player":{"def":0,"effects":[0,0,0,0],"hp":76,"max_hp":80},"pool":[2,0,0,1,1]}
play 2 0 
{"deck":[0,0,0,0,0,1,1,1,1,2],"energy":1,"game_state":0,"hand":[1,1,0],"max_energy":3,"mobs":[{"def":0,"effects":[0,0,3,3],"hp":16,"max_hp":52,"move":1,"type":1}],"offpool":[0,0],"player":{"def":0,"effects":[0,0,0,0],"hp":76,"max_hp":80},"pool":[2,0,0,1,1]}
play 2 0 
{"deck":[0,0,0,0,0,1,1,1,1,2],"energy":0,"game_state":0,"hand":[1,1],"max_energy":3,"mobs":[{"def":0,"effects":[0,0,3,3],"hp":10,"max_hp":52,"move":1,"type":1}],"offpool":[0,0,0],"player":{"def":0,"effects":[0,0,0,0],"hp":76,"max_hp":80},"pool":[2,0,0,1,1]}
end 
{"deck":[0,0,0,0,0,1,1,1,1,2],"energy":3,"game_state":0,"hand":[1,1,0,0,2],"max_energy":3,"mobs":[{"def":0,"effects":[0,0,6,3],"hp":10,"max_hp":52,"move":1,"type":1}],"offpool":[0,0,0,1,1],"player":{"def":0,"effects":[0,0,0,0],"hp":64,"max_hp":80},"pool":[]}
play 2 0 
{"deck":[0,0,0,0,0,1,1,1,1,2],"energy":2,"game_state":0,"hand":[1,1,0,2],"max_energy":3,"mobs":[{"def":0,"effects":[0,0,6,3],"hp":4,"max_hp":52,"move":1,"type":1}],"offpool":[0,0,0,1,1,0],"player":{"def":0,"effects":[0,0,0,0],"hp":64,"max_hp":80},"pool":[]}
play 2 0 
{"deck":[0,0,0,0,0,1,1,1,1,2],"game_state":2,"max_energy":3,"player":{"def":0,"effects":[0,0,0,0],"hp":64,"max_hp":80}}
===============RESET===============
{"game_state":3}
play 1 
{"deck":[0,0,0,0,0,1,1,1,1,2],"energy":3,"game_state":0,"hand":[0,1,0,1,1],"max_energy":3,"mobs":[{"def":0,"effects":[0,0,0,0],"hp":52,"max_hp":52,"move":3,"type":1}],"offpool":[],"player":{"def":0,"effects":[0,0,0,0],"hp":80,"max_hp":80},"pool":[0,0,0,1,2]}
play 2 0 
{"deck":[0,0,0,0,0,1,1,1,1,2],"energy":2,"game_state":0,"hand":[0,1,1,1],"max_energy":3,"mobs":[{"def":0,"effects":[0,0,0,0],"hp":46,"max_hp":52,"move":3,"type":1}],"offpool":[0],"player":{"def":0,"effects":[0,0,0,0],"hp":80,"max_hp":80},"pool":[0,0,0,1,2]}
play 0 0 
{"deck":[0,0,0,0,0,1,1,1,1,2],"energy":1,"game_state":0,"hand":[1,1,1],"max_energy":3,"mobs":[{"def":0,"effects":[0,0,0,0],"hp":40,"max_hp":52,"move":3,"type":1}],"offpool":[0,0],"player":{"def":0,"effects":[0,0,0,0],"hp":80,"max_hp":80},"pool":[0,0,0,1,2]}
end 
{"deck":[0,0,0,0,0,1,1,1,1,2],"energy":3,"game_state":0,"hand":[2,1,0,0,0],"max_energy":3,"mobs":[{"def":0,"effects":[0,0,0,3],"hp":40,"max_hp":52,"move":1,"type":1}],"offpool":[0,0,1,1,1],"player":{"def":0,"effects":[0,0,0,0],"hp":80,"max_hp":80},"pool":[]}
play 2 0 
{"deck":[0,0,0,0,0,1,1,1,1,2],"energy":2,"game_state":0,"hand":[2,1,0,0],"max_energy":3,"mobs":[{"def":0,"effects":[0,0,0,3],"hp":34,"max_hp":52,"move":1,"type":1}],"offpool":[0,0,1,1,1,0],"player":{"def":0,"effects":[0,0,0,0],"hp":80,"max_hp":80},"pool":[]}
play 2 0 
{"deck":[0,0,0,0,0,1,1,1,1,2],"energy":1,"game_state":0,"hand":[2,1,0],"max_energy":3,"mobs":[{"def":0,"effects":[0,0,0,3],"hp":28,"max_hp":52,"move":1,"type":1}],"offpool":[0,0,1,1,1,0,0],"player":{"def":0,"effects":[0,0,0,0],"hp":80,"max_hp":80},"pool":[]}
play 2 0 
{"deck":[0,0,0,0,0,1,1,1,1,2],"energy":0,"game_state":0,"hand":[2,1],"max_energy":3,"mobs":[{"def":0,"effects":[0,0,0,3],"hp":22,"max_hp":52,"move":1,"type":1}],"offpool":[0,0,1,1,1,0,0,0],"player":{"def":0,"effects":[0,0,0,0],"hp":80,"max_hp":80},"pool":[]}
end 
{"deck":[0,0,0,0,0,1,1,1,1,2],"energy":3,"game_state":0,"hand":[1,1,1,0,2],"max_energy":3,"mobs":[{"def":0,"effects":[0,0,3,3],"hp":22,"max_hp":52,"move":1,"type":1}],"offpool":[],"player":{"def":0,"effects":[0,0,0,0],"hp":71,"max_hp":80},"pool":[0,0,1,0,0]}
play 3 0 
{"deck":[0,0,0,0,0,1,1,1,1,2],"energy":2,"game_state":0,"hand":[1,1,1,2],"max_energy":3,"mobs":[{"def":0,"effects":[0,0,3,3],"hp":16,"max_hp":52,"move":1,"type":1}],"offpool":[0],"player":{"def":0,"effects":[0,0,0,0],"hp":71,"max_hp":80},"pool":[0,0,1,0,0]}
play 0 
{"deck":[0,0,0,0,0,1,1,1,1,2],"energy":1,"game_state":0,"hand":[1,1,2],"max_energy":3,"mobs":[{"def":0,"effects":[0,0,3,3],"hp":16,"max_hp":52,"move":1,"type":1}],"offpool":[0,1],"player":{"def":5,"effects":[0,0,0,0],"hp":71,"max_hp":80},"pool":[0,0,1,0,0]}
play 0 
{"deck":[0,0,0,0,0,1,1,1,1,2],"energy":0,"game_state":0,"hand":[1,2],"max_energy":3,"mobs":[{"def":0,"effects":[0,0,3,3],"hp":16,"max_hp":52,"move":1,"type":1}],"offpool":[0,1,1],"player":{"def":10,"effects":[0,0,0,0],"hp":71,"max_hp":80},"pool":[0,0,1,0,0]}
end 
{"deck":[0,0,0,0,0,1,1,1,1,2],"energy":3,"game_state":0,"hand":[0,0,1,0,0],"max_energy":3,"mobs":[{"def":0,"effects":[0,0,6,3],"hp":16,"max_hp":52,"move":1,"type":1}],"offpool":[0,1,1,2,1],"player":{"def":0,"effects":[0,0,0,0],"hp":69,"max_hp":80},"pool":[]}
play 0 0 
{"deck":[0,0,0,0,0,1,1,1,1,2],"energy":2,"game_state":0,"hand":[0,1,0,0],"max_energy":3,"mobs":[{"def":0,"effects":[0,0,6,3],"hp":10,"max_hp":52,"move":1,"type":1}],"offpool":[0,1,1,2,1,0],"player":{"def":0,"effects":[0,0,0,0],"hp":69,"max_hp":80},"pool":[]}
play 2 0 
{"deck":[0,0,0,0,0,1,1,1,1,2],"energy":1,"game_state":0,"hand":[0,1,0],"max_energy":3,"mobs":[{"def":0,"effects":[0,0,6,3],"hp":4,"max_hp":52,"move":1,"type":1}],"offpool":[0,1,1,2,1,0,0],"player":{"def":0,"effects":[0,0,0,0],"hp":69,"max_hp":80},"pool":[]}
play 2 0 
{"deck":[0,0,0,0,0,1,1,1,1,2],"game_state":2,"max_energy":3,"player":{"def":0,"effects":[0,0,0,0],"hp":69,"max_hp":80}}
===============RESET===============
{"game_state":3}
play 1 
{"deck":[0,0,0,0,0,1,1,1,1,2],"energy":3,"game_state":0,"hand":[0,0,0,0,0],"max_energy":3,"mobs":[{"def":0,"effects":[0,0,0,0],"hp":48,"max_hp":48,"move":3,"type":1}],"offpool":[],"player":{"def":0,"effects":[0,0,0,0],"hp":80,"max_hp":80},"pool":[1,1,1,1,2]}
play 0 0 
{"deck":[0,0,0,0,0,1,1,1,1,2],"energy":2,"game_state":0,"hand":[0,0,0,0],"max_energy":3,"mobs":[{"def":0,"effects":[0,0,0,0],"hp":42,"max_hp":48,"move":3,"type":1}],"offpool":[0],"player":{"def":0,"effects":[0,0,0,0],"hp":80,"max_hp":80},"pool":[1,1,1,1,2]}
play 0 0 
{"deck":[0,0,0,0,0,1,1,1,1,2],"energy":1,"game_state":0,"hand":[0,0,0],"max_energy":3,"mobs":[{"def":0,"effects":[0,0,0,0],"hp":36,"max_hp":48,"move":3,"type":1}],"offpool":[0,0],"player":{"def":0,"effects":[0,0,0,0],"hp":80,"max_hp":80},"pool":[1,1,1,1,2]}
play 0 0 
{"deck":[0,0,0,0,0,1,1,1,1,2],"energy":0,"game_state":0,"hand":[0,0],"max_energy":3,"mobs":[{"def":0,"effects":[0,0,0,0],"hp":30,"max_hp":48,"move":3,"type":1}],"offpool":[0,0,0],"player":{"def":0,"effects":[0,0,0,0],"hp":80,"max_hp":80},"pool":[1,1,1,1,2]}
end 
{"deck":[0,0,0,0,0,1,1,1,1,2],"energy":3,"game_state":0,"hand":[2,1,1,1,1],"max_energy":3,"mobs":[{"def":0,"effects":[0,0,0,3],"hp":30,"max_hp":48,"move":1,"type":1}],"offpool":[0,0,0,0,0],"player":{"def":0,"effects":[0,0,0,0],"hp":80,"max_hp":80},"pool":[]}
play 4 
{"deck":[0,0,0,0,0,1,1,1,1,2],"energy":2,"game_state":0,"hand":[2,1,1,1],"max_energy":3,"mobs":[{"def":0,"effects":[0,0,0,3],"hp":30,"max_hp":48,"move":1,"type":1}],"offpool":[0,0,0,0,0,1],"player":{"def":5,"effects":[0,0,0,0],"hp":80,"max_hp":80},"pool":[]}
play 3 
{"deck":[0,0,0,0,0,1,1,1,1,2],"energy":1,"game_state":0,"hand":[2,1,1],"max_energy":3,"mobs":[{"def":0,"effects":[0,0,0,3],"hp":30,"max_hp":48,"move":1,"type":1}],"offpool":[0,0,0,0,0,1,1],"player":{"def":10,"effects":[0,0,0,0],"hp":80,"max_hp":80},"pool":[]}
play 2 
{"deck":[0,0,0,0,0,1,1,1,1,2],"energy":0,"game_state":0,"hand":[2,1],"max_energy":3,"mobs":[{"def":0,"effects":[0,0,0,3],"hp":30,"max_hp":48,"move":1,"type":1}],"offpool":[0,0,0,0,0,1,1,1],"player":{"def":15,"effects":[0,0,0,0],"hp":80,"max_hp":80},"pool":[]}
end 
{"deck":[0,0,0,0,0,1,1,1,1,2],"energy":3,"game_state":0,"hand":[1,0,0,1,0],"max_energy":3,"mobs":[{"def":0,"effects":[0,0,3,3],"hp":30,"max_hp":48,"move":1,"type":1}],"offpool":[],"player":{"def":0,"effects":[0,0,0,0],"hp":80,"max_hp":80},"pool":[0,0,2,1,1]}
play 1 0 
{"deck":[0,0,0,0,0,1,1,1,1,2],"energy":2,"game_state":0,"hand":[1,0,1,0],"max_energy":3,"mobs":[{"def":0,"effects":[0,0,3,3],"hp":24,"max_hp":48,"move":1,"type":1}],"offpool":[0],"player":{"def":0,"effects":[0,0,0,0],"hp":80,"max_hp":80},"pool":[0,0,2,1,1]}
play 1 0 
{"deck":[0,0,0,0,0,1,1,1,1,2],"energy":1,"game_state":0,"hand":[1,1,0],"max_energy":3,"mobs":[{"def":0,"effects":[0,0,3,3],"hp":18,"max_hp":48,"move":1,"type":1}],"offpool":[0,0],"player":{"def":0,"effects":[0,0,0,0],"hp":80,"max_hp":80},"pool":[0,0,2,1,1]}
play 2 0 
{"deck":[0,0,0,0,0,1,1,1,1,2],"energy":0,"game_state":0,"hand":[1,1],"max_energy":3,"mobs":[{"def":0,"effects":[0,0,3,3],"hp":12,"max_hp":48,"move":1,"type":1}],"offpool":[0,0,0],"player":{"def":0,"effects":[0,0,0,0],"hp":80,"max_hp":80},"pool":[0,0,2,1,1]}
end 
{"deck":[0,0,0,0,0,1,1,1,1,2],"energy":3,"game_state":0,"hand":[1,1,2,0,0],"max_energy":3,"mobs":[{"def":0,"effects":[0,0,6,3],"hp":12,"max_hp":48,"move":1,"type":1}],"offpool":[0,0,0,1,1],"player":{"def":0,"effects":[0,0,0,0],"hp":68,"max_hp":80},"pool":[]}
play 3 0 
{"deck":[0,0,0,0,0,1,1,1,1,2],"energy":2,"game_state":0,"hand":[1,1,2,0],"max_energy":3,"mobs":[{"def":0,"effects":[0,0,6,3],"hp":6,"max_hp":48,"move":1,"type":1}],"offpool":[0,0,0,1,1,0],"player":{"def":0,"effects":[0,0,0,0],"hp":68,"max_hp":80},"pool":[]}
play 3 0 
{"deck":[0,0,0,0,0,1,1,1,1,2],"game_state":2,"max_energy":3,"player":{"def":0,"effects":[0,0,0,0],"hp":68,"max_hp":80}}
===============RESET===============
{"game_state":3}
play 1 
{"deck":[0,0,0,0,0,1,1,1,1,2],"energy":3,"game_state":0,"hand":[0,1,1,0,0],"max_energy":3,"mobs":[{"def":0,"effects":[0,0,0,0],"hp":50,"max_hp":50,"move":3,"type":1}],"offpool":[],"player":{"def":0,"effects":[0,0,0,0],"hp":80,"max_hp":80},"pool":[2,1,0,0,1]}
play 0 0 
{"deck":[0,0,0,0,0,1,1,1,1,2],"energy":2,"game_state":0,"hand":[1,1,0,0],"max_energy":3,"mobs":[{"def":0,"effects":[0,0,0,0],"hp":44,"max_hp":50,"move":3,"type":1}],"offpool":[0],"player":{"def":0,"effects":[0,0,0,0],"hp":80,"max_hp":80},"pool":[2,1,0,0,1]}
play 2 0 
{"deck":[0,0,0,0,0,1,1,1,1,2],"energy":1,"game_state":0,"hand":[1,1,0],"max_energy":3,"mobs":[{"def":0,"effects":[0,0,0,0],"hp":38,"max_hp":50,"move":3,"type":1}],"offpool":[0,0],"player":{"def":0,"effects":[0,0,0,0],"hp":80,"max_hp":80},"pool":[2,1,0,0,1]}
play 2 0 
{"deck":[0,0,0,0,0,1,1,1,1,2],"energy":0,"game_state":0,"hand":[1,1],"max_energy":3,"mobs":[{"def":0,"effects":[0,0,0,0],"hp":32,"max_hp":50,"move":3,"type":1}],"offpool":[0,0,0],"player":{"def":0,"effects":[0,0,0,0],"hp":80,"max_hp":80},"pool":[2,1,0,0,1]}
end 
{"deck":[0,0,0,0,0,1,1,1,1,2],"energy":3,"game_state":0,"hand":[1,0,0,1,2],"max_energy":3,"mobs":[{"def":0,"effects":[0,0,0,3],"hp":32,"max_hp":50,"move":1,"type":1}],"offpool":[0,0,0,1,1],"player":{"def":0,"effects":[0,0,0,0],"hp":80,"max_hp":80},"pool":[]}
play 2 0 
{"deck":[0,0,0,0,0,1,1,1,1,2],"energy":2,"game_state":0,"hand":[1,0,1,2],"max_energy":3,"mobs":[{"def":0,"effects":[0,0,0,3],"hp":26,"max_hp":50,"move":1,"type":1}],"offpool":[0,0,0,1,1,0],"player":{"def":0,"effects":[0,0,0,0],"hp":80,"max_hp":80},"pool":[]}
play 1 0 
{"deck":[0,0,0,0,0,1,1,1,1,2],"energy":1,"game_state":0,"hand":[1,1,2],"max_energy":3,"mobs":[{"def":0,"effects":[0,0,0,3],"hp":20,"max_hp":50,"move":1,"type":1}],"offpool":[0,0,0,1,1,0,0],"player":{"def":0,"effects":[0,0,0,0],"hp":80,"max_hp":80},"pool":[]}
play 0 
{"deck":[0,0,0,0,0,1,1,1,1,2],"energy":0,"game_state":0,"hand":[1,2],"max_energy":3,"mobs":[{"def":0,"effects":[0,0,0,3],"hp":20,"max_hp":50,"move":1,"type":1}],"offpool":[0,0,0,1,1,0,0,1],"player":{"def":5,"effects":[0,0,0,0],"hp":80,"max_hp":80},"pool":[]}
end 
{"deck":[0,0,0,0,0,1,1,1,1,2],"energy":3,"game_state":0,"hand":[1,1,0,0,0],"max_energy":3,"mobs":[{"def":0,"effects":[0,0,3,3],"hp":20,"max_hp":50,"move":1,"type":1}],"offpool":[],"player":{"def":0,"effects":[0,0,0,0],"hp":76,"max_hp":80},"pool":[2,1,0,0,1]}
play 2 0 
{"deck":[0,0,0,0,0,1,1,1,1,2],"energy":2,"game_state":0,"hand":[1,1,0,0],"max_energy":3,"mobs":[{"def":0,"effects":[0,0,3,3],"hp":14,"max_hp":50,"move":1,"type":1}],"offpool":[0],"player":{"def":0,"effects":[0,0,0,0],"hp":76,"max_hp":80},"pool":[2,1,0,0,1]}
play 2 0 
{"deck":[0,0,0,0,0,1,1,1,1,2],"energy":1,"game_state":0,"hand":[1,1,0],"max_energy":3,"mobs":[{"def":0,"effects":[0,0,3,3],"hp":8,"max_hp":50,"move":1,"type":1}],"offpool":[0,0],"player":{"def":0,"effects":[0,0,0,0],"hp":76,"max_hp":80},"pool":[2,1,0,0,1]}
play 2 0 
{"deck":[0,0,0,0,0,1,1,1,1,2],"energy":0,"game_state":0,"hand":[1,1],"max_energy":3,"mobs":[{"def":0,"effects":[0,0,3,3],"hp":2,"max_hp":50,"move":1,"type":1}],"offpool":[0,0,0],"player":{"def":0,"effects":[0,0,0,0],"hp":76,"max_hp":80},"pool":[2,1,0,0,1]}
end 
{"deck":[0,0,0,0,0,1,1,1,1,2],"energy":3,"game_state":0,"hand":[1,0,0,1,2],"max_energy":3,"mobs":[{"def":0,"effects":[0,0,6,3],"hp":2,"max_hp":50,"move":1,"type":1}],"offpool":[0,0,0,1,1],"player":{"def":0,"effects":[0,0,0,0],"hp":64,"max_hp":80},"pool":[]}
play 2 0 
{"deck":[0,0,0,0,0,1,1,1,1,2],"game_state":2,"max_energy":3,"player":{"def":0,"effects":[0,0,0,0],"hp":64,"max_hp":80}}
===============RESET===============
{"game_state":3}
play 1 
{"deck":[0,0,0,0,0,1,1,1,1,2],"energy":3,"game_state":0,"hand":[0,0,0,1,2],"max_energy":3,"mobs":[{"def":0,"effects":[0,0,0,0],"hp":52,"max_hp":52,"move":3,"type":1}],"offpool":[],"player":{"def":0,"effects":[0,0,0,0],"hp":80,"max_hp":80},"pool":[1,1,1,0,0]}
play 0 0 
{"deck":[0,0,0,0,0,1,1,1,1,2],"energy":2,"game_state":0,"hand":[0,0,1,2],"max_energy":3,"mobs":[{"def":0,"effects":[0,0,0,0],"hp":46,"max_hp":52,"move":3,"type":1}],"offpool":[0],"player":{"def":0,"effects":[0,0,0,0],"hp":80,"max_hp":80},"pool":[1,1,1,0,0]}
play 0 0 
{"deck":[0,0,0,0,0,1,1,1,1,2],"energy":1,"game_state":0,"hand":[0,1,2],"max_energy":3,"mobs":[{"def":0,"effects":[0,0,0,0],"hp":40,"max_hp":52,"move":3,"type":1}],"offpool":[0,0],"player":{"def":0,"effects":[0,0,0,0],"hp":80,"max_hp":80},"pool":[1,1,1,0,0]}
play 0 0 
{"deck":[0,0,0,0,0,1,1,1,1,2],"energy":0,"game_state":0,"hand":[1,2],"max_energy":3,"mobs":[{"def":0,"effects":[0,0,0,0],"hp":34,"max_hp":52,"move":3,"type":1}],"offpool":[0,0,0],"player":{"def":0,"effects":[0,0,0,0],"hp":80,"max_hp":80},"pool":[1,1,1,0,0]}
end 
{"deck":[0,0,0,0,0,1,1,1,1,2],"energy":3,"game_state":0,"hand":[0,0,1,1,1],"max_energy":3,"mobs":[{"def":0,"effects":[0,0,0,3],"hp":34,"max_hp":52,"move":1,"type":1}],"offpool":[0,0,0,2,1],"player":{"def":0,"effects":[0,0,0,0],"hp":80,"max_hp":80},"pool":[]}
play 0 0 
{"deck":[0,0,0,0,0,1,1,1,1,2],"energy":2,"game_state":0,"hand":[0,1,1,1],"max_energy":3,"mobs":[{"def":0,"effects":[0,0,0,3],"hp":28,"max_hp":52,"move":1,"type":1}],"offpool":[0,0,0,2,1,0],"player":{"def":0,"effects":[0,0,0,0],"hp":80,"max_hp":80},"pool":[]}
play 0 0 
{"deck":[0,0,0,0,0,1,1,1,1,2],"energy":1,"game_state":0,"hand":[1,1,1],"max_energy":3,"mobs":[{"def":0,"effects":[0,0,0,3],"hp":22,"max_hp":52,"move":1,"type":1}],"offpool":[0,0,0,2,1,0,0],"player":{"def":0,"effects":[0,0,0,0],"hp":80,"max_hp":80},"pool":[]}
play 1 
{"deck":[0,0,0,0,0,1,1,1,1,2],"energy":0,"game_state":0,"hand":[1,1],"max_energy":3,"mobs":[{"def":0,"effects":[0,0,0,3],"hp":22,"max_hp":52,"move":1,"type":1}],"offpool":[0,0,0,2,1,0,0,1],"player":{"def":5,"effects":[0,0,0,0],"hp":80,"max_hp":80},"pool":[]}
end 
{"deck":[0,0,0,0,0,1,1,1,1,2],"energy":3,"game_state":0,"hand":[1,0,0,2,0],"max_energy":3,"mobs":[{"def":0,"effects":[0,0,3,3],"hp":22,"max_hp":52,"move":1,"type":1}],"offpool":[],"player":{"def":0,"effects":[0,0,0,0],"hp":76,"max_hp":80},"pool":[1,1,1,0,0]}
play 1 0 
{"deck":[0,0,0,0,0,1,1,1,1,2],"energy":2,"game_state":0,"hand":[1,0,2,0],"max_energy":3,"mobs":[{"def":0,"effects":[0,0,3,3],"hp":16,"max_hp":52,"move":1,"type":1}],"offpool":[0],"player":{"def":0,"effects":[0,0,0,0],"hp":76,"max_hp":80},"pool":[1,1,1,0,0]}
play 1 0 
{"deck":[0,0,0,0,0,1,1,1,1,2],"energy":1,"game_state":0,"hand":[1,2,0],"max_energy":3,"mobs":[{"def":0,"effects":[0,0,3,3],"hp":10,"max_hp":52,"move":1,"type":1}],"offpool":[0,0],"player":{"def":0,"effects":[0,0,0,0],"hp":76,"max_hp":80},"pool":[1,1,1,0,0]}
play 0 
{"deck":[0,0,0,0,0,1,1,1,1,2],"energy":0,"game_state":0,"hand":[2,0],"max_energy":3,"mobs":[{"def":0,"effects":[0,0,3,3],"hp":10,"max_hp":52,"move":1,"type":1}],"offpool":[0,0,1],"player":{"def":5,"effects":[0,0,0,0],"hp":76,"max_hp":80},"pool":[1,1,1,0,0]}
end 
{"deck":[0,0,0,0,0,1,1,1,1,2],"energy":3,"game_state":0,"hand":[0,0,1,1,1],"max_energy":3,"mobs":[{"def":0,"effects":[0,0,6,3],"hp":10,"max_hp":52,"move":1,"type":1}],"offpool":[0,0,1,0,2],"player":{"def":0,"effects":[0,0,0,0],"hp":69,"max_hp":80},"pool":[]}
play 0 0 
{"deck":[0,0,0,0,0,1,1,1,1,2],"energy":2,"game_state":0,"hand":[0,1,1,1],"max_energy":3,"mobs":[{"def":0,"effects":[0,0,6,3],"hp":4,"max_hp":52,"move":1,"type":1}],"offpool":[0,0,1,0,2,0],"player":{"def":0,"effects":[0,0,0,0],"hp":69,"max_hp":80},"pool":[]}
play 0 0 
{"deck":[0,0,0,0,0,1,1,1,1,2],"game_state":2,"max_energy":3,"player":{"def":0,"effects":[0,0,0,0],"hp":69,"max_hp":80}}
===============RESET===============
{"game_state":3}
play 1 
{"deck":[0,0,0,0,0,1,1,1,1,2],"energy":3,"game_state":0,"hand":[0,1,0,1,0],"max_energy":3,"mobs":[{"def":0,"effects":[0,0,0,0],"hp":52,"max_hp":52,"move":3,"type":1}],"offpool":[],"player":{"def":0,"effects":[0,0,0,0],"hp":80,"max_hp":80},"pool":[0,1,2,0,1]}
play 0 0 
{"deck":[0,0,0,0,0,1,1,1,1,2],"energy":2,"game_state":0,"hand":[1,0,1,0],"max_energy":3,"mobs":[{"def":0,"effects":[0,0,0,0],"hp":46,"max_hp":52,"move":3,"type":1}],"offpool":[0],"player":{"def":0,"effects":[0,0,0,0],"hp":80,"max_hp":80},"pool":[0,1,2,0,1]}
play 1 0 
{"deck":[0,0,0,0,0,1,1,1,1,2],"energy":1,"game_state":0,"hand":[1,1,0],"max_energy":3,"mobs":[{"def":0,"effects":[0,0,0,0],"hp":40,"max_hp":52,"move":3,"type":1}],"offpool":[0,0],"player":{"def":0,"effects":[0,0,0,0],"hp":80,"max_hp":80},"pool":[0,1,2,0,1]}
play 2 0 
{"deck":[0,0,0,0,0,1,1,1,1,2],"energy":0,"game_state":0,"hand":[1,1],"max_energy":3,"mobs":[{"def":0,"effects":[0,0,0,0],"hp":34,"max_hp":52,"move":3,"type":1}],"offpool":[0,0,0],"player":{"def":0,"effects":[0,0,0,0],"hp":80,"max_hp":80},"pool":[0,1,2,0,1]}
end 
{"deck":[0,0,0,0,0,1,1,1,1,2],"energy":3,"game_state":0,"hand":[1,0,2,1,0],"max_energy":3,"mobs":[{"def":0,"effects":[0,0,0,3],"hp":34,"max_hp":52,"move":1,"type":1}],"offpool":[0,0,0,1,1],"player":{"def":0,"effects":[0,0,0,0],"hp":80,"max_hp":80},"pool":[]}
play 1 0 
{"deck":[0,0,0,0,0,1,1,1,1,2],"energy":2,"game_state":0,"hand":[1,2,1,0],"max_energy":3,"mobs":[{"def":0,"effects":[0,0,0,3],"hp":28,"max_hp":52,"move":1,"type":1}],"offpool":[0,0,0,1,1,0],"player":{"def":0,"effects":[0,0,0,0],"hp":80,"max_hp":80},"pool":[]}
play 3 0 
{"deck":[0,0,0,0,0,1,1,1,1,2],"energy":1,"game_state":0,"hand":[1,2,1],"max_energy":3,"mobs":[{"def":0,"effects":[0,0,0,3],"hp":22,"max_hp":52,"move":1,"type":1}],"offpool":[0,0,0,1,1,0,0],"player":{"def":0,"effects":[0,0,0,0],"hp":80,"max_hp":80},"pool":[]}
play 0 
{"deck":[0,0,0,0,0,1,1,1,1,2],"energy":0,"game_state":0,"hand":[2,1],"max_energy":3,"mobs":[{"def":0,"effects":[0,0,0,3],"hp":22,"max_hp":52,"move":1,"type":1}],"offpool":[0,0,0,1,1,0,0,1],"player":{"def":5,"effects":[0,0,0,0],"hp":80,"max_hp":80},"pool":[]}
end 
{"deck":[0,0,0,0,0,1,1,1,1,2],"energy":3,"game_state":0,"hand":[2,1,0,0,0],"max_energy":3,"mobs":[{"def":0,"effects":[0,0,3,3],"hp":22,"max_hp":52,"move":1,"type":1}],"offpool":[],"player":{"def":0,"effects":[0,0,0,0],"hp":76,"max_hp":80},"pool":[0,1,0,1,1]}
play 2 0 
{"deck":[0,0,0,0,0,1,1,1,1,2],"energy":2,"game_state":0,"hand":[2,1,0,0],"max_energy":3,"mobs":[{"def":0,"effects":[0,0,3,3],"hp":16,"max_hp":52,"move":1,"type":1}],"offpool":[0],"player":{"def":0,"effects":[0,0,0,0],"hp":76,"max_hp":80},"pool":[0,1,0,1,1]}
play 2 0 
{"deck":[0,0,0,0,0,1,1,1,1,2],"energy":1,"game_state":0,"hand":[2,1,0],"max_energy":3,"mobs":[{"def":0,"effects":[0,0,3,3],"hp":10,"max_hp":52,"move":1,"type":1}],"offpool":[0,0],"player":{"def":0,"effects":[0,0,0,0],"hp":76,"max_hp":80},"pool":[0,1,0,1,1]}
play 2 0 
{"deck":[0,0,0,0,0,1,1,1,1,2],"energy":0,"game_state":0,"hand":[2,1],"max_energy":3,"mobs":[{"def":0,"effects":[0,0,3,3],"hp":4,"max_hp":52,"move":1,"type":1}],"offpool":[0,0,0],"player":{"def":0,"effects":[0,0,0,0],"hp":76,"max_hp":80},"pool":[0,1,0,1,1]}
end 
{"deck":[0,0,0,0,0,1,1,1,1,2],"energy":3,"game_state":0,"hand":[1,1,0,1,0],"max_energy":3,"mobs":[{"def":0,"effects":[0,0,6,3],"hp":4,"max_hp":52,"move":1,"type":1}],"offpool":[0,0,0,1,2],"player":{"def":0,"effects":[0,0,0,0],"hp":64,"max_hp":80},"pool":[]}
play 2 0 
{"deck":[0,0,0,0,0,1,1,1,1,2],"game_state":2,"max_energy":3,"player":{"def":0,"effects":[0,0,0,0],"hp":64,"max_hp":80}}
===============RESET===============
{"game_state":3}
play 1 
{"deck":[0,0,0,0,0,1,1,1,1,2],"energy":3,"game_state":0,"hand":[0,1,1,0,0],"max_energy":3,"mobs":[{"def":0,"effects":[0,0,0,0],"hp":51,"max_hp":51,"move":3,"type":1}],"offpool":[],"player":{"def":0,"effects":[0,0,0,0],"hp":80,"max_hp":80},"pool":[0,1,0,2,1]}
play 0 0 
{"deck":[0,0,0,0,0,1,1,1,1,2],"energy":2,"game_state":0,"hand":[1,1,0,0],"max_energy":3,"mobs":[{"def":0,"effects":[0,0,0,0],"hp":45,"max_hp":51,"move":3,"type":1}],"offpool":[0],"player":{"def":0,"effects":[0,0,0,0],"hp":80,"max_hp":80},"pool":[0,1,0,2,1]}
play 2 0 
{"deck":[0,0,0,0,0,1,1,1,1,2],"energy":1,"game_state":0,"hand":[1,1,0],"max_energy":3,"mobs":[{"def":0,"effects":[0,0,0,0],"hp":39,"max_hp":51,"move":3,"type":1}],"offpool":[0,0],"player":{"def":0,"effects":[0,0,0,0],"hp":80,"max_hp":80},"pool":[0,1,0,2,1]}
play 2 0 
{"deck":[0,0,0,0,0,1,1,1,1,2],"energy":0,"game_state":0,"hand":[1,1],"max_energy":3,"mobs":[{"def":0,"effects":[0,0,0,0],"hp":33,"max_hp":51,"move":3,"type":1}],"offpool":[0,0,0],"player":{"def":0,"effects":[0,0,0,0],"hp":80,"max_hp":80},"pool":[0,1,0,2,1]}
end 
{"deck":[0,0,0,0,0,1,1,1,1,2],"energy":3,"game_state":0,"hand":[1,2,0,1,0],"max_energy":3,"mobs":[{"def":0,"effects":[0,0,0,3],"hp":33,"max_hp":51,"move":1,"type":1}],"offpool":[0,0,0,1,1],"player":{"def":0,"effects":[0,0,0,0],"hp":80,"max_hp":80},"pool":[]}
play 2 0 
{"deck":[0,0,0,0,0,1,1,1,1,2],"energy":2,"game_state":0,"hand":[1,2,1,0],"max_energy":3,"mobs":[{"def":0,"effects":[0,0,0,3],"hp":27,"max_hp":51,"move":1,"type":1}],"offpool":[0,0,0,1,1,0],"player":{"def":0,"effects":[0,0,0,0],"hp":80,"max_hp":80},"pool":[]}
play 3 0 
{"deck":[0,0,0,0,0,1,1,1,1,2],"energy":1,"game_state":0,"hand":[1,2,1],"max_energy":3,"mobs":[{"def":0,"effects":[0,0,0,3],"hp":21,"max_hp":51,"move":1,"type":1}],"offpool":[0,0,0,1,1,0,0],"player":{"def":0,"effects":[0,0,0,0],"hp":80,"max_hp":80},"pool":[]}
play 0 
{"deck":[0,0,0,0,0,1,1,1,1,2],"energy":0,"game_state":0,"hand":[2,1],"max_energy":3,"mobs":[{"def":0,"effects":[0,0,0,3],"hp":21,"max_hp":51,"move":1,"type":1}],"offpool":[0,0,0,1,1,0,0,1],"player":{"def":5,"effects":[0,0,0,0],"hp":80,"max_hp":80},"pool":[]}
end 
{"deck":[0,0,0,0,0,1,1,1,1,2],"energy":3,"game_state":0,"hand":[1,2,1,1,0],"max_energy":3,"mobs":[{"def":0,"effects":[0,0,3,3],"hp":21,"max_hp":51,"move":1,"type":1}],"offpool":[],"player":{"def":0,"effects":[0,0,0,0],"hp":76,"max_hp":80},"pool":[0,0,0,0,1]}
play 0 
{"deck":[0,0,0,0,0,1,1,1,1,2],"energy":2,"game_state":0,"hand":[2,1,1,0],"max_energy":3,"mobs":[{"def":0,"effects":[0,0,3,3],"hp":21,"max_hp":51,"move":1,"type":1}],"offpool":[1],"player":{"def":5,"effects":[0,0,0,0],"hp":76,"max_hp":80},"pool":[0,0,0,0,1]}
play 3 0 
{"deck":[0,0,0,0,0,1,1,1,1,2],"energy":1,"game_state":0,"hand":[2,1,1],"max_energy":3,"mobs":[{"def":0,"effects":[0,0,3,3],"hp":15,"max_hp":51,"move":1,"type":1}],"offpool":[1,0],"player":{"def":5,"effects":[0,0,0,0],"hp":76,"max_hp":80},"pool":[0,0,0,0,1]}
play 2 
{"deck":[0,0,0,0,0,1,1,1,1,2],"energy":0,"game_state":0,"hand":[2,1],"max_energy":3,"mobs":[{"def":0,"effects":[0,0,3,3],"hp":15,"max_hp":51,"move":1,"type":1}],"offpool":[1,0,1],"player":{"def":10,"effects":[0,0,0,0],"hp":76,"max_hp":80},"pool":[0,0,0,0,1]}
end 
{"deck":[0,0,0,0,0,1,1,1,1,2],"energy":3,"game_state":0,"hand":[1,0,0,0,0],"max_energy":3,"mobs":[{"def":0,"effects":[0,0,6,3],"hp":15,"max_hp":51,"move":1,"type":1}],"offpool":[1,0,1,1,2],"player":{"def":0,"effects":[0,0,0,0],"hp":74,"max_hp":80},"pool":[]}
play 2 0 
{"deck":[0,0,0,0,0,1,1,1,1,2],"energy":2,"game_state":0,"hand":[1,0,0,0],"max_energy":3,"mobs":[{"def":0,"effects":[0,0,6,3],"hp":9,"max_hp":51,"move":1,"type":1}],"offpool":[1,0,1,1,2,0],"player":{"def":0,"effects":[0,0,0,0],"hp":74,"max_hp":80},"pool":[]}
play 2 0 
{"deck":[0,0,0,0,0,1,1,1,1,2],"energy":1,"game_state":0,"hand":[1,0,0],"max_energy":3,"mobs":[{"def":0,"effects":[0,0,6,3],"hp":3,"max_hp":51,"move":1,"type":1}],"offpool":[1,0,1,1,2,0,0],"player":{"def":0,"effects":[0,0,0,0],"hp":74,"max_hp":80},"pool":[]}
play 2 0 
{"deck":[0,0,0,0,0,1,1,1,1,2],"game_state":2,"max_energy":3,"player":{"def":0,"effects":[0,0,0,0],"hp":74,"max_hp":80}}
===============RESET===============
{"game_state":3}
play 1 
{"deck":[0,0,0,0,0,1,1,1,1,2],"energy":3,"game_state":0,"hand":[0,0,0,0,1],"max_energy":3,"mobs":[{"def":0,"effects":[0,0,0,0],"hp":51,"max_hp":51,"move":3,"type":1}],"offpool":[],"player":{"def":0,"effects":[0,0,0,0],"hp":80,"max_hp":80},"pool":[1,1,1,0,2]}
play 0 0 
{"deck":[0,0,0,0,0,1,1,1,1,2],"energy":2,"game_state":0,"hand":[0,0,0,1],"max_energy":3,"mobs":[{"def":0,"effects":[0,0,0,0],"hp":45,"max_hp":51,"move":3,"type":1}],"offpool":[0],"player":{"def":0,"effects":[0,0,0,0],"hp":80,"max_hp":80},"pool":[1,1,1,0,2]}
play 0 0 
{"deck":[0,0,0,0,0,1,1,1,1,2],"energy":1,"game_state":0,"hand":[0,0,1],"max_energy":3,"mobs":[{"def":0,"effects":[0,0,0,0],"hp":39,"max_hp":51,"move":3,"type":1}],"offpool":[0,0],"player":{"def":0,"effects":[0,0,0,0],"hp":80,"max_hp":80},"pool":[1,1,1,0,2]}
play 1 0 
{"deck":[0,0,0,0,0,1,1,1,1,2],"energy":0,"game_state":0,"hand":[0,1],"max_energy":3,"mobs":[{"def":0,"effects":[0,0,0,0],"hp":33,"max_hp":51,"move":3,"type":1}],"offpool":[0,0,0],"player":{"def":0,"effects":[0,0,0,0],"hp":80,"max_hp":80},"pool":[1,1,1,0,2]}
end 
{"deck":[0,0,0,0,0,1,1,1,1,2],"energy":3,"game_state":0,"hand":[2,0,1,1,1],"max_energy":3,"mobs":[{"def":0,"effects":[0,0,0,3],"hp":33,"max_hp":51,"move":1,"type":1}],"offpool":[0,0,0,1,0],"player":{"def":0,"effects":[0,0,0,0],"hp":80,"max_hp":80},"pool":[]}
play 1 0 
{"deck":[0,0,0,0,0,1,1,1,1,2],"energy":2,"game_state":0,"hand":[2,1,1,1],"max_energy":3,"mobs":[{"def":0,"effects":[0,0,0,3],"hp":27,"max_hp":51,"move":1,"type":1}],"offpool":[0,0,0,1,0,0],"player":{"def":0,"effects":[0,0,0,0],"hp":80,"max_hp":80},"pool":[]}
play 1 
{"deck":[0,0,0,0,0,1,1,1,1,2],"energy":1,"game_state":0,"hand":[2,1,1],"max_energy":3,"mobs":[{"def":0,"effects":[0,0,0,3],"hp":27,"max_hp":51,"move":1,"type":1}],"offpool":[0,0,0,1,0,0,1],"player":{"def":5,"effects":[0,0,0,0],"hp":80,"max_hp":80},"pool":[]}
play 2 
{"deck":[0,0,0,0,0,1,1,1,1,2],"energy":0,"game_state":0,"hand":[2,1],"max_energy":3,"mobs":[{"def":0,"effects":[0,0,0,3],"hp":27,"max_hp":51,"move":1,"type":1}],"offpool":[0,0,0,1,0,0,1,1],"player":{"def":10,"effects":[0,0,0,0],"hp":80,"max_hp":80},"pool":[]}
end 
{"deck":[0,0,0,0,0,1,1,1,1,2],"energy":3,"game_state":0,"hand":[0,2,0,0,0],"max_energy":3,"mobs":[{"def":0,"effects":[0,0,3,3],"hp":27,"max_hp":51,"move":1,"type":1}],"offpool":[],"player":{"def":0,"effects":[0,0,0,0],"hp":80,"max_hp":80},"pool":[1,1,1,1,0]}
play 0 0 
{"deck":[0,0,0,0,0,1,1,1,1,2],"energy":2,"game_state":0,"hand":[2,0,0,0],"max_energy":3,"mobs":[{"def":0,"effects":[0,0,3,3],"hp":21,"max_hp":51,"move":1,"type":1}],"offpool":[0],"player":{"def":0,"effects":[0,0,0,0],"hp":80,"max_hp":80},"pool":[1,1,1,1,0]}
play 1 0 
{"deck":[0,0,0,0,0,1,1,1,1,2],"energy":1,"game_state":0,"hand":[2,0,0],"max_energy":3,"mobs":[{"def":0,"effects":[0,0,3,3],"hp":15,"max_hp":51,"move":1,"type":1}],"offpool":[0,0],"player":{"def":0,"effects":[0,0,0,0],"hp":80,"max_hp":80},"pool":[1,1,1,1,0]}
play 2 0 
{"deck":[0,0,0,0,0,1,1,1,1,2],"energy":0,"game_state":0,"hand":[2,0],"max_energy":3,"mobs":[{"def":0,"effects":[0,0,3,3],"hp":9,"max_hp":51,"move":1,"type":1}],"offpool":[0,0,0],"player":{"def":0,"effects":[0,0,0,0],"hp":80,"max_hp":80},"pool":[1,1,1,1,0]}
end 
{"deck":[0,0,0,0,0,1,1,1,1,2],"energy":3,"game_state":0,"hand":[0,1,1,1,1],"max_energy":3,"mobs":[{"def":0,"effects":[0,0,6,3],"hp":9,"max_hp":51,"move":1,"type":1}],"offpool":[0,0,0,0,2],"player":{"def":0,"effects":[0,0,0,0],"hp":68,"max_hp":80},"pool":[]}
play 0 0 
{"deck":[0,0,0,0,0,1,1,1,1,2],"energy":2,"game_state":0,"hand":[1,1,1,1],"max_energy":3,"mobs":[{"def":0,"effects":[0,0,6,3],"hp":3,"max_hp":51,"move":1,"type":1}],"offpool":[0,0,0,0,2,0],"player":{"def":0,"effects":[0,0,0,0],"hp":68,"max_hp":80},"pool":[]}
play 2 
{"deck":[0,0,0,0,0,1,1,1,1,2],"energy":1,"game_state":0,"hand":[1,1,1],"max_energy":3,"mobs":[{"def":0,"effects":[0,0,6,3],"hp":3,"max_hp":51,"move":1,"type":1}],"offpool":[0,0,0,0,2,0,1],"player":{"def":5,"effects":[0,0,0,0],"hp":68,"max_hp":80},"pool":[]}
play 1 
{"deck":[0,0,0,0,0,1,1,1,1,2],"energy":0,"game_state":0,"hand":[1,1],"max_energy":3,"mobs":[{"def":0,"effects":[0,0,6,3],"hp":3,"max_hp":51,"move":1,"type":1}],"offpool":[0,0,0,0,2,0,1,1],"player":{"def":10,"effects":[0,0,0,0],"hp":68,"max_hp":80},"pool":[]}
end 
{"deck":[0,0,0,0,0,1,1,1,1,2],"energy":3,"game_state":0,"hand":[0,1,2,1,0],"max_energy":3,"mobs":[{"def":0,"effects":[0,0,9,3],"hp":3,"max_hp":51,"move":1,"type":1}],"offpool":[],"player":{"def":0,"effects":[0,0,0,0],"hp":63,"max_hp":80},"pool":[0,0,1,1,0]}
play 0 0 
{"deck":[0,0,0,0,0,1,1,1,1,2],"game_state":2,"max_energy":3,"player":{"def":0,"effects":[0,0,0,0],"hp":63,"max_hp":80}}
===============RESET===============
{"game_state":3}
play 1 
{"deck":[0,0,0,0,0,1,1,1,1,2],"energy":3,"game_state":0,"hand":[0,0,0,1,0],"max_energy":3,"mobs":[{"def":0,"effects":[0,0,0,0],"hp":49,"max_hp":49,"move":3,"type":1}],"offpool":[],"player":{"def":0,"effects":[0,0,0,0],"hp":80,"max_hp":80},"pool":[2,1,1,1,0]}
play 0 0 
{"deck":[0,0,0,0,0,1,1,1,1,2],"energy":2,"game_state":0,"hand":[0,0,1,0],"max_energy":3,"mobs":[{"def":0,"effects":[0,0,0,0],"hp":43,"max_hp":49,"move":3,"type":1}],"offpool":[0],"player":{"def":0,"effects":[0,0,0,0],"hp":80,"max_hp":80},"pool":[2,1,1,1,0]}
play 0 0 
{"deck":[0,0,0,0,0,1,1,1,1,2],"energy":1,"game_state":0,"hand":[0,1,0],"max_energy":3,"mobs":[{"def":0,"effects":[0,0,0,0],"hp":37,"max_hp":49,"move":3,"type":1}],"offpool":[0,0],"player":{"def":0,"effects":[0,0,0,0],"hp":80,"max_hp":80},"pool":[2,1,1,1,0]}
play 0 0 
{"deck":[0,0,0,0,0,1,1,1,1,2],"energy":0,"game_state":0,"hand":[1,0],"max_energy":3,"mobs":[{"def":0,"effects":[0,0,0,0],"hp":31,"max_hp":49,"move":3,"type":1}],"offpool":[0,0,0],"player":{"def":0,"effects":[0,0,0,0],"hp":80,"max_hp":80},"pool":[2,1,1,1,0]}
end 
{"deck":[0,0,0,0,0,1,1,1,1,2],"energy":3,"game_state":0,"hand":[0,1,1,1,2],"max_energy":3,"mobs":[{"def":0,"effects":[0,0,0,3],"hp":31,"max_hp":49,"move":1,"type":1}],"offpool":[0,0,0,0,1],"player":{"def":0,"effects":[0,0,0,0],"hp":80,"max_hp":80},"pool":[]}
play 0 0 
{"deck":[0,0,0,0,0,1,1,1,1,2],"energy":2,"game_state":0,"hand":[1,1,1,2],"max_energy":3,"mobs":[{"def":0,"effects":[0,0,0,3],"hp":25,"max_hp":49,"move":1,"type":1}],"offpool":[0,0,0,0,1,0],"player":{"def":0,"effects":[0,0,0,0],"hp":80,"max_hp":80},"pool":[]}
play 0 
{"deck":[0,0,0,0,0,1,1,1,1,2],"energy":1,"game_state":0,"hand":[1,1,2],"max_energy":3,"mobs":[{"def":0,"effects":[0,0,0,3],"hp":25,"max_hp":49,"move":1,"type":1}],"offpool":[0,0,0,0,1,0,1],"player":{"def":5,"effects":[0,0,0,0],"hp":80,"max_hp":80},"pool":[]}
play 0 
{"deck":[0,0,0,0,0,1,1,1,1,2],"energy":0,"game_state":0,"hand":[1,2],"max_energy":3,"mobs":[{"def":0,"effects":[0,0,0,3],"hp":25,"max_hp":49,"move":1,"type":1}],"offpool":[0,0,0,0,1,0,1,1],"player":{"def":10,"effects":[0,0,0,0],"hp":80,"max_hp":80},"pool":[]}
end 
{"deck":[0,0,0,0,0,1,1,1,1,2],"energy":3,"game_state":0,"hand":[0,0,1,1,2],"max_energy":3,"mobs":[{"def":0,"effects":[0,0,3,3],"hp":25,"max_hp":49,"move":1,"type":1}],"offpool":[],"player":{"def":0,"effects":[0,0,0,0],"hp":80,"max_hp":80},"pool":[0,1,0,1,0]}
play 0 0 
{"deck":[0,0,0,0,0,1,1,1,1,2],"energy":2,"game_state":0,"hand":[0,1,1,2],"max_energy":3,"mobs":[{"def":0,"effects":[0,0,3,3],"hp":19,"max_hp":49,"move":1,"type":1}],"offpool":[0],"player":{"def":0,"effects":[0,0,0,0],"hp":80,"max_hp":80},"pool":[0,1,0,1,0]}
play 0 0 
{"deck":[0,0,0,0,0,1,1,1,1,2],"energy":1,"game_state":0,"hand":[1,1,2],"max_energy":3,"mobs":[{"def":0,"effects":[0,0,3,3],"hp":13,"max_hp":49,"move":1,"type":1}],"offpool":[0,0],"player":{"def":0,"effects":[0,0,0,0],"hp":80,"max_hp":80},"pool":[0,1,0,1,0]}
play 0 
{"deck":[0,0,0,0,0,1,1,1,1,2],"energy":0,"game_state":0,"hand":[1,2],"max_energy":3,"mobs":[{"def":0,"effects":[0,0,3,3],"hp":13,"max_hp":49,"move":1,"type":1}],"offpool":[0,0,1],"player":{"def":5,"effects":[0,0,0,0],"hp":80,"max_hp":80},"pool":[0,1,0,1,0]}
end 
{"deck":[0,0,0,0,0,1,1,1,1,2],"energy":3,"game_state":0,"hand":[0,1,0,1,0],"max_energy":3,"mobs":[{"def":0,"effects":[0,0,6,3],"hp":13,"max_hp":49,"move":1,"type":1}],"offpool":[0,0,1,2,1],"player":{"def":0,"effects":[0,0,0,0],"hp":73,"max_hp":80},"pool":[]}
play 2 0 
{"deck":[0,0,0,0,0,1,1,1,1,2],"energy":2,"game_state":0,"hand":[0,1,1,0],"max_energy":3,"mobs":[{"def":0,"effects":[0,0,6,3],"hp":7,"max_hp":49,"move":1,"type":1}],"offpool":[0,0,1,2,1,0],"player":{"def":0,"effects":[0,0,0,0],"hp":73,"max_hp":80},"pool":[]}
play 0 0 
{"deck":[0,0,0,0,0,1,1,1,1,2],"energy":1,"game_state":0,"hand":[1,1,0],"max_energy":3,"mobs":[{"def":0,"effects":[0,0,6,3],"hp":1,"max_hp":49,"move":1,"type":1}],"offpool":[0,0,1,2,1,0,0],"player":{"def":0,"effects":[0,0,0,0],"hp":73,"max_hp":80},"pool":[]}
play 2 0 
{"deck":[0,0,0,0,0,1,1,1,1,2],"game_state":2,"max_energy":3,"player":{"def":0,"effects":[0,0,0,0],"hp":73,"max_hp":80}}
===============RESET===============
{"game_state":3}
play 1 
{"deck":[0,0,0,0,0,1,1,1,1,2],"energy":3,"game_state":0,"hand":[1,1,0,1,2],"max_energy":3,"mobs":[{"def":0,"effects":[0,0,0,0],"hp":52,"max_hp":52,"move":3,"type":1}],"offpool":[],"player":{"def":0,"effects":[0,0,0,0],"hp":80,"max_hp":80},"pool":[0,0,1,0,0]}
play 2 0 
{"deck":[0,0,0,0,0,1,1,1,1,2],"energy":2,"game_state":0,"hand":[1,1,1,2],"max_energy":3,"mobs":[{"def":0,"effects":[0,0,0,0],"hp":46,"max_hp":52,"move":3,"type":1}],"offpool":[0],"player":{"def":0,"effects":[0,0,0,0],"hp":80,"max_hp":80},"pool":[0,0,1,0,0]}
end 
{"deck":[0,0,0,0,0,1,1,1,1,2],"energy":3,"game_state":0,"hand":[0,0,1,0,0],"max_energy":3,"mobs":[{"def":0,"effects":[0,0,0,3],"hp":46,"max_hp":52,"move":1,"type":1}],"offpool":[0,2,1,1,1],"player":{"def":0,"effects":[0,0,0,0],"hp":80,"max_hp":80},"pool":[]}
play 0 0 
{"deck":[0,0,0,0,0,1,1,1,1,2],"energy":2,"game_state":0,"hand":[0,1,0,0],"max_energy":3,"mobs":[{"def":0,"effects":[0,0,0,3],"hp":40,"max_hp":52,"move":1,"type":1}],"offpool":[0,2,1,1,1,0],"player":{"def":0,"effects":[0,0,0,0],"hp":80,"max_hp":80},"pool":[]}
play 0 0 
{"deck":[0,0,0,0,0,1,1,1,1,2],"energy":1,"game_state":0,"hand":[1,0,0],"max_energy":3,"mobs":[{"def":0,"effects":[0,0,0,3],"hp":34,"max_hp":52,"move":1,"type":1}],"offpool":[0,2,1,1,1,0,0],"player":{"def":0,"effects":[0,0,0,0],"hp":80,"max_hp":80},"pool":[]}
play 2 0 
{"deck":[0,0,0,0,0,1,1,1,1,2],"energy":0,"game_state":0,"hand":[1,0],"max_energy":3,"mobs":[{"def":0,"effects":[0,0,0,3],"hp":28,"max_hp":52,"move":1,"type":1}],"offpool":[0,2,1,1,1,0,0,0],"player":{"def":0,"effects":[0,0,0,0],"hp":80,"max_hp":80},"pool":[]}
end 
{"deck":[0,0,0,0,0,1,1,1,1,2],"energy":3,"game_state":0,"hand":[1,0,1,0,2],"max_energy":3,"mobs":[{"def":0,"effects":[0,0,3,3],"hp":28,"max_hp":52,"move":1,"type":1}],"offpool":[],"player":{"def":0,"effects":[0,0,0,0],"hp":71,"max_hp":80},"pool":[0,1,0,1,0]}
play 1 0 
{"deck":[0,0,0,0,0,1,1,1,1,2],"energy":2,"game_state":0,"hand":[1,1,0,2],"max_energy":3,"mobs":[{"def":0,"effects":[0,0,3,3],"hp":22,"max_hp":52,"move":1,"type":1}],"offpool":[0],"player":{"def":0,"effects":[0,0,0,0],"hp":71,"max_hp":80},"pool":[0,1,0,1,0]}
play 2 0 
{"deck":[0,0,0,0,0,1,1,1,1,2],"energy":1,"game_state":0,"hand":[1,1,2],"max_energy":3,"mobs":[{"def":0,"effects":[0,0,3,3],"hp":16,"max_hp":52,"move":1,"type":1}],"offpool":[0,0],"player":{"def":0,"effects":[0,0,0,0],"hp":71,"max_hp":80},"pool":[0,1,0,1,0]}
play 0 
{"deck":[0,0,0,0,0,1,1,1,1,2],"energy":0,"game_state":0,"hand":[1,2],"max_energy":3,"mobs":[{"def":0,"effects":[0,0,3,3],"hp":16,"max_hp":52,"move":1,"type":1}],"offpool":[0,0,1],"player":{"def":5,"effects":[0,0,0,0],"hp":71,"max_hp":80},"pool":[0,1,0,1,0]}
end 
{"deck":[0,0,0,0,0,1,1,1,1,2],"energy":3,"game_state":0,"hand":[0,1,0,1,0],"max_energy":3,"mobs":[{"def":0,"effects":[0,0,6,3],"hp":16,"max_hp":52,"move":1,"type":1}],"offpool":[0,0,1,2,1],"player":{"def":0,"effects":[0,0,0,0],"hp":64,"max_hp":80},"pool":[]}
play 0 0 
{"deck":[0,0,0,0,0,1,1,1,1,2],"energy":2,"game_state":0,"hand":[1,0,1,0],"max_energy":3,"mobs":[{"def":0,"effects":[0,0,6,3],"hp":10,"max_hp":52,"move":1,"type":1}],"offpool":[0,0,1,2,1,0],"player":{"def":0,"effects":[0,0,0,0],"hp":64,"max_hp":80},"pool":[]}
play 1 0 
{"deck":[0,0,0,0,0,1,1,1,1,2],"energy":1,"game_state":0,"hand":[1,1,0],"max_energy":3,"mobs":[{"def":0,"effects":[0,0,6,3],"hp":4,"max_hp":52,"move":1,"type":1}],"offpool":[0,0,1,2,1,0,0],"player":{"def":0,"effects":[0,0,0,0],"hp":64,"max_hp":80},"pool":[]}
play 2 0 
{"deck":[0,0,0,0,0,1,1,1,1,2],"game_state":2,"max_energy":3,"player":{"def":0,"effects":[0,0,0,0],"hp":64,"max_hp":80}}
===============RESET===============
{"game_state":3}
play 1 
{"deck":[0,0,0,0,0,1,1,1,1,2],"energy":3,"game_state":0,"hand":[2,1,0,0,1],"max_energy":3,"mobs":[{"def":0,"effects":[0,0,0,0],"hp":48,"max_hp":48,"move":3,"type":1}],"offpool":[],"player":{"def":0,"effects":[0,0,0,0],"hp":80,"max_hp":80},"pool":[1,1,0,0,0]}
play 2 0 
{"deck":[0,0,0,0,0,1,1,1,1,2],"energy":2,"game_state":0,"hand":[2,1,0,1],"max_energy":3,"mobs":[{"def":0,"effects":[0,0,0,0],"hp":42,"max_hp":48,"move":3,"type":1}],"offpool":[0],"player":{"def":0,"effects":[0,0,0,0],"hp":80,"max_hp":80},"pool":[1,1,0,0,0]}
play 2 0 
{"deck":[0,0,0,0,0,1,1,1,1,2],"energy":1,"game_state":0,"hand":[2,1,1],"max_energy":3,"mobs":[{"def":0,"effects":[0,0,0,0],"hp":36,"max_hp":48,"move":3,"type":1}],"offpool":[0,0],"player":{"def":0,"effects":[0,0,0,0],"hp":80,"max_hp":80},"pool":[1,1,0,0,0]}
end 
{"deck":[0,0,0,0,0,1,1,1,1,2],"energy":3,"game_state":0,"hand":[0,0,0,1,1],"max_energy":3,"mobs":[{"def":0,"effects":[0,0,0,3],"hp":36,"max_hp":48,"move":1,"type":1}],"offpool":[0,0,1,1,2],"player":{"def":0,"effects":[0,0,0,0],"hp":80,"max_hp":80},"pool":[]}
play 2 0 
{"deck":[0,0,0,0,0,1,1,1,1,2],"energy":2,"game_state":0,"hand":[0,0,1,1],"max_energy":3,"mobs":[{"def":0,"effects":[0,0,0,3],"hp":30,"max_hp":48,"move":1,"type":1}],"offpool":[0,0,1,1,2,0],"player":{"def":0,"effects":[0,0,0,0],"hp":80,"max_hp":80},"pool":[]}
play 0 0 
{"deck":[0,0,0,0,0,1,1,1,1,2],"energy":1,"game_state":0,"hand":[0,1,1],"max_energy":3,"mobs":[{"def":0,"effects":[0,0,0,3],"hp":24,"max_hp":48,"move":1,"type":1}],"offpool":[0,0,1,1,2,0,0],"player":{"def":0,"effects":[0,0,0,0],"hp":80,"max_hp":80},"pool":[]}
play 0 0 
{"deck":[0,0,0,0,0,1,1,1,1,2],"energy":0,"game_state":0,"hand":[1,1],"max_energy":3,"mobs":[{"def":0,"effects":[0,0,0,3],"hp":18,"max_hp":48,"move":1,"type":1}],"offpool":[0,0,1,1,2,0,0,0],"player":{"def":0,"effects":[0,0,0,0],"hp":80,"max_hp":80},"pool":[]}
end 
{"deck":[0,0,0,0,0,1,1,1,1,2],"energy":3,"game_state":0,"hand":[1,1,0,1,0],"max_energy":3,"mobs":[{"def":0,"effects":[0,0,3,3],"hp":18,"max_hp":48,"move":1,"type":1}],"offpool":[],"player":{"def":0,"effects":[0,0,0,0],"hp":71,"max_hp":80},"pool":[1,0,0,2,0]}
play 2 0 
{"deck":[0,0,0,0,0,1,1,1,1,2],"energy":2,"game_state":0,"hand":[1,1,1,0],"max_energy":3,"mobs":[{"def":0,"effects":[0,0,3,3],"hp":12,"max_hp":48,"move":1,"type":1}],"offpool":[0],"player":{"def":0,"effects":[0,0,0,0],"hp":71,"max_hp":80},"pool":[1,0,0,2,0]}
play 3 0 
{"deck":[0,0,0,0,0,1,1,1,1,2],"energy":1,"game_state":0,"hand":[1,1,1],"max_energy":3,"mobs":[{"def":0,"effects":[0,0,3,3],"hp":6,"max_hp":48,"move":1,"type":1}],"offpool":[0,0],"player":{"def":0,"effects":[0,0,0,0],"hp":71,"max_hp":80},"pool":[1,0,0,2,0]}
play 1 
{"deck":[0,0,0,0,0,1,1,1,1,2],"energy":0,"game_state":0,"hand":[1,1],"max_energy":3,"mobs":[{"def":0,"effects":[0,0,3,3],"hp":6,"max_hp":48,"move":1,"type":1}],"offpool":[0,0,1],"player":{"def":5,"effects":[0,0,0,0],"hp":71,"max_hp":80},"pool":[1,0,0,2,0]}
end 
{"deck":[0,0,0,0,0,1,1,1,1,2],"energy":3,"game_state":0,"hand":[0,2,0,0,1],"max_energy":3,"mobs":[{"def":0,"effects":[0,0,6,3],"hp":6,"max_hp":48,"move":1,"type":1}],"offpool":[0,0,1,1,1],"player":{"def":0,"effects":[0,0,0,0],"hp":64,"max_hp":80},"pool":[]}
play 2 0 
{"deck":[0,0,0,0,0,1,1,1,1,2],"game_state":2,"max_energy":3,"player":{"def":0,"effects":[0,0,0,0],"hp":64,"max_hp":80}}
===============RESET===============
{"game_state":3}
play 1 
{"deck":[0,0,0,0,0,1,1,1,1,2],"energy":3,"game_state":0,"hand":[0,0,2,0,0],"max_energy":3,"mobs":[{"def":0,"effects":[0,0,0,0],"hp":50,"max_hp":50,"move":3,"type":1}],"offpool":[],"player":{"def":0,"effects":[0,0,0,0],"hp":80,"max_hp":80},"pool":[1,0,1,1,1]}
play 0 0 
{"deck":[0,0,0,0,0,1,1,1,1,2],"energy":2,"game_state":0,"hand":[0,2,0,0],"max_energy":3,"mobs":[{"def":0,"effects":[0,0,0,0],"hp":44,"max_hp":50,"move":3,"type":1}],"offpool":[0],"player":{"def":0,"effects":[0,0,0,0],"hp":80,"max_hp":80},"pool":[1,0,1,1,1]}
play 0 0 
{"deck":[0,0,0,0,0,1,1,1,1,2],"energy":1,"game_state":0,"hand":[2,0,0],"max_energy":3,"mobs":[{"def":0,"effects":[0,0,0,0],"hp":38,"max_hp":50,"move":3,"type":1}],"offpool":[0,0],"player":{"def":0,"effects":[0,0,0,0],"hp":80,"max_hp":80},"pool":[1,0,1,1,1]}
play 2 0 
{"deck":[0,0,0,0,0,1,1,1,1,2],"energy":0,"game_state":0,"hand":[2,0],"max_energy":3,"mobs":[{"def":0,"effects":[0,0,0,0],"hp":32,"max_hp":50,"move":3,"type":1}],"offpool":[0,0,0],"player":{"def":0,"effects":[0,0,0,0],"hp":80,"max_hp":80},"pool":[1,0,1,1,1]}
end 
{"deck":[0,0,0,0,0,1,1,1,1,2],"energy":3,"game_state":0,"hand":[1,1,1,0,1],"max_energy":3,"mobs":[{"def":0,"effects":[0,0,0,3],"hp":32,"max_hp":50,"move":1,"type":1}],"offpool":[0,0,0,0,2],"player":{"def":0,"effects":[0,0,0,0],"hp":80,"max_hp":80},"pool":[]}
play 4 
{"deck":[0,0,0,0,0,1,1,1,1,2],"energy":2,"game_state":0,"hand":[1,1,1,0],"max_energy":3,"mobs":[{"def":0,"effects":[0,0,0,3],"hp":32,"max_hp":50,"move":1,"type":1}],"offpool":[0,0,0,0,2,1],"player":{"def":5,"effects":[0,0,0,0],"hp":80,"max_hp":80},"pool":[]}
play 3 0 
{"deck":[0,0,0,0,0,1,1,1,1,2],"energy":1,"game_state":0,"hand":[1,1,1],"max_energy":3,"mobs":[{"def":0,"effects":[0,0,0,3],"hp":26,"max_hp":50,"move":1,"type":1}],"offpool":[0,0,0,0,2,1,0],"player":{"def":5,"effects":[0,0,0,0],"hp":80,"max_hp":80},"pool":[]}
play 0 
{"deck":[0,0,0,0,0,1,1,1,1,2],"energy":0,"game_state":0,"hand":[1,1],"max_energy":3,"mobs":[{"def":0,"effects":[0,0,0,3],"hp":26,"max_hp":50,"move":1,"type":1}],"offpool":[0,0,0,0,2,1,0,1],"player":{"def":10,"effects":[0,0,0,0],"hp":80,"max_hp":80},"pool":[]}
end 
{"deck":[0,0,0,0,0,1,1,1,1,2],"energy":3,"game_state":0,"hand":[1,0,0,1,1],"max_energy":3,"mobs":[{"def":0,"effects":[0,0,3,3],"hp":26,"max_hp":50,"move":1,"type":1}],"offpool":[],"player":{"def":0,"effects":[0,0,0,0],"hp":80,"max_hp":80},"pool":[0,2,0,0,1]}
play 1 0 
{"deck":[0,0,0,0,0,1,1,1,1,2],"energy":2,"game_state":0,"hand":[1,0,1,1],"max_energy":3,"mobs":[{"def":0,"effects":[0,0,3,3],"hp":20,"max_hp":50,"move":1,"type":1}],"offpool":[0],"player":{"def":0,"effects":[0,0,0,0],"hp":80,"max_hp":80},"pool":[0,2,0,0,1]}
play 1 0 
{"deck":[0,0,0,0,0,1,1,1,1,2],"energy":1,"game_state":0,"hand":[1,1,1],"max_energy":3,"mobs":[{"def":0,"effects":[0,0,3,3],"hp":14,"max_hp":50,"move":1,"type":1}],"offpool":[0,0],"player":{"def":0,"effects":[0,0,0,0],"hp":80,"max_hp":80},"pool":[0,2,0,0,1]}
play 1 
{"deck":[0,0,0,0,0,1,1,1,1,2],"energy":0,"game_state":0,"hand":[1,1],"max_energy":3,"mobs":[{"def":0,"effects":[0,0,3,3],"hp":14,"max_hp":50,"move":1,"type":1}],"offpool":[0,0,1],"player":{"def":5,"effects":[0,0,0,0],"hp":80,"max_hp":80},"pool":[0,2,0,0,1]}
end 
{"deck":[0,0,0,0,0,1,1,1,1,2],"energy":3,"game_state":0,"hand":[1,0,0,2,0],"max_energy":3,"mobs":[{"def":0,"effects":[0,0,6,3],"hp":14,"max_hp":50,"move":1,"type":1}],"offpool":[0,0,1,1,1],"player":{"def":0,"effects":[0,0,0,0],"hp":73,"max_hp":80},"pool":[]}
play 2 0 
{"deck":[0,0,0,0,0,1,1,1,1,2],"energy":2,"game_state":0,"hand":[1,0,2,0],"max_energy":3,"mobs":[{"def":0,"effects":[0,0,6,3],"hp":8,"max_hp":50,"move":1,"type":1}],"offpool":[0,0,1,1,1,0],"player":{"def":0,"effects":[0,0,0,0],"hp":73,"max_hp":80},"pool":[]}
play 1 0 
{"deck":[0,0,0,0,0,1,1,1,1,2],"energy":1,"game_state":0,"hand":[1,2,0],"max_energy":3,"mobs":[{"def":0,"effects":[0,0,6,3],"hp":2,"max_hp":50,"move":1,"type":1}],"offpool":[0,0,1,1,1,0,0],"player":{"def":0,"effects":[0,0,0,0],"hp":73,"max_hp":80},"pool":[]}
play 0 
{"deck":[0,0,0,0,0,1,1,1,1,2],"energy":0,"game_state":0,"hand":[2,0],"max_energy":3,"mobs":[{"def":0,"effects":[0,0,6,3],"hp":2,"max_hp":50,"move":1,"type":1}],"offpool":[0,0,1,1,1,0,0,1],"player":{"def":5,"effects":[0,0,0,0],"hp":73,"max_hp":80},"pool":[]}
end 
{"deck":[0,0,0,0,0,1,1,1,1,2],"energy":3,"game_state":0,"hand":[1,1,1,0,1],"max_energy":3,"mobs":[{"def":0,"effects":[0,0,9,3],"hp":2,"max_hp":50,"move":1,"type":1}],"offpool":[],"player":{"def":0,"effects":[0,0,0,0],"hp":63,"max_hp":80},"pool":[0,2,0,0,0]}
play 3 0 
{"deck":[0,0,0,0,0,1,1,1,1,2],"game_state":2,"max_energy":3,"player":{"def":0,"effects":[0,0,0,0],"hp":63,"max_hp":80}}
===============RESET===============
{"game_state":3}
play 1 
{"deck":[0,0,0,0,0,1,1,1,1,2],"energy":3,"game_state":0,"hand":[1,0,0,1,0],"max_energy":3,"mobs":[{"def":0,"effects":[0,0,0,0],"hp":53,"max_hp":53,"move":3,"type":1}],"offpool":[],"player":{"def":0,"effects":[0,0,0,0],"hp":80,"max_hp":80},"pool":[1,1,0,0,2]}
play 2 0 
{"deck":[0,0,0,0,0,1,1,1,1,2],"energy":2,"game_state":0,"hand":[1,0,1,0],"max_energy":3,"mobs":[{"def":0,"effects":[0,0,0,0],"hp":47,"max_hp":53,"move":3,"type":1}],"offpool":[0],"player":{"def":0,"effects":[0,0,0,0],"hp":80,"max_hp":80},"pool":[1,1,0,0,2]}
play 1 0 
{"deck":[0,0,0,0,0,1,1,1,1,2],"energy":1,"game_state":0,"hand":[1,1,0],"max_energy":3,"mobs":[{"def":0,"effects":[0,0,0,0],"hp":41,"max_hp":53,"move":3,"type":1}],"offpool":[0,0],"player":{"def":0,"effects":[0,0,0,0],"hp":80,"max_hp":80},"pool":[1,1,0,0,2]}
play 2 0 
{"deck":[0,0,0,0,0,1,1,1,1,2],"energy":0,"game_state":0,"hand":[1,1],"max_energy":3,"mobs":[{"def":0,"effects":[0,0,0,0],"hp":35,"max_hp":53,"move":3,"type":1}],"offpool":[0,0,0],"player":{"def":0,"effects":[0,0,0,0],"hp":80,"max_hp":80},"pool":[1,1,0,0,2]}
end 
{"deck":[0,0,0,0,0,1,1,1,1,2],"energy":3,"game_state":0,"hand":[2,0,0,1,1],"max_energy":3,"mobs":[{"def":0,"effects":[0,0,0,3],"hp":35,"max_hp":53,"move":1,"type":1}],"offpool":[0,0,0,1,1],"player":{"def":0,"effects":[0,0,0,0],"hp":80,"max_hp":80},"pool":[]}
play 2 0 
{"deck":[0,0,0,0,0,1,1,1,1,2],"energy":2,"game_state":0,"hand":[2,0,1,1],"max_energy":3,"mobs":[{"def":0,"effects":[0,0,0,3],"hp":29,"max_hp":53,"move":1,"type":1}],"offpool":[0,0,0,1,1,0],"player":{"def":0,"effects":[0,0,0,0],"hp":80,"max_hp":80},"pool":[]}
play 1 0 
{"deck":[0,0,0,0,0,1,1,1,1,2],"energy":1,"game_state":0,"hand":[2,1,1],"max_energy":3,"mobs":[{"def":0,"effects":[0,0,0,3],"hp":23,"max_hp":53,"move":1,"type":1}],"offpool":[0,0,0,1,1,0,0],"player":{"def":0,"effects":[0,0,0,0],"hp":80,"max_hp":80},"pool":[]}
play 2 
{"deck":[0,0,0,0,0,1,1,1,1,2],"energy":0,"game_state":0,"hand":[2,1],"max_energy":3,"mobs":[{"def":0,"effects":[0,0,0,3],"hp":23,"max_hp":53,"move":1,"type":1}],"offpool":[0,0,0,1,1,0,0,1],"player":{"def":5,"effects":[0,0,0,0],"hp":80,"max_hp":80},"pool":[]}
end 
{"deck":[0,0,0,0,0,1,1,1,1,2],"energy":3,"game_state":0,"hand":[1,0,0,0,0],"max_energy":3,"mobs":[{"def":0,"effects":[0,0,3,3],"hp":23,"max_hp":53,"move":1,"type":1}],"offpool":[],"player":{"def":0,"effects":[0,0,0,0],"hp":76,"max_hp":80},"pool":[0,1,1,2,1]}
play 2 0 
{"deck":[0,0,0,0,0,1,1,1,1,2],"energy":2,"game_state":0,"hand":[1,0,0,0],"max_energy":3,"mobs":[{"def":0,"effects":[0,0,3,3],"hp":17,"max_hp":53,"move":1,"type":1}],"offpool":[0],"player":{"def":0,"effects":[0,0,0,0],"hp":76,"max_hp":80},"pool":[0,1,1,2,1]}
play 1 0 
{"deck":[0,0,0,0,0,1,1,1,1,2],"energy":1,"game_state":0,"hand":[1,0,0],"max_energy":3,"mobs":[{"def":0,"effects":[0,0,3,3],"hp":11,"max_hp":53,"move":1,"type":1}],"offpool":[0,0],"player":{"def":0,"effects":[0,0,0,0],"hp":76,"max_hp":80},"pool":[0,1,1,2,1]}
play 1 0 
{"deck":[0,0,0,0,0,1,1,1,1,2],"energy":0,"game_state":0,"hand":[1,0],"max_energy":3,"mobs":[{"def":0,"effects":[0,0,3,3],"hp":5,"max_hp":53,"move":1,"type":1}],"offpool":[0,0,0],"player":{"def":0,"effects":[0,0,0,0],"hp":76,"max_hp":80},"pool":[0,1,1,2,1]}
end 
{"deck":[0,0,0,0,0,1,1,1,1,2],"energy":3,"game_state":0,"hand":[1,2,1,1,0],"max_energy":3,"mobs":[{"def":0,"effects":[0,0,6,3],"hp":5,"max_hp":53,"move":1,"type":1}],"offpool":[0,0,0,0,1],"player":{"def":0,"effects":[0,0,0,0],"hp":64,"max_hp":80},"pool":[]}
play 2 
{"deck":[0,0,0,0,0,1,1,1,1,2],"energy":2,"game_state":0,"hand":[1,2,1,0],"max_energy":3,"mobs":[{"def":0,"effects":[0,0,6,3],"hp":5,"max_hp":53,"move":1,"type":1}],"offpool":[0,0,0,0,1,1],"player":{"def":5,"effects":[0,0,0,0],"hp":64,"max_hp":80},"pool":[]}
play 3 0 
{"deck":[0,0,0,0,0,1,1,1,1,2],"game_state":2,"max_energy":3,"player":{"def":5,"effects":[0,0,0,0],"hp":64,"max_hp":80}}
===============RESET===============
{"game_state":3}
play 1 
{"deck":[0,0,0,0,0,1,1,1,1,2],"energy":3,"game_state":0,"hand":[0,1,0,2,0],"max_energy":3,"mobs":[{"def":0,"effects":[0,0,0,0],"hp":53,"max_hp":53,"move":3,"type":1}],"offpool":[],"player":{"def":0,"effects":[0,0,0,0],"hp":80,"max_hp":80},"pool":[1,0,0,1,1]}
play 2 0 
{"deck":[0,0,0,0,0,1,1,1,1,2],"energy":2,"game_state":0,"hand":[0,1,2,0],"max_energy":3,"mobs":[{"def":0,"effects":[0,0,0,0],"hp":47,"max_hp":53,"move":3,"type":1}],"offpool":[0],"player":{"def":0,"effects":[0,0,0,0],"hp":80,"max_hp":80},"pool":[1,0,0,1,1]}
play 0 0 
{"deck":[0,0,0,0,0,1,1,1,1,2],"energy":1,"game_state":0,"hand":[1,2,0],"max_energy":3,"mobs":[{"def":0,"effects":[0,0,0,0],"hp":41,"max_hp":53,"move":3,"type":1}],"offpool":[0,0],"player":{"def":0,"effects":[0,0,0,0],"hp":80,"max_hp":80},"pool":[1,0,0,1,1]}
play 0 
{"deck":[0,0,0,0,0,1,1,1,1,2],"energy":0,"game_state":0,"hand":[2,0],"max_energy":3,"mobs":[{"def":0,"effects":[0,0,0,0],"hp":41,"max_hp":53,"move":3,"type":1}],"offpool":[0,0,1],"player":{"def":5,"effects":[0,0,0,0],"hp":80,"max_hp":80},"pool":[1,0,0,1,1]}
end 
{"deck":[0,0,0,0,0,1,1,1,1,2],"energy":3,"game_state":0,"hand":[1,1,0,0,1],"max_energy":3,"mobs":[{"def":0,"effects":[0,0,0,3],"hp":41,"max_hp":53,"move":1,"type":1}],"offpool":[0,0,1,0,2],"player":{"def":0,"effects":[0,0,0,0],"hp":80,"max_hp":80},"pool":[]}
play 2 0 
{"deck":[0,0,0,0,0,1,1,1,1,2],"energy":2,"game_state":0,"hand":[1,1,0,1],"max_energy":3,"mobs":[{"def":0,"effects":[0,0,0,3],"hp":35,"max_hp":53,"move":1,"type":1}],"offpool":[0,0,1,0,2,0],"player":{"def":0,"effects":[0,0,0,0],"hp":80,"max_hp":80},"pool":[]}
play 2 0 
{"deck":[0,0,0,0,0,1,1,1,1,2],"energy":1,"game_state":0,"hand":[1,1,1],"max_energy":3,"mobs":[{"def":0,"effects":[0,0,0,3],"hp":29,"max_hp":53,"move":1,"type":1}],"offpool":[0,0,1,0,2,0,0],"player":{"def":0,"effects":[0,0,0,0],"hp":80,"max_hp":80},"pool":[]}
play 0 
{"deck":[0,0,0,0,0,1,1,1,1,2],"energy":0,"game_state":0,"hand":[1,1],"max_energy":3,"mobs":[{"def":0,"effects":[0,0,0,3],"hp":29,"max_hp":53,"move":1,"type":1}],"offpool":[0,0,1,0,2,0,0,1],"player":{"def":5,"effects":[0,0,0,0],"hp":80,"max_hp":80},"pool":[]}
end 
{"deck":[0,0,0,0,0,1,1,1,1,2],"energy":3,"game_state":0,"hand":[0,2,1,1,0],"max_energy":3,"mobs":[{"def":0,"effects":[0,0,3,3],"hp":29,"max_hp":53,"move":1,"type":1}],"offpool":[],"player":{"def":0,"effects":[0,0,0,0],"hp":76,"max_hp":80},"pool":[0,1,0,0,1]}
play 0 0 
{"deck":[0,0,0,0,0,1,1,1,1,2],"energy":2,"game_state":0,"hand":[2,1,1,0],"max_energy":3,"mobs":[{"def":0,"effects":[0,0,3,3],"hp":23,"max_hp":53,"move":1,"type":1}],"offpool":[0],"player":{"def":0,"effects":[0,0,0,0],"hp":76,"max_hp":80},"pool":[0,1,0,0,1]}
play 3 0 
{"deck":[0,0,0,0,0,1,1,1,1,2],"energy":1,"game_state":0,"hand":[2,1,1],"max_energy":3,"mobs":[{"def":0,"effects":[0,0,3,3],"hp":17,"max_hp":53,"move":1,"type":1}],"offpool":[0,0],"player":{"def":0,"effects":[0,0,0,0],"hp":76,"max_hp":80},"pool":[0,1,0,0,1]}
play 2 
{"deck":[0,0,0,0,0,1,1,1,1,2],"energy":0,"game_state":0,"hand":[2,1],"max_energy":3,"mobs":[{"def":0,"effects":[0,0,3,3],"hp":17,"max_hp":53,"move":1,"type":1}],"offpool":[0,0,1],"player":{"def":5,"effects":[0,0,0,0],"hp":76,"max_hp":80},"pool":[0,1,0,0,1]}
end 
{"deck":[0,0,0,0,0,1,1,1,1,2],"energy":3,"game_state":0,"hand":[1,0,0,1,0],"max_energy":3,"mobs":[{"def":0,"effects":[0,0,6,3],"hp":17,"max_hp":53,"move":1,"type":1}],"offpool":[0,0,1,1,2],"player":{"def":0,"effects":[0,0,0,0],"hp":69,"max_hp":80},"pool":[]}
play 2 0 
{"deck":[0,0,0,0,0,1,1,1,1,2],"energy":2,"game_state":0,"hand":[1,0,1,0],"max_energy":3,"mobs":[{"def":0,"effects":[0,0,6,3],"hp":11,"max_hp":53,"move":1,"type":1}],"offpool":[0,0,1,1,2,0],"player":{"def":0,"effects":[0,0,0,0],"hp":69,"max_hp":80},"pool":[]}
play 1 0 
{"deck":[0,0,0,0,0,1,1,1,1,2],"energy":1,"game_state":0,"hand":[1,1,0],"max_energy":3,"mobs":[{"def":0,"effects":[0,0,6,3],"hp":5,"max_hp":53,"move":1,"type":1}],"offpool":[0,0,1,1,2,0,0],"player":{"def":0,"effects":[0,0,0,0],"hp":69,"max_hp":80},"pool":[]}
play 2 0 
{"deck":[0,0,0,0,0,1,1,1,1,2],"game_state":2,"max_energy":3,"player":{"def":0,"effects":[0,0,0,0],"hp":69,"max_hp":80}}
===============RESET===============
{"game_state":3}
play 1 
{"deck":[0,0,0,0,0,1,1,1,1,2],"energy":3,"game_state":0,"hand":[0,0,1,2,0],"max_energy":3,"mobs":[{"def":0,"effects":[0,0,0,0],"hp":51,"max_hp":51,"move":3,"type":1}],"offpool":[],"player":{"def":0,"effects":[0,0,0,0],"hp":80,"max_hp":80},"pool":[1,0,1,1,0]}
play 0 0 
{"deck":[0,0,0,0,0,1,1,1,1,2],"energy":2,"game_state":0,"hand":[0,1,2,0],"max_energy":3,"mobs":[{"def":0,"effects":[0,0,0,0],"hp":45,"max_hp":51,"move":3,"type":1}],"offpool":[0],"player":{"def":0,"effects":[0,0,0,0],"hp":80,"max_hp":80},"pool":[1,0,1,1,0]}
play 0 0 
{"deck":[0,0,0,0,0,1,1,1,1,2],"energy":1,"game_state":0,"hand":[1,2,0],"max_energy":3,"mobs":[{"def":0,"effects":[0,0,0,0],"hp":39,"max_hp":51,"move":3,"type":1}],"offpool":[0,0],"player":{"def":0,"effects":[0,0,0,0],"hp":80,"max_hp":80},"pool":[1,0,1,1,0]}
play 0 
{"deck":[0,0,0,0,0,1,1,1,1,2],"energy":0,"game_state":0,"hand":[2,0],"max_energy":3,"mobs":[{"def":0,"effects":[0,0,0,0],"hp":39,"max_hp":51,"move":3,"type":1}],"offpool":[0,0,1],"player":{"def":5,"effects":[0,0,0,0],"hp":80,"max_hp":80},"pool":[1,0,1,1,0]}
end 
{"deck":[0,0,0,0,0,1,1,1,1,2],"energy":3,"game_state":0,"hand":[0,1,1,0,1],"max_energy":3,"mobs":[{"def":0,"effects":[0,0,0,3],"hp":39,"max_hp":51,"move":1,"type":1}],"offpool":[0,0,1,0,2],"player":{"def":0,"effects":[0,0,0,0],"hp":80,"max_hp":80},"pool":[]}
play 0 0 
{"deck":[0,0,0,0,0,1,1,1,1,2],"energy":2,"game_state":0,"hand":[1,1,0,1],"max_energy":3,"mobs":[{"def":0,"effects":[0,0,0,3],"hp":33,"max_hp":51,"move":1,"type":1}],"offpool":[0,0,1,0,2,0],"player":{"def":0,"effects":[0,0,0,0],"hp":80,"max_hp":80},"pool":[]}
play 2 0 
{"deck":[0,0,0,0,0,1,1,1,1,2],"energy":1,"game_state":0,"hand":[1,1,1],"max_energy":3,"mobs":[{"def":0,"effects":[0,0,0,3],"hp":27,"max_hp":51,"move":1,"type":1}],"offpool":[0,0,1,0,2,0,0],"player":{"def":0,"effects":[0,0,0,0],"hp":80,"max_hp":80},"pool":[]}
play 0 
{"deck":[0,0,0,0,0,1,1,1,1,2],"energy":0,"game_state":0,"hand":[1,1],"max_energy":3,"mobs":[{"def":0,"effects":[0,0,0,3],"hp":27,"max_hp":51,"move":1,"type":1}],"offpool":[0,0,1,0,2,0,0,1],"player":{"def":5,"effects":[0,0,0,0],"hp":80,"max_hp":80},"pool":[]}
end 
{"deck":[0,0,0,0,0,1,1,1,1,2],"energy":3,"game_state":0,"hand":[0,0,0,1,1],"max_energy":3,"mobs":[{"def":0,"effects":[0,0,3,3],"hp":27,"max_hp":51,"move":1,"type":1}],"offpool":[],"player":{"def":0,"effects":[0,0,0,0],"hp":76,"max_hp":80},"pool":[1,0,2,0,1]}
play 2 0 
{"deck":[0,0,0,0,0,1,1,1,1,2],"energy":2,"game_state":0,"hand":[0,0,1,1],"max_energy":3,"mobs":[{"def":0,"effects":[0,0,3,3],"hp":21,"max_hp":51,"move":1,"type":1}],"offpool":[0],"player":{"def":0,"effects":[0,0,0,0],"hp":76,"max_hp":80},"pool":[1,0,2,0,1]}
play 1 0 
{"deck":[0,0,0,0,0,1,1,1,1,2],"energy":1,"game_state":0,"hand":[0,1,1],"max_energy":3,"mobs":[{"def":0,"effects":[0,0,3,3],"hp":15,"max_hp":51,"move":1,"type":1}],"offpool":[0,0],"player":{"def":0,"effects":[0,0,0,0],"hp":76,"max_hp":80},"pool":[1,0,2,0,1]}
play 0 0 
{"deck":[0,0,0,0,0,1,1,1,1,2],"energy":0,"game_state":0,"hand":[1,1],"max_energy":3,"mobs":[{"def":0,"effects":[0,0,3,3],"hp":9,"max_hp":51,"move":1,"type":1}],"offpool":[0,0,0],"player":{"def":0,"effects":[0,0,0,0],"hp":76,"max_hp":80},"pool":[1,0,2,0,1]}
end 
{"deck":[0,0,0,0,0,1,1,1,1,2],"energy":3,"game_state":0,"hand":[1,0,2,0,1],"max_energy":3,"mobs":[{"def":0,"effects":[0,0,6,3],"hp":9,"max_hp":51,"move":1,"type":1}],"offpool":[0,0,0,1,1],"player":{"def":0,"effects":[0,0,0,0],"hp":64,"max_hp":80},"pool":[]}
play 1 0 
{"deck":[0,0,0,0,0,1,1,1,1,2],"energy":2,"game_state":0,"hand":[1,2,0,1],"max_energy":3,"mobs":[{"def":0,"effects":[0,0,6,3],"hp":3,"max_hp":51,"move":1,"type":1}],"offpool":[0,0,0,1,1,0],"player":{"def":0,"effects":[0,0,0,0],"hp":64,"max_hp":80},"pool":[]}
play 2 0 
{"deck":[0,0,0,0,0,1,1,1,1,2],"game_state":2,"max_energy":3,"player":{"def":0,"effects":[0,0,0,0],"hp":64,"max_hp":80}}
===============RESET===============
{"game_state":3}
play 1 
{"deck":[0,0,0,0,0,1,1,1,1,2],"energy":3,"game_state":0,"hand":[0,0,1,1,0],"max_energy":3,"mobs":[{"def":0,"effects":[0,0,0,0],"hp":49,"max_hp":49,"move":3,"type":1}],"offpool":[],"player":{"def":0,"effects":[0,0,0,0],"hp":80,"max_hp":80},"pool":[0,1,0,2,1]}
play 0 0 
{"deck":[0,0,0,0,0,1,1,1,1,2],"energy":2,"game_state":0,"hand":[0,1,1,0],"max_energy":3,"mobs":[{"def":0,"effects":[0,0,0,0],"hp":43,"max_hp":49,"move":3,"type":1}],"offpool":[0],"player":{"def":0,"effects":[0,0,0,0],"hp":80,"max_hp":80},"pool":[0,1,0,2,1]}
play 0 0 
{"deck":[0,0,0,0,0,1,1,1,1,2],"energy":1,"game_state":0,"hand":[1,1,0],"max_energy":3,"mobs":[{"def":0,"effects":[0,0,0,0],"hp":37,"max_hp":49,"move":3,"type":1}],"offpool":[0,0],"player":{"def":0,"effects":[0,0,0,0],"hp":80,"max_hp":80},"pool":[0,1,0,2,1]}
play 2 0 
{"deck":[0,0,0,0,0,1,1,1,1,2],"energy":0,"game_state":0,"hand":[1,1],"max_energy":3,"mobs":[{"def":0,"effects":[0,0,0,0],"hp":31,"max_hp":49,"move":3,"type":1}],"offpool":[0,0,0],"player":{"def":0,"effects":[0,0,0,0],"hp":80,"max_hp":80},"pool":[0,1,0,2,1]}
end 
{"deck":[0,0,0,0,0,1,1,1,1,2],"energy":3,"game_state":0,"hand":[1,2,0,1,0],"max_energy":3,"mobs":[{"def":0,"effects":[0,0,0,3],"hp":31,"max_hp":49,"move":1,"type":1}],"offpool":[0,0,0,1,1],"player":{"def":0,"effects":[0,0,0,0],"hp":80,"max_hp":80},"pool":[]}
play 2 0 
{"deck":[0,0,0,0,0,1,1,1,1,2],"energy":2,"game_state":0,"hand":[1,2,1,0],"max_energy":3,"mobs":[{"def":0,"effects":[0,0,0,3],"hp":25,"max_hp":49,"move":1,"type":1}],"offpool":[0,0,0,1,1,0],"player":{"def":0,"effects":[0,0,0,0],"hp":80,"max_hp":80},"pool":[]}
play 3 0 
{"deck":[0,0,0,0,0,1,1,1,1,2],"energy":1,"game_state":0,"hand":[1,2,1],"max_energy":3,"mobs":[{"def":0,"effects":[0,0,0,3],"hp":19,"max_hp":49,"move":1,"type":1}],"offpool":[0,0,0,1,1,0,0],"player":{"def":0,"effects":[0,0,0,0],"hp":80,"max_hp":80},"pool":[]}
play 0 
{"deck":[0,0,0,0,0,1,1,1,1,2],"energy":0,"game_state":0,"hand":[2,1],"max_energy":3,"mobs":[{"def":0,"effects":[0,0,0,3],"hp":19,"max_hp":49,"move":1,"type":1}],"offpool":[0,0,0,1,1,0,0,1],"player":{"def":5,"effects":[0,0,0,0],"hp":80,"max_hp":80},"pool":[]}
end 
{"deck":[0,0,0,0,0,1,1,1,1,2],"energy":3,"game_state":0,"hand":[0,1,1,0,0],"max_energy":3,"mobs":[{"def":0,"effects":[0,0,3,3],"hp":19,"max_hp":49,"move":1,"type":1}],"offpool":[],"player":{"def":0,"effects":[0,0,0,0],"hp":76,"max_hp":80},"pool":[0,1,0,1,2]}
play 0 0 
{"deck":[0,0,0,0,0,1,1,1,1,2],"energy":2,"game_state":0,"hand":[1,1,0,0],"max_energy":3,"mobs":[{"def":0,"effects":[0,0,3,3],"hp":13,"max_hp":49,"move":1,"type":1}],"offpool":[0],"player":{"def":0,"effects":[0,0,0,0],"hp":76,"max_hp":80},"pool":[0,1,0,1,2]}
play 2 0 
{"deck":[0,0,0,0,0,1,1,1,1,2],"energy":1,"game_state":0,"hand":[1,1,0],"max_energy":3,"mobs":[{"def":0,"effects":[0,0,3,3],"hp":7,"max_hp":49,"move":1,"type":1}],"offpool":[0,0],"player":{"def":0,"effects":[0,0,0,0],"hp":76,"max_hp":80},"pool":[0,1,0,1,2]}
play 2 0 
{"deck":[0,0,0,0,0,1,1,1,1,2],"energy":0,"game_state":0,"hand":[1,1],"max_energy":3,"mobs":[{"def":0,"effects":[0,0,3,3],"hp":1,"max_hp":49,"move":1,"type":1}],"offpool":[0,0,0],"player":{"def":0,"effects":[0,0,0,0],"hp":76,"max_hp":80},"pool":[0,1,0,1,2]}
end 
{"deck":[0,0,0,0,0,1,1,1,1,2],"energy":3,"game_state":0,"hand":[2,1,0,1,0],"max_energy":3,"mobs":[{"def":0,"effects":[0,0,6,3],"hp":1,"max_hp":49,"move":1,"type":1}],"offpool":[0,0,0,1,1],"player":{"def":0,"effects":[0,0,0,0],"hp":64,"max_hp":80},"pool":[]}
play 2 0 
{"deck":[0,0,0,0,0,1,1,1,1,2],"game_state":2,"max_energy":3,"player":{"def":0,"effects":[0,0,0,0],"hp":64,"max_hp":80}}
===============RESET===============
{"game_state":3}
play 1 
{"deck":[0,0,0,0,0,1,1,1,1,2],"energy":3,"game_state":0,"hand":[1,2,0,1,0],"max_energy":3,"mobs":[{"def":0,"effects":[0,0,0,0],"hp":54,"max_hp":54,"move":3,"type":1}],"offpool":[],"player":{"def":0,"effects":[0,0,0,0],"hp":80,"max_hp":80},"pool":[1,1,0,0,0]}
play 2 0 
{"deck":[0,0,0,0,0,1,1,1,1,2],"energy":2,"game_state":0,"hand":[1,2,1,0],"max_energy":3,"mobs":[{"def":0,"effects":[0,0,0,0],"hp":48,"max_hp":54,"move":3,"type":1}],"offpool":[0],"player":{"def":0,"effects":[0,0,0,0],"hp":80,"max_hp":80},"pool":[1,1,0,0,0]}
play 3 0 
{"deck":[0,0,0,0,0,1,1,1,1,2],"energy":1,"game_state":0,"hand":[1,2,1],"max_energy":3,"mobs":[{"def":0,"effects":[0,0,0,0],"hp":42,"max_hp":54,"move":3,"type":1}],"offpool":[0,0],"player":{"def":0,"effects":[0,0,0,0],"hp":80,"max_hp":80},"pool":[1,1,0,0,0]}
end 
{"deck":[0,0,0,0,0,1,1,1,1,2],"energy":3,"game_state":0,"hand":[0,0,0,1,1],"max_energy":3,"mobs":[{"def":0,"effects":[0,0,0,3],"hp":42,"max_hp":54,"move":1,"type":1}],"offpool":[0,0,1,2,1],"player":{"def":0,"effects":[0,0,0,0],"hp":80,"max_hp":80},"pool":[]}
play 1 0 
{"deck":[0,0,0,0,0,1,1,1,1,2],"energy":2,"game_state":0,"hand":[0,0,1,1],"max_energy":3,"mobs":[{"def":0,"effects":[0,0,0,3],"hp":36,"max_hp":54,"move":1,"type":1}],"offpool":[0,0,1,2,1,0],"player":{"def":0,"effects":[0,0,0,0],"hp":80,"max_hp":80},"pool":[]}
play 0 0 
{"deck":[0,0,0,0,0,1,1,1,1,2],"energy":1,"game_state":0,"hand":[0,1,1],"max_energy":3,"mobs":[{"def":0,"effects":[0,0,0,3],"hp":30,"max_hp":54,"move":1,"type":1}],"offpool":[0,0,1,2,1,0,0],"player":{"def":0,"effects":[0,0,0,0],"hp":80,"max_hp":80},"pool":[]}
play 0 0 
{"deck":[0,0,0,0,0,1,1,1,1,2],"energy":0,"game_state":0,"hand":[1,1],"max_energy":3,"mobs":[{"def":0,"effects":[0,0,0,3],"hp":24,"max_hp":54,"move":1,"type":1}],"offpool":[0,0,1,2,1,0,0,0],"player":{"def":0,"effects":[0,0,0,0],"hp":80,"max_hp":80},"pool":[]}
end 
{"deck":[0,0,0,0,0,1,1,1,1,2],"energy":3,"game_state":0,"hand":[0,0,1,0,0],"max_energy":3,"mobs":[{"def":0,"effects":[0,0,3,3],"hp":24,"max_hp":54,"move":1,"type":1}],"offpool":[],"player":{"def":0,"effects":[0,0,0,0],"hp":71,"max_hp":80},"pool":[2,1,1,0,1]}
play 1 0 
{"deck":[0,0,0,0,0,1,1,1,1,2],"energy":2,"game_state":0,"hand":[0,1,0,0],"max_energy":3,"mobs":[{"def":0,"effects":[0,0,3,3],"hp":18,"max_hp":54,"move":1,"type":1}],"offpool":[0],"player":{"def":0,"effects":[0,0,0,0],"hp":71,"max_hp":80},"pool":[2,1,1,0,1]}
play 0 0 
{"deck":[0,0,0,0,0,1,1,1,1,2],"energy":1,"game_state":0,"hand":[1,0,0],"max_energy":3,"mobs":[{"def":0,"effects":[0,0,3,3],"hp":12,"max_hp":54,"move":1,"type":1}],"offpool":[0,0],"player":{"def":0,"effects":[0,0,0,0],"hp":71,"max_hp":80},"pool":[2,1,1,0,1]}
play 1 0 
{"deck":[0,0,0,0,0,1,1,1,1,2],"energy":0,"game_state":0,"hand":[1,0],"max_energy":3,"mobs":[{"def":0,"effects":[0,0,3,3],"hp":6,"max_hp":54,"move":1,"type":1}],"offpool":[0,0,0],"player":{"def":0,"effects":[0,0,0,0],"hp":71,"max_hp":80},"pool":[2,1,1,0,1]}
end 
{"deck":[0,0,0,0,0,1,1,1,1,2],"energy":3,"game_state":0,"hand":[1,0,1,1,2],"max_energy":3,"mobs":[{"def":0,"effects":[0,0,6,3],"hp":6,"max_hp":54,"move":1,"type":1}],"offpool":[0,0,0,0,1],"player":{"def":0,"effects":[0,0,0,0],"hp":59,"max_hp":80},"pool":[]}
play 1 0 
{"deck":[0,0,0,0,0,1,1,1,1,2],"game_state":2,"max_energy":3,"player":{"def":0,"effects":[0,0,0,0],"hp":59,"max_hp":80}}
===============RESET===============
{"game_state":3}
play 1 
{"deck":[0,0,0,0,0,1,1,1,1,2],"energy":3,"game_state":0,"hand":[0,0,1,2,0],"max_energy":3,"mobs":[{"def":0,"effects":[0,0,0,0],"hp":50,"max_hp":50,"move":3,"type":1}],"offpool":[],"player":{"def":0,"effects":[0,0,0,0],"hp":80,"max_hp":80},"pool":[0,1,1,1,0]}
play 0 0 
{"deck":[0,0,0,0,0,1,1,1,1,2],"energy":2,"game_state":0,"hand":[0,1,2,0],"max_energy":3,"mobs":[{"def":0,"effects":[0,0,0,0],"hp":44,"max_hp":50,"move":3,"type":1}],"offpool":[0],"player":{"def":0,"effects":[0,0,0,0],"hp":80,"max_hp":80},"pool":[0,1,1,1,0]}
play 0 0 
{"deck":[0,0,0,0,0,1,1,1,1,2],"energy":1,"game_state":0,"hand":[1,2,0],"max_energy":3,"mobs":[{"def":0,"effects":[0,0,0,0],"hp":38,"max_hp":50,"move":3,"type":1}],"offpool":[0,0],"player":{"def":0,"effects":[0,0,0,0],"hp":80,"max_hp":80},"pool":[0,1,1,1,0]}
play 0 
{"deck":[0,0,0,0,0,1,1,1,1,2],"energy":0,"game_state":0,"hand":[2,0],"max_energy":3,"mobs":[{"def":0,"effects":[0,0,0,0],"hp":38,"max_hp":50,"move":3,"type":1}],"offpool":[0,0,1],"player":{"def":5,"effects":[0,0,0,0],"hp":80,"max_hp":80},"pool":[0,1,1,1,0]}
end 
{"deck":[0,0,0,0,0,1,1,1,1,2],"energy":3,"game_state":0,"hand":[0,1,1,1,0],"max_energy":3,"mobs":[{"def":0,"effects":[0,0,0,3],"hp":38,"max_hp":50,"move":1,"type":1}],"offpool":[0,0,1,0,2],"player":{"def":0,"effects":[0,0,0,0],"hp":80,"max_hp":80},"pool":[]}
play 0 0 
{"deck":[0,0,0,0,0,1,1,1,1,2],"energy":2,"game_state":0,"hand":[1,1,1,0],"max_energy":3,"mobs":[{"def":0,"effects":[0,0,0,3],"hp":32,"max_hp":50,"move":1,"type":1}],"offpool":[0,0,1,0,2,0],"player":{"def":0,"effects":[0,0,0,0],"hp":80,"max_hp":80},"pool":[]}
play 3 0 
{"deck":[0,0,0,0,0,1,1,1,1,2],"energy":1,"game_state":0,"hand":[1,1,1],"max_energy":3,"mobs":[{"def":0,"effects":[0,0,0,3],"hp":26,"max_hp":50,"move":1,"type":1}],"offpool":[0,0,1,0,2,0,0],"player":{"def":0,"effects":[0,0,0,0],"hp":80,"max_hp":80},"pool":[]}
play 0 
{"deck":[0,0,0,0,0,1,1,1,1,2],"energy":0,"game_state":0,"hand":[1,1],"max_energy":3,"mobs":[{"def":0,"effects":[0,0,0,3],"hp":26,"max_hp":50,"move":1,"type":1}],"offpool":[0,0,1,0,2,0,0,1],"player":{"def":5,"effects":[0,0,0,0],"hp":80,"max_hp":80},"pool":[]}
end 
{"deck":[0,0,0,0,0,1,1,1,1,2],"energy":3,"game_state":0,"hand":[0,0,0,2,1],"max_energy":3,"mobs":[{"def":0,"effects":[0,0,3,3],"hp":26,"max_hp":50,"move":1,"type":1}],"offpool":[],"player":{"def":0,"effects":[0,0,0,0],"hp":76,"max_hp":80},"pool":[0,1,0,1,1]}
play 0 0 
{"deck":[0,0,0,0,0,1,1,1,1,2],"energy":2,"game_state":0,"hand":[0,0,2,1],"max_energy":3,"mobs":[{"def":0,"effects":[0,0,3,3],"hp":20,"max_hp":50,"move":1,"type":1}],"offpool":[0],"player":{"def":0,"effects":[0,0,0,0],"hp":76,"max_hp":80},"pool":[0,1,0,1,1]}
play 1 0 
{"deck":[0,0,0,0,0,1,1,1,1,2],"energy":1,"game_state":0,"hand":[0,2,1],"max_energy":3,"mobs":[{"def":0,"effects":[0,0,3,3],"hp":14,"max_hp":50,"move":1,"type":1}],"offpool":[0,0],"player":{"def":0,"effects":[0,0,0,0],"hp":76,"max_hp":80},"pool":[0,1,0,1,1]}
play 0 0 
{"deck":[0,0,0,0,0,1,1,1,1,2],"energy":0,"game_state":0,"hand":[2,1],"max_energy":3,"mobs":[{"def":0,"effects":[0,0,3,3],"hp":8,"max_hp":50,"move":1,"type":1}],"offpool":[0,0,0],"player":{"def":0,"effects":[0,0,0,0],"hp":76,"max_hp":80},"pool":[0,1,0,1,1]}
end 
{"deck":[0,0,0,0,0,1,1,1,1,2],"energy":3,"game_state":0,"hand":[1,1,0,1,0],"max_energy":3,"mobs":[{"def":0,"effects":[0,0,6,3],"hp":8,"max_hp":50,"move":1,"type":1}],"offpool":[0,0,0,1,2],"player":{"def":0,"effects":[0,0,0,0],"hp":64,"max_hp":80},"pool":[]}
play 2 0 
{"deck":[0,0,0,0,0,1,1,1,1,2],"energy":2,"game_state":0,"hand":[1,1,1,0],"max_energy":3,"mobs":[{"def":0,"effects":[0,0,6,3],"hp":2,"max_hp":50,"move":1,"type":1}],"offpool":[0,0,0,1,2,0],"player":{"def":0,"effects":[0,0,0,0],"hp":64,"max_hp":80},"pool":[]}
play 3 0 
{"deck":[0,0,0,0,0,1,1,1,1,2],"game_state":2,"max_energy":3,"player":{"def":0,"effects":[0,0,0,0],"hp":64,"max_hp":80}}
===============RESET===============
{"game_state":3}
play 1 
{"deck":[0,0,0,0,0,1,1,1,1,2],"energy":3,"game_state":0,"hand":[1,0,1,1,1],"max_energy":3,"mobs":[{"def":0,"effects":[0,0,0,0],"hp":53,"max_hp":53,"move":3,"type":1}],"offpool":[],"player":{"def":0,"effects":[0,0,0,0],"hp":80,"max_hp":80},"pool":[2,0,0,0,0]}
play 1 0 
{"deck":[0,0,0,0,0,1,1,1,1,2],"energy":2,"game_state":0,"hand":[1,1,1,1],"max_energy":3,"mobs":[{"def":0,"effects":[0,0,0,0],"hp":47,"max_hp":53,"move":3,"type":1}],"offpool":[0],"player":{"def":0,"effects":[0,0,0,0],"hp":80,"max_hp":80},"pool":[2,0,0,0,0]}
play 0 
{"deck":[0,0,0,0,0,1,1,1,1,2],"energy":1,"game_state":0,"hand":[1,1,1],"max_energy":3,"mobs":[{"def":0,"effects":[0,0,0,0],"hp":47,"max_hp":53,"move":3,"type":1}],"offpool":[0,1],"player":{"def":5,"effects":[0,0,0,0],"hp":80,"max_hp":80},"pool":[2,0,0,0,0]}
play 0 
{"deck":[0,0,0,0,0,1,1,1,1,2],"energy":0,"game_state":0,"hand":[1,1],"max_energy":3,"mobs":[{"def":0,"effects":[0,0,0,0],"hp":47,"max_hp":53,"move":3,"type":1}],"offpool":[0,1,1],"player":{"def":10,"effects":[0,0,0,0],"hp":80,"max_hp":80},"pool":[2,0,0,0,0]}
end 
{"deck":[0,0,0,0,0,1,1,1,1,2],"energy":3,"game_state":0,"hand":[0,0,0,0,2],"max_energy":3,"mobs":[{"def":0,"effects":[0,0,0,3],"hp":47,"max_hp":53,"move":1,"type":1}],"offpool":[0,1,1,1,1],"player":{"def":0,"effects":[0,0,0,0],"hp":80,"max_hp":80},"pool":[]}
play 0 0 
{"deck":[0,0,0,0,0,1,1,1,1,2],"energy":2,"game_state":0,"hand":[0,0,0,2],"max_energy":3,"mobs":[{"def":0,"effects":[0,0,0,3],"hp":41,"max_hp":53,"move":1,"type":1}],"offpool":[0,1,1,1,1,0],"player":{"def":0,"effects":[0,0,0,0],"hp":80,"max_hp":80},"pool":[]}
play 1 0 
{"deck":[0,0,0,0,0,1,1,1,1,2],"energy":1,"game_state":0,"hand":[0,0,2],"max_energy":3,"mobs":[{"def":0,"effects":[0,0,0,3],"hp":35,"max_hp":53,"move":1,"type":1}],"offpool":[0,1,1,1,1,0,0],"player":{"def":0,"effects":[0,0,0,0],"hp":80,"max_hp":80},"pool":[]}
play 0 0 
{"deck":[0,0,0,0,0,1,1,1,1,2],"energy":0,"game_state":0,"hand":[0,2],"max_energy":3,"mobs":[{"def":0,"effects":[0,0,0,3],"hp":29,"max_hp":53,"move":1,"type":1}],"offpool":[0,1,1,1,1,0,0,0],"player":{"def":0,"effects":[0,0,0,0],"hp":80,"max_hp":80},"pool":[]}
end 
{"deck":[0,0,0,0,0,1,1,1,1,2],"energy":3,"game_state":0,"hand":[0,0,0,0,1],"max_energy":3,"mobs":[{"def":0,"effects":[0,0,3,3],"hp":29,"max_hp":53,"move":1,"type":1}],"offpool":[],"player":{"def":0,"effects":[0,0,0,0],"hp":71,"max_hp":80},"pool":[1,1,1,2,0]}
play 2 0 
{"deck":[0,0,0,0,0,1,1,1,1,2],"energy":2,"game_state":0,"hand":[0,0,0,1],"max_energy":3,"mobs":[{"def":0,"effects":[0,0,3,3],"hp":23,"max_hp":53,"move":1,"type":1}],"offpool":[0],"player":{"def":0,"effects":[0,0,0,0],"hp":71,"max_hp":80},"pool":[1,1,1,2,0]}
play 2 0 
{"deck":[0,0,0,0,0,1,1,1,1,2],"energy":1,"game_state":0,"hand":[0,0,1],"max_energy":3,"mobs":[{"def":0,"effects":[0,0,3,3],"hp":17,"max_hp":53,"move":1,"type":1}],"offpool":[0,0],"player":{"def":0,"effects":[0,0,0,0],"hp":71,"max_hp":80},"pool":[1,1,1,2,0]}
play 1 0 
{"deck":[0,0,0,0,0,1,1,1,1,2],"energy":0,"game_state":0,"hand":[0,1],"max_energy":3,"mobs":[{"def":0,"effects":[0,0,3,3],"hp":11,"max_hp":53,"move":1,"type":1}],"offpool":[0,0,0],"player":{"def":0,"effects":[0,0,0,0],"hp":71,"max_hp":80},"pool":[1,1,1,2,0]}
end 
{"deck":[0,0,0,0,0,1,1,1,1,2],"energy":3,"game_state":0,"hand":[0,2,1,1,1],"max_energy":3,"mobs":[{"def":0,"effects":[0,0,6,3],"hp":11,"max_hp":53,"move":1,"type":1}],"offpool":[0,0,0,1,0],"player":{"def":0,"effects":[0,0,0,0],"hp":59,"max_hp":80},"pool":[]}
play 0 0 
{"deck":[0,0,0,0,0,1,1,1,1,2],"energy":2,"game_state":0,"hand":[2,1,1,1],"max_energy":3,"mobs":[{"def":0,"effects":[0,0,6,3],"hp":5,"max_hp":53,"move":1,"type":1}],"offpool":[0,0,0,1,0,0],"player":{"def":0,"effects":[0,0,0,0],"hp":59,"max_hp":80},"pool":[]}
play 2 
{"deck":[0,0,0,0,0,1,1,1,1,2],"energy":1,"game_state":0,"hand":[2,1,1],"max_energy":3,"mobs":[{"def":0,"effects":[0,0,6,3],"hp":5,"max_hp":53,"move":1,"type":1}],"offpool":[0,0,0,1,0,0,1],"player":{"def":5,"effects":[0,0,0,0],"hp":59,"max_hp":80},"pool":[]}
play 2 
{"deck":[0,0,0,0,0,1,1,1,1,2],"energy":0,"game_state":0,"hand":[2,1],"max_energy":3,"mobs":[{"def":0,"effects":[0,0,6,3],"hp":5,"max_hp":53,"move":1,"type":1}],"offpool":[0,0,0,1,0,0,1,1],"player":{"def":10,"effects":[0,0,0,0],"hp":59,"max_hp":80},"pool":[]}
end 
{"deck":[0,0,0,0,0,1,1,1,1,2],"energy":3,"game_state":0,"hand":[0,0,1,0,0],"max_energy":3,"mobs":[{"def":0,"effects":[0,0,9,3],"hp":5,"max_hp":53,"move":1,"type":1}],"offpool":[],"player":{"def":0,"effects":[0,0,0,0],"hp":54,"max_hp":80},"pool":[1,1,2,0,1]}
play 0 0 
{"deck":[0,0,0,0,0,1,1,1,1,2],"game_state":2,"max_energy":3,"player":{"def":0,"effects":[0,0,0,0],"hp":54,"max_hp":80}}
===============RESET===============
{"game_state":3}
play 1 
{"deck":[0,0,0,0,0,1,1,1,1,2],"energy":3,"game_state":0,"hand":[1,0,1,0,2],"max_energy":3,"mobs":[{"def":0,"effects":[0,0,0,0],"hp":51,"max_hp":51,"move":3,"type":1}],"offpool":[],"player":{"def":0,"effects":[0,0,0,0],"hp":80,"max_hp":80},"pool":[0,1,0,1,0]}
play 1 0 
{"deck":[0,0,0,0,0,1,1,1,1,2],"energy":2,"game_state":0,"hand":[1,1,0,2],"max_energy":3,"mobs":[{"def":0,"effects":[0,0,0,0],"hp":45,"max_hp":51,"move":3,"type":1}],"offpool":[0],"player":{"def":0,"effects":[0,0,0,0],"hp":80,"max_hp":80},"pool":[0,1,0,1,0]}
play 2 0 
{"deck":[0,0,0,0,0,1,1,1,1,2],"energy":1,"game_state":0,"hand":[1,1,2],"max_energy":3,"mobs":[{"def":0,"effects":[0,0,0,0],"hp":39,"max_hp":51,"move":3,"type":1}],"offpool":[0,0],"player":{"def":0,"effects":[0,0,0,0],"hp":80,"max_hp":80},"pool":[0,1,0,1,0]}
end 
{"deck":[0,0,0,0,0,1,1,1,1,2],"energy":3,"game_state":0,"hand":[0,1,0,1,0],"max_energy":3,"mobs":[{"def":0,"effects":[0,0,0,3],"hp":39,"max_hp":51,"move":1,"type":1}],"offpool":[0,0,2,1,1],"player":{"def":0,"effects":[0,0,0,0],"hp":80,"max_hp":80},"pool":[]}
play 0 0 
{"deck":[0,0,0,0,0,1,1,1,1,2],"energy":2,"game_state":0,"hand":[1,0,1,0],"max_energy":3,"mobs":[{"def":0,"effects":[0,0,0,3],"hp":33,"max_hp":51,"move":1,"type":1}],"offpool":[0,0,2,1,1,0],"player":{"def":0,"effects":[0,0,0,0],"hp":80,"max_hp":80},"pool":[]}
play 1 0 
{"deck":[0,0,0,0,0,1,1,1,1,2],"energy":1,"game_state":0,"hand":[1,1,0],"max_energy":3,"mobs":[{"def":0,"effects":[0,0,0,3],"hp":27,"max_hp":51,"move":1,"type":1}],"offpool":[0,0,2,1,1,0,0],"player":{"def":0,"effects":[0,0,0,0],"hp":80,"max_hp":80},"pool":[]}
play 2 0 
{"deck":[0,0,0,0,0,1,1,1,1,2],"energy":0,"game_state":0,"hand":[1,1],"max_energy":3,"mobs":[{"def":0,"effects":[0,0,0,3],"hp":21,"max_hp":51,"move":1,"type":1}],"offpool":[0,0,2,1,1,0,0,0],"player":{"def":0,"effects":[0,0,0,0],"hp":80,"max_hp":80},"pool":[]}
end 
{"deck":[0,0,0,0,0,1,1,1,1,2],"energy":3,"game_state":0,"hand":[0,1,0,1,0],"max_energy":3,"mobs":[{"def":0,"effects":[0,0,3,3],"hp":21,"max_hp":51,"move":1,"type":1}],"offpool":[],"player":{"def":0,"effects":[0,0,0,0],"hp":71,"max_hp":80},"pool":[2,1,0,1,0]}
play 2 0 
{"deck":[0,0,0,0,0,1,1,1,1,2],"energy":2,"game_state":0,"hand":[0,1,1,0],"max_energy":3,"mobs":[{"def":0,"effects":[0,0,3,3],"hp":15,"max_hp":51,"move":1,"type":1}],"offpool":[0],"player":{"def":0,"effects":[0,0,0,0],"hp":71,"max_hp":80},"pool":[2,1,0,1,0]}
play 0 0 
{"deck":[0,0,0,0,0,1,1,1,1,2],"energy":1,"game_state":0,"hand":[1,1,0],"max_energy":3,"mobs":[{"def":0,"effects":[0,0,3,3],"hp":9,"max_hp":51,"move":1,"type":1}],"offpool":[0,0],"player":{"def":0,"effects":[0,0,0,0],"hp":71,"max_hp":80},"pool":[2,1,0,1,0]}
play 2 0 
{"deck":[0,0,0,0,0,1,1,1,1,2],"energy":0,"game_state":0,"hand":[1,1],"max_energy":3,"mobs":[{"def":0,"effects":[0,0,3,3],"hp":3,"max_hp":51,"move":1,"type":1}],"offpool":[0,0,0],"player":{"def":0,"effects":[0,0,0,0],"hp":71,"max_hp":80},"pool":[2,1,0,1,0]}
end 
{"deck":[0,0,0,0,0,1,1,1,1,2],"energy":3,"game_state":0,"hand":[0,1,0,1,2],"max_energy":3,"mobs":[{"def":0,"effects":[0,0,6,3],"hp":3,"max_hp":51,"move":1,"type":1}],"offpool":[0,0,0,1,1],"player":{"def":0,"effects":[0,0,0,0],"hp":59,"max_hp":80},"pool":[]}
play 2 0 
{"deck":[0,0,0,0,0,1,1,1,1,2],"game_state":2,"max_energy":3,"player":{"def":0,"effects":[0,0,0,0],"hp":59,"max_hp":80}}
===============RESET===============
{"game_state":3}
play 1 
{"deck":[0,0,0,0,0,1,1,1,1,2],"energy":3,"game_state":0,"hand":[0,1,0,1,2],"max_energy":3,"mobs":[{"def":0,"effects":[0,0,0,0],"hp":53,"max_hp":53,"move":3,"type":1}],"offpool":[],"player":{"def":0,"effects":[0,0,0,0],"hp":80,"max_hp":80},"pool":[0,1,0,1,0]}
play 2 0 
{"deck":[0,0,0,0,0,1,1,1,1,2],"energy":2,"game_state":0,"hand":[0,1,1,2],"max_energy":3,"mobs":[{"def":0,"effects":[0,0,0,0],"hp":47,"max_hp":53,"move":3,"type":1}],"offpool":[0],"player":{"def":0,"effects":[0,0,0,0],"hp":80,"max_hp":80},"pool":[0,1,0,1,0]}
play 0 0 
{"deck":[0,0,0,0,0,1,1,1,1,2],"energy":1,"game_state":0,"hand":[1,1,2],"max_energy":3,"mobs":[{"def":0,"effects":[0,0,0,0],"hp":41,"max_hp":53,"move":3,"type":1}],"offpool":[0,0],"player":{"def":0,"effects":[0,0,0,0],"hp":80,"max_hp":80},"pool":[0,1,0,1,0]}
end 
{"deck":[0,0,0,0,0,1,1,1,1,2],"energy":3,"game_state":0,"hand":[0,1,0,1,0],"max_energy":3,"mobs":[{"def":0,"effects":[0,0,0,3],"hp":41,"max_hp":53,"move":1,"type":1}],"offpool":[0,0,2,1,1],"player":{"def":0,"effects":[0,0,0,0],"hp":80,"max_hp":80},"pool":[]}
play 0 0 
{"deck":[0,0,0,0,0,1,1,1,1,2],"energy":2,"game_state":0,"hand":[1,0,1,0],"max_energy":3,"mobs":[{"def":0,"effects":[0,0,0,3],"hp":35,"max_hp":53,"move":1,"type":1}],"offpool":[0,0,2,1,1,0],"player":{"def":0,"effects":[0,0,0,0],"hp":80,"max_hp":80},"pool":[]}
play 1 0 
{"deck":[0,0,0,0,0,1,1,1,1,2],"energy":1,"game_state":0,"hand":[1,1,0],"max_energy":3,"mobs":[{"def":0,"effects":[0,0,0,3],"hp":29,"max_hp":53,"move":1,"type":1}],"offpool":[0,0,2,1,1,0,0],"player":{"def":0,"effects":[0,0,0,0],"hp":80,"max_hp":80},"pool":[]}
play 2 0 
{"deck":[0,0,0,0,0,1,1,1,1,2],"energy":0,"game_state":0,"hand":[1,1],"max_energy":3,"mobs":[{"def":0,"effects":[0,0,0,3],"hp":23,"max_hp":53,"move":1,"type":1}],"offpool":[0,0,2,1,1,0,0,0],"player":{"def":0,"effects":[0,0,0,0],"hp":80,"max_hp":80},"pool":[]}
end 
{"deck":[0,0,0,0,0,1,1,1,1,2],"energy":3,"game_state":0,"hand":[0,1,0,1,2],"max_energy":3,"mobs":[{"def":0,"effects":[0,0,3,3],"hp":23,"max_hp":53,"move":1,"type":1}],"offpool":[],"player":{"def":0,"effects":[0,0,0,0],"hp":71,"max_hp":80},"pool":[1,0,0,1,0]}
play 2 0 
{"deck":[0,0,0,0,0,1,1,1,1,2],"energy":2,"game_state":0,"hand":[0,1,1,2],"max_energy":3,"mobs":[{"def":0,"effects":[0,0,3,3],"hp":17,"max_hp":53,"move":1,"type":1}],"offpool":[0],"player":{"def":0,"effects":[0,0,0,0],"hp":71,"max_hp":80},"pool":[1,0,0,1,0]}
play 0 0 
{"deck":[0,0,0,0,0,1,1,1,1,2],"energy":1,"game_state":0,"hand":[1,1,2],"max_energy":3,"mobs":[{"def":0,"effects":[0,0,3,3],"hp":11,"max_hp":53,"move":1,"type":1}],"offpool":[0,0],"player":{"def":0,"effects":[0,0,0,0],"hp":71,"max_hp":80},"pool":[1,0,0,1,0]}
play 0 
{"deck":[0,0,0,0,0,1,1,1,1,2],"energy":0,"game_state":0,"hand":[1,2],"max_energy":3,"mobs":[{"def":0,"effects":[0,0,3,3],"hp":11,"max_hp":53,"move":1,"type":1}],"offpool":[0,0,1],"player":{"def":5,"effects":[0,0,0,0],"hp":71,"max_hp":80},"pool":[1,0,0,1,0]}
end 
{"deck":[0,0,0,0,0,1,1,1,1,2],"energy":3,"game_state":0,"hand":[0,1,0,0,1],"max_energy":3,"mobs":[{"def":0,"effects":[0,0,6,3],"hp":11,"max_hp":53,"move":1,"type":1}],"offpool":[0,0,1,2,1],"player":{"def":0,"effects":[0,0,0,0],"hp":64,"max_hp":80},"pool":[]}
play 2 0 
{"deck":[0,0,0,0,0,1,1,1,1,2],"energy":2,"game_state":0,"hand":[0,1,0,1],"max_energy":3,"mobs":[{"def":0,"effects":[0,0,6,3],"hp":5,"max_hp":53,"move":1,"type":1}],"offpool":[0,0,1,2,1,0],"player":{"def":0,"effects":[0,0,0,0],"hp":64,"max_hp":80},"pool":[]}
play 2 0 
{"deck":[0,0,0,0,0,1,1,1,1,2],"game_state":2,"max_energy":3,"player":{"def":0,"effects":[0,0,0,0],"hp":64,"max_hp":80}}
===============RESET===============
{"game_state":3}
play 1 
{"deck":[0,0,0,0,0,1,1,1,1,2],"energy":3,"game_state":0,"hand":[2,0,0,1,0],"max_energy":3,"mobs":[{"def":0,"effects":[0,0,0,0],"hp":50,"max_hp":50,"move":3,"type":1}],"offpool":[],"player":{"def":0,"effects":[0,0,0,0],"hp":80,"max_hp":80},"pool":[0,1,1,1,0]}
play 2 0 
{"deck":[0,0,0,0,0,1,1,1,1,2],"energy":2,"game_state":0,"hand":[2,0,1,0],"max_energy":3,"mobs":[{"def":0,"effects":[0,0,0,0],"hp":44,"max_hp":50,"move":3,"type":1}],"offpool":[0],"player":{"def":0,"effects":[0,0,0,0],"hp":80,"max_hp":80},"pool":[0,1,1,1,0]}
play 1 0 
{"deck":[0,0,0,0,0,1,1,1,1,2],"energy":1,"game_state":0,"hand":[2,1,0],"max_energy":3,"mobs":[{"def":0,"effects":[0,0,0,0],"hp":38,"max_hp":50,"move":3,"type":1}],"offpool":[0,0],"player":{"def":0,"effects":[0,0,0,0],"hp":80,"max_hp":80},"pool":[0,1,1,1,0]}
end 
{"deck":[0,0,0,0,0,1,1,1,1,2],"energy":3,"game_state":0,"hand":[0,1,1,1,0],"max_energy":3,"mobs":[{"def":0,"effects":[0,0,0,3],"hp":38,"max_hp":50,"move":1,"type":1}],"offpool":[0,0,0,1,2],"player":{"def":0,"effects":[0,0,0,0],"hp":80,"max_hp":80},"pool":[]}
play 0 0 
{"deck":[0,0,0,0,0,1,1,1,1,2],"energy":2,"game_state":0,"hand":[1,1,1,0],"max_energy":3,"mobs":[{"def":0,"effects":[0,0,0,3],"hp":32,"max_hp":50,"move":1,"type":1}],"offpool":[0,0,0,1,2,0],"player":{"def":0,"effects":[0,0,0,0],"hp":80,"max_hp":80},"pool":[]}
play 3 0 
{"deck":[0,0,0,0,0,1,1,1,1,2],"energy":1,"game_state":0,"hand":[1,1,1],"max_energy":3,"mobs":[{"def":0,"effects":[0,0,0,3],"hp":26,"max_hp":50,"move":1,"type":1}],"offpool":[0,0,0,1,2,0,0],"player":{"def":0,"effects":[0,0,0,0],"hp":80,"max_hp":80},"pool":[]}
play 0 
{"deck":[0,0,0,0,0,1,1,1,1,2],"energy":0,"game_state":0,"hand":[1,1],"max_energy":3,"mobs":[{"def":0,"effects":[0,0,0,3],"hp":26,"max_hp":50,"move":1,"type":1}],"offpool":[0,0,0,1,2,0,0,1],"player":{"def":5,"effects":[0,0,0,0],"hp":80,"max_hp":80},"pool":[]}
end 
{"deck":[0,0,0,0,0,1,1,1,1,2],"energy":3,"game_state":0,"hand":[1,0,0,0,0],"max_energy":3,"mobs":[{"def":0,"effects":[0,0,3,3],"hp":26,"max_hp":50,"move":1,"type":1}],"offpool":[],"player":{"def":0,"effects":[0,0,0,0],"hp":76,"max_hp":80},"pool":[0,1,1,2,1]}
play 1 0 
{"deck":[0,0,0,0,0,1,1,1,1,2],"energy":2,"game_state":0,"hand":[1,0,0,0],"max_energy":3,"mobs":[{"def":0,"effects":[0,0,3,3],"hp":20,"max_hp":50,"move":1,"type":1}],"offpool":[0],"player":{"def":0,"effects":[0,0,0,0],"hp":76,"max_hp":80},"pool":[0,1,1,2,1]}
play 1 0 
{"deck":[0,0,0,0,0,1,1,1,1,2],"energy":1,"game_state":0,"hand":[1,0,0],"max_energy":3,"mobs":[{"def":0,"effects":[0,0,3,3],"hp":14,"max_hp":50,"move":1,"type":1}],"offpool":[0,0],"player":{"def":0,"effects":[0,0,0,0],"hp":76,"max_hp":80},"pool":[0,1,1,2,1]}
play 1 0 
{"deck":[0,0,0,0,0,1,1,1,1,2],"energy":0,"game_state":0,"hand":[1,0],"max_energy":3,"mobs":[{"def":0,"effects":[0,0,3,3],"hp":8,"max_hp":50,"move":1,"type":1}],"offpool":[0,0,0],"player":{"def":0,"effects":[0,0,0,0],"hp":76,"max_hp":80},"pool":[0,1,1,2,1]}
end 
{"deck":[0,0,0,0,0,1,1,1,1,2],"energy":3,"game_state":0,"hand":[1,2,1,1,0],"max_energy":3,"mobs":[{"def":0,"effects":[0,0,6,3],"hp":8,"max_hp":50,"move":1,"type":1}],"offpool":[0,0,0,0,1],"player":{"def":0,"effects":[0,0,0,0],"hp":64,"max_hp":80},"pool":[]}
play 0 
{"deck":[0,0,0,0,0,1,1,1,1,2],"energy":2,"game_state":0,"hand":[2,1,1,0],"max_energy":3,"mobs":[{"def":0,"effects":[0,0,6,3],"hp":8,"max_hp":50,"move":1,"type":1}],"offpool":[0,0,0,0,1,1],"player":{"def":5,"effects":[0,0,0,0],"hp":64,"max_hp":80},"pool":[]}
play 3 0 
{"deck":[0,0,0,0,0,1,1,1,1,2],"energy":1,"game_state":0,"hand":[2,1,1],"max_energy":3,"mobs":[{"def":0,"effects":[0,0,6,3],"hp":2,"max_hp":50,"move":1,"type":1}],"offpool":[0,0,0,0,1,1,0],"player":{"def":5,"effects":[0,0,0,0],"hp":64,"max_hp":80},"pool":[]}
play 2 
{"deck":[0,0,0,0,0,1,1,1,1,2],"energy":0,"game_state":0,"hand":[2,1],"max_energy":3,"mobs":[{"def":0,"effects":[0,0,6,3],"hp":2,"max_hp":50,"move":1,"type":1}],"offpool":[0,0,0,0,1,1,0,1],"player":{"def":10,"effects":[0,0,0,0],"hp":64,"max_hp":80},"pool":[]}
end 
{"deck":[0,0,0,0,0,1,1,1,1,2],"energy":3,"game_state":0,"hand":[0,2,0,0,1],"max_energy":3,"mobs":[{"def":0,"effects":[0,0,9,3],"hp":2,"max_hp":50,"move":1,"type":1}],"offpool":[],"player":{"def":0,"effects":[0,0,0,0],"hp":59,"max_hp":80},"pool":[1,0,1,0,1]}
play 2 0 
{"deck":[0,0,0,0,0,1,1,1,1,2],"game_state":2,"max_energy":3,"player":{"def":0,"effects":[0,0,0,0],"hp":59,"max_hp":80}}
===============RESET===============
{"game_state":3}
play 1 
{"deck":[0,0,0,0,0,1,1,1,1,2],"energy":3,"game_state":0,"hand":[0,0,1,1,1],"max_energy":3,"mobs":[{"def":0,"effects":[0,0,0,0],"hp":51,"max_hp":51,"move":3,"type":1}],"offpool":[],"player":{"def":0,"effects":[0,0,0,0],"hp":80,"max_hp":80},"pool":[0,0,2,0,1]}
play 0 0 
{"deck":[0,0,0,0,0,1,1,1,1,2],"energy":2,"game_state":0,"hand":[0,1,1,1],"max_energy":3,"mobs":[{"def":0,"effects":[0,0,0,0],"hp":45,"max_hp":51,"move":3,"type":1}],"offpool":[0],"player":{"def":0,"effects":[0,0,0,0],"hp":80,"max_hp":80},"pool":[0,0,2,0,1]}
play 0 0 
{"deck":[0,0,0,0,0,1,1,1,1,2],"energy":1,"game_state":0,"hand":[1,1,1],"max_energy":3,"mobs":[{"def":0,"effects":[0,0,0,0],"hp":39,"max_hp":51,"move":3,"type":1}],"offpool":[0,0],"player":{"def":0,"effects":[0,0,0,0],"hp":80,"max_hp":80},"pool":[0,0,2,0,1]}
play 0 
{"deck":[0,0,0,0,0,1,1,1,1,2],"energy":0,"game_state":0,"hand":[1,1],"max_energy":3,"mobs":[{"def":0,"effects":[0,0,0,0],"hp":39,"max_hp":51,"move":3,"type":1}],"offpool":[0,0,1],"player":{"def":5,"effects":[0,0,0,0],"hp":80,"max_hp":80},"pool":[0,0,2,0,1]}
end 
{"deck":[0,0,0,0,0,1,1,1,1,2],"energy":3,"game_state":0,"hand":[1,0,2,0,0],"max_energy":3,"mobs":[{"def":0,"effects":[0,0,0,3],"hp":39,"max_hp":51,"move":1,"type":1}],"offpool":[0,0,1,1,1],"player":{"def":0,"effects":[0,0,0,0],"hp":80,"max_hp":80},"pool":[]}
play 1 0 
{"deck":[0,0,0,0,0,1,1,1,1,2],"energy":2,"game_state":0,"hand":[1,2,0,0],"max_energy":3,"mobs":[{"def":0,"effects":[0,0,0,3],"hp":33,"max_hp":51,"move":1,"type":1}],"offpool":[0,0,1,1,1,0],"player":{"def":0,"effects":[0,0,0,0],"hp":80,"max_hp":80},"pool":[]}
play 2 0 
{"deck":[0,0,0,0,0,1,1,1,1,2],"energy":1,"game_state":0,"hand":[1,2,0],"max_energy":3,"mobs":[{"def":0,"effects":[0,0,0,3],"hp":27,"max_hp":51,"move":1,"type":1}],"offpool":[0,0,1,1,1,0,0],"player":{"def":0,"effects":[0,0,0,0],"hp":80,"max_hp":80},"pool":[]}
play 0 
{"deck":[0,0,0,0,0,1,1,1,1,2],"energy":0,"game_state":0,"hand":[2,0],"max_energy":3,"mobs":[{"def":0,"effects":[0,0,0,3],"hp":27,"max_hp":51,"move":1,"type":1}],"offpool":[0,0,1,1,1,0,0,1],"player":{"def":5,"effects":[0,0,0,0],"hp":80,"max_hp":80},"pool":[]}
end 
{"deck":[0,0,0,0,0,1,1,1,1,2],"energy":3,"game_state":0,"hand":[0,1,0,0,1],"max_energy":3,"mobs":[{"def":0,"effects":[0,0,3,3],"hp":27,"max_hp":51,"move":1,"type":1}],"offpool":[],"player":{"def":0,"effects":[0,0,0,0],"hp":76,"max_hp":80},"pool":[0,2,1,0,1]}
play 0 0 
{"deck":[0,0,0,0,0,1,1,1,1,2],"energy":2,"game_state":0,"hand":[1,0,0,1],"max_energy":3,"mobs":[{"def":0,"effects":[0,0,3,3],"hp":21,"max_hp":51,"move":1,"type":1}],"offpool":[0],"player":{"def":0,"effects":[0,0,0,0],"hp":76,"max_hp":80},"pool":[0,2,1,0,1]}
play 1 0 
{"deck":[0,0,0,0,0,1,1,1,1,2],"energy":1,"game_state":0,"hand":[1,0,1],"max_energy":3,"mobs":[{"def":0,"effects":[0,0,3,3],"hp":15,"max_hp":51,"move":1,"type":1}],"offpool":[0,0],"player":{"def":0,"effects":[0,0,0,0],"hp":76,"max_hp":80},"pool":[0,2,1,0,1]}
play 1 0 
{"deck":[0,0,0,0,0,1,1,1,1,2],"energy":0,"game_state":0,"hand":[1,1],"max_energy":3,"mobs":[{"def":0,"effects":[0,0,3,3],"hp":9,"max_hp":51,"move":1,"type":1}],"offpool":[0,0,0],"player":{"def":0,"effects":[0,0,0,0],"hp":76,"max_hp":80},"pool":[0,2,1,0,1]}
end 
{"deck":[0,0,0,0,0,1,1,1,1,2],"energy":3,"game_state":0,"hand":[1,0,1,2,0],"max_energy":3,"mobs":[{"def":0,"effects":[0,0,6,3],"hp":9,"max_hp":51,"move":1,"type":1}],"offpool":[0,0,0,1,1],"player":{"def":0,"effects":[0,0,0,0],"hp":64,"max_hp":80},"pool":[]}
play 1 0 
{"deck":[0,0,0,0,0,1,1,1,1,2],"energy":2,"game_state":0,"hand":[1,1,2,0],"max_energy":3,"mobs":[{"def":0,"effects":[0,0,6,3],"hp":3,"max_hp":51,"move":1,"type":1}],"offpool":[0,0,0,1,1,0],"player":{"def":0,"effects":[0,0,0,0],"hp":64,"max_hp":80},"pool":[]}
play 3 0 
{"deck":[0,0,0,0,0,1,1,1,1,2],"game_state":2,"max_energy":3,"player":{"def":0,"effects":[0,0,0,0],"hp":64,"max_hp":80}}
===============RESET===============
{"game_state":3}
play 1 
{"deck":[0,0,0,0,0,1,1,1,1,2],"energy":3,"game_state":0,"hand":[1,2,0,1,0],"max_energy":3,"mobs":[{"def":0,"effects":[0,0,0,0],"hp":49,"max_hp":49,"move":3,"type":1}],"offpool":[],"player":{"def":0,"effects":[0,0,0,0],"hp":80,"max_hp":80},"pool":[0,0,0,1,1]}
play 2 0 
{"deck":[0,0,0,0,0,1,1,1,1,2],"energy":2,"game_state":0,"hand":[1,2,1,0],"max_energy":3,"mobs":[{"def":0,"effects":[0,0,0,0],"hp":43,"max_hp":49,"move":3,"type":1}],"offpool":[0],"player":{"def":0,"effects":[0,0,0,0],"hp":80,"max_hp":80},"pool":[0,0,0,1,1]}
play 3 0 
{"deck":[0,0,0,0,0,1,1,1,1,2],"energy":1,"game_state":0,"hand":[1,2,1],"max_energy":3,"mobs":[{"def":0,"effects":[0,0,0,0],"hp":37,"max_hp":49,"move":3,"type":1}],"offpool":[0,0],"player":{"def":0,"effects":[0,0,0,0],"hp":80,"max_hp":80},"pool":[0,0,0,1,1]}
end 
{"deck":[0,0,0,0,0,1,1,1,1,2],"energy":3,"game_state":0,"hand":[1,1,0,0,0],"max_energy":3,"mobs":[{"def":0,"effects":[0,0,0,3],"hp":37,"max_hp":49,"move":1,"type":1}],"offpool":[0,0,1,2,1],"player":{"def":0,"effects":[0,0,0,0],"hp":80,"max_hp":80},"pool":[]}
play 2 0 
{"deck":[0,0,0,0,0,1,1,1,1,2],"energy":2,"game_state":0,"hand":[1,1,0,0],"max_energy":3,"mobs":[{"def":0,"effects":[0,0,0,3],"hp":31,"max_hp":49,"move":1,"type":1}],"offpool":[0,0,1,2,1,0],"player":{"def":0,"effects":[0,0,0,0],"hp":80,"max_hp":80},"pool":[]}
play 2 0 
{"deck":[0,0,0,0,0,1,1,1,1,2],"energy":1,"game_state":0,"hand":[1,1,0],"max_energy":3,"mobs":[{"def":0,"effects":[0,0,0,3],"hp":25,"max_hp":49,"move":1,"type":1}],"offpool":[0,0,1,2,1,0,0],"player":{"def":0,"effects":[0,0,0,0],"hp":80,"max_hp":80},"pool":[]}
play 2 0 
{"deck":[0,0,0,0,0,1,1,1,1,2],"energy":0,"game_state":0,"hand":[1,1],"max_energy":3,"mobs":[{"def":0,"effects":[0,0,0,3],"hp":19,"max_hp":49,"move":1,"type":1}],"offpool":[0,0,1,2,1,0,0,0],"player":{"def":0,"effects":[0,0,0,0],"hp":80,"max_hp":80},"pool":[]}
end 
{"deck":[0,0,0,0,0,1,1,1,1,2],"energy":3,"game_state":0,"hand":[1,1,0,0,1],"max_energy":3,"mobs":[{"def":0,"effects":[0,0,3,3],"hp":19,"max_hp":49,"move":1,"type":1}],"offpool":[],"player":{"def":0,"effects":[0,0,0,0],"hp":71,"max_hp":80},"pool":[1,0,0,0,2]}
play 2 0 
{"deck":[0,0,0,0,0,1,1,1,1,2],"energy":2,"game_state":0,"hand":[1,1,0,1],"max_energy":3,"mobs":[{"def":0,"effects":[0,0,3,3],"hp":13,"max_hp":49,"move":1,"type":1}],"offpool":[0],"player":{"def":0,"effects":[0,0,0,0],"hp":71,"max_hp":80},"pool":[1,0,0,0,2]}
play 2 0 
{"deck":[0,0,0,0,0,1,1,1,1,2],"energy":1,"game_state":0,"hand":[1,1,1],"max_energy":3,"mobs":[{"def":0,"effects":[0,0,3,3],"hp":7,"max_hp":49,"move":1,"type":1}],"offpool":[0,0],"player":{"def":0,"effects":[0,0,0,0],"hp":71,"max_hp":80},"pool":[1,0,0,0,2]}
play 1 
{"deck":[0,0,0,0,0,1,1,1,1,2],"energy":0,"game_state":0,"hand":[1,1],"max_energy":3,"mobs":[{"def":0,"effects":[0,0,3,3],"hp":7,"max_hp":49,"move":1,"type":1}],"offpool":[0,0,1],"player":{"def":5,"effects":[0,0,0,0],"hp":71,"max_hp":80},"pool":[1,0,0,0,2]}
end 
{"deck":[0,0,0,0,0,1,1,1,1,2],"energy":3,"game_state":0,"hand":[2,0,0,0,1],"max_energy":3,"mobs":[{"def":0,"effects":[0,0,6,3],"hp":7,"max_hp":49,"move":1,"type":1}],"offpool":[0,0,1,1,1],"player":{"def":0,"effects":[0,0,0,0],"hp":64,"max_hp":80},"pool":[]}
play 2 0 
{"deck":[0,0,0,0,0,1,1,1,1,2],"energy":2,"game_state":0,"hand":[2,0,0,1],"max_energy":3,"mobs":[{"def":0,"effects":[0,0,6,3],"hp":1,"max_hp":49,"move":1,"type":1}],"offpool":[0,0,1,1,1,0],"player":{"def":0,"effects":[0,0,0,0],"hp":64,"max_hp":80},"pool":[]}
play 2 0 
{"deck":[0,0,0,0,0,1,1,1,1,2],"game_state":2,"max_energy":3,"player":{"def":0,"effects":[0,0,0,0],"hp":64,"max_hp":80}}
===============RESET===============
{"game_state":3}
play 1 
{"deck":[0,0,0,0,0,1,1,1,1,2],"energy":3,"game_state":0,"hand":[1,0,1,0,2],"max_energy":3,"mobs":[{"def":0,"effects":[0,0,0,0],"hp":49,"max_hp":49,"move":3,"type":1}],"offpool":[],"player":{"def":0,"effects":[0,0,0,0],"hp":80,"max_hp":80},"pool":[1,0,1,0,0]}
play 1 0 
{"deck":[0,0,0,0,0,1,1,1,1,2],"energy":2,"game_state":0,"hand":[1,1,0,2],"max_energy":3,"mobs":[{"def":0,"effects":[0,0,0,0],"hp":43,"max_hp":49,"move":3,"type":1}],"offpool":[0],"player":{"def":0,"effects":[0,0,0,0],"hp":80,"max_hp":80},"pool":[1,0,1,0,0]}
play 2 0 
{"deck":[0,0,0,0,0,1,1,1,1,2],"energy":1,"game_state":0,"hand":[1,1,2],"max_energy":3,"mobs":[{"def":0,"effects":[0,0,0,0],"hp":37,"max_hp":49,"move":3,"type":1}],"offpool":[0,0],"player":{"def":0,"effects":[0,0,0,0],"hp":80,"max_hp":80},"pool":[1,0,1,0,0]}
end 
{"deck":[0,0,0,0,0,1,1,1,1,2],"energy":3,"game_state":0,"hand":[0,0,1,0,1],"max_energy":3,"mobs":[{"def":0,"effects":[0,0,0,3],"hp":37,"max_hp":49,"move":1,"type":1}],"offpool":[0,0,2,1,1],"player":{"def":0,"effects":[0,0,0,0],"hp":80,"max_hp":80},"pool":[]}
play 0 0 
{"deck":[0,0,0,0,0,1,1,1,1,2],"energy":2,"game_state":0,"hand":[0,1,0,1],"max_energy":3,"mobs":[{"def":0,"effects":[0,0,0,3],"hp":31,"max_hp":49,"move":1,"type":1}],"offpool":[0,0,2,1,1,0],"player":{"def":0,"effects":[0,0,0,0],"hp":80,"max_hp":80},"pool":[]}
play 0 0 
{"deck":[0,0,0,0,0,1,1,1,1,2],"energy":1,"game_state":0,"hand":[1,0,1],"max_energy":3,"mobs":[{"def":0,"effects":[0,0,0,3],"hp":25,"max_hp":49,"move":1,"type":1}],"offpool":[0,0,2,1,1,0,0],"player":{"def":0,"effects":[0,0,0,0],"hp":80,"max_hp":80},"pool":[]}
play 1 0 
{"deck":[0,0,0,0,0,1,1,1,1,2],"energy":0,"game_state":0,"hand":[1,1],"max_energy":3,"mobs":[{"def":0,"effects":[0,0,0,3],"hp":19,"max_hp":49,"move":1,"type":1}],"offpool":[0,0,2,1,1,0,0,0],"player":{"def":0,"effects":[0,0,0,0],"hp":80,"max_hp":80},"pool":[]}
end 
{"deck":[0,0,0,0,0,1,1,1,1,2],"energy":3,"game_state":0,"hand":[2,1,0,0,0],"max_energy":3,"mobs":[{"def":0,"effects":[0,0,3,3],"hp":19,"max_hp":49,"move":1,"type":1}],"offpool":[],"player":{"def":0,"effects":[0,0,0,0],"hp":71,"max_hp":80},"pool":[1,0,1,0,1]}
play 2 0 
{"deck":[0,0,0,0,0,1,1,1,1,2],"energy":2,"game_state":0,"hand":[2,1,0,0],"max_energy":3,"mobs":[{"def":0,"effects":[0,0,3,3],"hp":13,"max_hp":49,"move":1,"type":1}],"offpool":[0],"player":{"def":0,"effects":[0,0,0,0],"hp":71,"max_hp":80},"pool":[1,0,1,0,1]}
play 2 0 
{"deck":[0,0,0,0,0,1,1,1,1,2],"energy":1,"game_state":0,"hand":[2,1,0],"max_energy":3,"mobs":[{"def":0,"effects":[0,0,3,3],"hp":7,"max_hp":49,"move":1,"type":1}],"offpool":[0,0],"player":{"def":0,"effects":[0,0,0,0],"hp":71,"max_hp":80},"pool":[1,0,1,0,1]}
play 2 0 
{"deck":[0,0,0,0,0,1,1,1,1,2],"energy":0,"game_state":0,"hand":[2,1],"max_energy":3,"mobs":[{"def":0,"effects":[0,0,3,3],"hp":1,"max_hp":49,"move":1,"type":1}],"offpool":[0,0,0],"player":{"def":0,"effects":[0,0,0,0],"hp":71,"max_hp":80},"pool":[1,0,1,0,1]}
end 
{"deck":[0,0,0,0,0,1,1,1,1,2],"energy":3,"game_state":0,"hand":[1,0,1,0,1],"max_energy":3,"mobs":[{"def":0,"effects":[0,0,6,3],"hp":1,"max_hp":49,"move":1,"type":1}],"offpool":[0,0,0,1,2],"player":{"def":0,"effects":[0,0,0,0],"hp":59,"max_hp":80},"pool":[]}
play 1 0 
{"deck":[0,0,0,0,0,1,1,1,1,2],"game_state":2,"max_energy":3,"player":{"def":0,"effects":[0,0,0,0],"hp":59,"max_hp":80}}
===============RESET===============
{"game_state":3}
play 1 
{"deck":[0,0,0,0,0,1,1,1,1,2],"energy":3,"game_state":0,"hand":[1,0,0,0,0],"max_energy":3,"mobs":[{"def":0,"effects":[0,0,0,0],"hp":53,"max_hp":53,"move":3,"type":1}],"offpool":[],"player":{"def":0,"effects":[0,0,0,0],"hp":80,"max_hp":80},"pool":[1,1,2,0,1]}
play 1 0 
{"deck":[0,0,0,0,0,1,1,1,1,2],"energy":2,"game_state":0,"hand":[1,0,0,0],"max_energy":3,"mobs":[{"def":0,"effects":[0,0,0,0],"hp":47,"max_hp":53,"move":3,"type":1}],"offpool":[0],"player":{"def":0,"effects":[0,0,0,0],"hp":80,"max_hp":80},"pool":[1,1,2,0,1]}
play 1 0 
{"deck":[0,0,0,0,0,1,1,1,1,2],"energy":1,"game_state":0,"hand":[1,0,0],"max_energy":3,"mobs":[{"def":0,"effects":[0,0,0,0],"hp":41,"max_hp":53,"move":3,"type":1}],"offpool":[0,0],"player":{"def":0,"effects":[0,0,0,0],"hp":80,"max_hp":80},"pool":[1,1,2,0,1]}
play 1 0 
{"deck":[0,0,0,0,0,1,1,1,1,2],"energy":0,"game_state":0,"hand":[1,0],"max_energy":3,"mobs":[{"def":0,"effects":[0,0,0,0],"hp":35,"max_hp":53,"move":3,"type":1}],"offpool":[0,0,0],"player":{"def":0,"effects":[0,0,0,0],"hp":80,"max_hp":80},"pool":[1,1,2,0,1]}
end 
{"deck":[0,0,0,0,0,1,1,1,1,2],"energy":3,"game_state":0,"hand":[1,0,2,1,1],"max_energy":3,"mobs":[{"def":0,"effects":[0,0,0,3],"hp":35,"max_hp":53,"move":1,"type":1}],"offpool":[0,0,0,0,1],"player":{"def":0,"effects":[0,0,0,0],"hp":80,"max_hp":80},"pool":[]}
play 1 0 
{"deck":[0,0,0,0,0,1,1,1,1,2],"energy":2,"game_state":0,"hand":[1,2,1,1],"max_energy":3,"mobs":[{"def":0,"effects":[0,0,0,3],"hp":29,"max_hp":53,"move":1,"type":1}],"offpool":[0,0,0,0,1,0],"player":{"def":0,"effects":[0,0,0,0],"hp":80,"max_hp":80},"pool":[]}
play 0 
{"deck":[0,0,0,0,0,1,1,1,1,2],"energy":1,"game_state":0,"hand":[2,1,1],"max_energy":3,"mobs":[{"def":0,"effects":[0,0,0,3],"hp":29,"max_hp":53,"move":1,"type":1}],"offpool":[0,0,0,0,1,0,1],"player":{"def":5,"effects":[0,0,0,0],"hp":80,"max_hp":80},"pool":[]}
play 2 
{"deck":[0,0,0,0,0,1,1,1,1,2],"energy":0,"game_state":0,"hand":[2,1],"max_energy":3,"mobs":[{"def":0,"effects":[0,0,0,3],"hp":29,"max_hp":53,"move":1,"type":1}],"offpool":[0,0,0,0,1,0,1,1],"player":{"def":10,"effects":[0,0,0,0],"hp":80,"max_hp":80},"pool":[]}
end 
{"deck":[0,0,0,0,0,1,1,1,1,2],"energy":3,"game_state":0,"hand":[1,1,0,1,0],"max_energy":3,"mobs":[{"def":0,"effects":[0,0,3,3],"hp":29,"max_hp":53,"move":1,"type":1}],"offpool":[],"player":{"def":0,"effects":[0,0,0,0],"hp":80,"max_hp":80},"pool":[0,1,2,0,0]}
play 2 0 
{"deck":[0,0,0,0,0,1,1,1,1,2],"energy":2,"game_state":0,"hand":[1,1,1,0],"max_energy":3,"mobs":[{"def":0,"effects":[0,0,3,3],"hp":23,"max_hp":53,"move":1,"type":1}],"offpool":[0],"player":{"def":0,"effects":[0,0,0,0],"hp":80,"max_hp":80},"pool":[0,1,2,0,0]}
play 3 0 
{"deck":[0,0,0,0,0,1,1,1,1,2],"energy":1,"game_state":0,"hand":[1,1,1],"max_energy":3,"mobs":[{"def":0,"effects":[0,0,3,3],"hp":17,"max_hp":53,"move":1,"type":1}],"offpool":[0,0],"player":{"def":0,"effects":[0,0,0,0],"hp":80,"max_hp":80},"pool":[0,1,2,0,0]}
play 0 
{"deck":[0,0,0,0,0,1,1,1,1,2],"energy":0,"game_state":0,"hand":[1,1],"max_energy":3,"mobs":[{"def":0,"effects":[0,0,3,3],"hp":17,"max_hp":53,"move":1,"type":1}],"offpool":[0,0,1],"player":{"def":5,"effects":[0,0,0,0],"hp":80,"max_hp":80},"pool":[0,1,2,0,0]}
end 
{"deck":[0,0,0,0,0,1,1,1,1,2],"energy":3,"game_state":0,"hand":[0,0,2,1,0],"max_energy":3,"mobs":[{"def":0,"effects":[0,0,6,3],"hp":17,"max_hp":53,"move":1,"type":1}],"offpool":[0,0,1,1,1],"player":{"def":0,"effects":[0,0,0,0],"hp":73,"max_hp":80},"pool":[]}
play 0 0 
{"deck":[0,0,0,0,0,1,1,1,1,2],"energy":2,"game_state":0,"hand":[0,2,1,0],"max_energy":3,"mobs":[{"def":0,"effects":[0,0,6,3],"hp":11,"max_hp":53,"move":1,"type":1}],"offpool":[0,0,1,1,1,0],"player":{"def":0,"effects":[0,0,0,0],"hp":73,"max_hp":80},"pool":[]}
play 0 0 
{"deck":[0,0,0,0,0,1,1,1,1,2],"energy":1,"game_state":0,"hand":[2,1,0],"max_energy":3,"mobs":[{"def":0,"effects":[0,0,6,3],"hp":5,"max_hp":53,"move":1,"type":1}],"offpool":[0,0,1,1,1,0,0],"player":{"def":0,"effects":[0,0,0,0],"hp":73,"max_hp":80},"pool":[]}
play 2 0 
{"deck":[0,0,0,0,0,1,1,1,1,2],"game_state":2,"max_energy":3,"player":{"def":0,"effects":[0,0,0,0],"hp":73,"max_hp":80}}
===============RESET===============
{"game_state":3}
play 1 
{"deck":[0,0,0,0,0,1,1,1,1,2],"energy":3,"game_state":0,"hand":[1,0,1,1,0],"max_energy":3,"mobs":[{"def":0,"effects":[0,0,0,0],"hp":50,"max_hp":50,"move":3,"type":1}],"offpool":[],"player":{"def":0,"effects":[0,0,0,0],"hp":80,"max_hp":80},"pool":[0,0,1,2,0]}
play 1 0 
{"deck":[0,0,0,0,0,1,1,1,1,2],"energy":2,"game_state":0,"hand":[1,1,1,0],"max_energy":3,"mobs":[{"def":0,"effects":[0,0,0,0],"hp":44,"max_hp":50,"move":3,"type":1}],"offpool":[0],"player":{"def":0,"effects":[0,0,0,0],"hp":80,"max_hp":80},"pool":[0,0,1,2,0]}
play 3 0 
{"deck":[0,0,0,0,0,1,1,1,1,2],"energy":1,"game_state":0,"hand":[1,1,1],"max_energy":3,"mobs":[{"def":0,"effects":[0,0,0,0],"hp":38,"max_hp":50,"move":3,"type":1}],"offpool":[0,0],"player":{"def":0,"effects":[0,0,0,0],"hp":80,"max_hp":80},"pool":[0,0,1,2,0]}
play 0 
{"deck":[0,0,0,0,0,1,1,1,1,2],"energy":0,"game_state":0,"hand":[1,1],"max_energy":3,"mobs":[{"def":0,"effects":[0,0,0,0],"hp":38,"max_hp":50,"move":3,"type":1}],"offpool":[0,0,1],"player":{"def":5,"effects":[0,0,0,0],"hp":80,"max_hp":80},"pool":[0,0,1,2,0]}
end 
{"deck":[0,0,0,0,0,1,1,1,1,2],"energy":3,"game_state":0,"hand":[0,2,1,0,0],"max_energy":3,"mobs":[{"def":0,"effects":[0,0,0,3],"hp":38,"max_hp":50,"move":1,"type":1}],"offpool":[0,0,1,1,1],"player":{"def":0,"effects":[0,0,0,0],"hp":80,"max_hp":80},"pool":[]}
play 0 0 
{"deck":[0,0,0,0,0,1,1,1,1,2],"energy":2,"game_state":0,"hand":[2,1,0,0],"max_energy":3,"mobs":[{"def":0,"effects":[0,0,0,3],"hp":32,"max_hp":50,"move":1,"type":1}],"offpool":[0,0,1,1,1,0],"player":{"def":0,"effects":[0,0,0,0],"hp":80,"max_hp":80},"pool":[]}
play 2 0 
{"deck":[0,0,0,0,0,1,1,1,1,2],"energy":1,"game_state":0,"hand":[2,1,0],"max_energy":3,"mobs":[{"def":0,"effects":[0,0,0,3],"hp":26,"max_hp":50,"move":1,"type":1}],"offpool":[0,0,1,1,1,0,0],"player":{"def":0,"effects":[0,0,0,0],"hp":80,"max_hp":80},"pool":[]}
play 2 0 
{"deck":[0,0,0,0,0,1,1,1,1,2],"energy":0,"game_state":0,"hand":[2,1],"max_energy":3,"mobs":[{"def":0,"effects":[0,0,0,3],"hp":20,"max_hp":50,"move":1,"type":1}],"offpool":[0,0,1,1,1,0,0,0],"player":{"def":0,"effects":[0,0,0,0],"hp":80,"max_hp":80},"pool":[]}
end 
{"deck":[0,0,0,0,0,1,1,1,1,2],"energy":3,"game_state":0,"hand":[1,1,2,0,0],"max_energy":3,"mobs":[{"def":0,"effects":[0,0,3,3],"hp":20,"max_hp":50,"move":1,"type":1}],"offpool":[],"player":{"def":0,"effects":[0,0,0,0],"hp":71,"max_hp":80},"pool":[0,0,1,0,1]}
play 3 0 
{"deck":[0,0,0,0,0,1,1,1,1,2],"energy":2,"game_state":0,"hand":[1,1,2,0],"max_energy":3,"mobs":[{"def":0,"effects":[0,0,3,3],"hp":14,"max_hp":50,"move":1,"type":1}],"offpool":[0],"player":{"def":0,"effects":[0,0,0,0],"hp":71,"max_hp":80},"pool":[0,0,1,0,1]}
play 3 0 
{"deck":[0,0,0,0,0,1,1,1,1,2],"energy":1,"game_state":0,"hand":[1,1,2],"max_energy":3,"mobs":[{"def":0,"effects":[0,0,3,3],"hp":8,"max_hp":50,"move":1,"type":1}],"offpool":[0,0],"player":{"def":0,"effects":[0,0,0,0],"hp":71,"max_hp":80},"pool":[0,0,1,0,1]}
play 0 
{"deck":[0,0,0,0,0,1,1,1,1,2],"energy":0,"game_state":0,"hand":[1,2],"max_energy":3,"mobs":[{"def":0,"effects":[0,0,3,3],"hp":8,"max_hp":50,"move":1,"type":1}],"offpool":[0,0,1],"player":{"def":5,"effects":[0,0,0,0],"hp":71,"max_hp":80},"pool":[0,0,1,0,1]}
end 
{"deck":[0,0,0,0,0,1,1,1,1,2],"energy":3,"game_state":0,"hand":[1,0,1,0,0],"max_energy":3,"mobs":[{"def":0,"effects":[0,0,6,3],"hp":8,"max_hp":50,"move":1,"type":1}],"offpool":[0,0,1,2,1],"player":{"def":0,"effects":[0,0,0,0],"hp":64,"max_hp":80},"pool":[]}
play 1 0 
{"deck":[0,0,0,0,0,1,1,1,1,2],"energy":2,"game_state":0,"hand":[1,1,0,0],"max_energy":3,"mobs":[{"def":0,"effects":[0,0,6,3],"hp":2,"max_hp":50,"move":1,"type":1}],"offpool":[0,0,1,2,1,0],"player":{"def":0,"effects":[0,0,0,0],"hp":64,"max_hp":80},"pool":[]}
play 2 0 
{"deck":[0,0,0,0,0,1,1,1,1,2],"game_state":2,"max_energy":3,"player":{"def":0,"effects":[0,0,0,0],"hp":64,"max_hp":80}}
===============RESET===============
{"game_state":3}
play 1 
{"deck":[0,0,0,0,0,1,1,1,1,2],"energy":3,"game_state":0,"hand":[1,1,0,0,2],"max_energy":3,"mobs":[{"def":0,"effects":[0,0,0,0],"hp":51,"max_hp":51,"move":3,"type":1}],"offpool":[],"player":{"def":0,"effects":[0,0,0,0],"hp":80,"max_hp":80},"pool":[1,0,0,1,0]}
play 2 0 
{"deck":[0,0,0,0,0,1,1,1,1,2],"energy":2,"game_state":0,"hand":[1,1,0,2],"max_energy":3,"mobs":[{"def":0,"effects":[0,0,0,0],"hp":45,"max_hp":51,"move":3,"type":1}],"offpool":[0],"player":{"def":0,"effects":[0,0,0,0],"hp":80,"max_hp":80},"pool":[1,0,0,1,0]}
play 2 0 
{"deck":[0,0,0,0,0,1,1,1,1,2],"energy":1,"game_state":0,"hand":[1,1,2],"max_energy":3,"mobs":[{"def":0,"effects":[0,0,0,0],"hp":39,"max_hp":51,"move":3,"type":1}],"offpool":[0,0],"player":{"def":0,"effects":[0,0,0,0],"hp":80,"max_hp":80},"pool":[1,0,0,1,0]}
end 
{"deck":[0,0,0,0,0,1,1,1,1,2],"energy":3,"game_state":0,"hand":[0,1,0,0,1],"max_energy":3,"mobs":[{"def":0,"effects":[0,0,0,3],"hp":39,"max_hp":51,"move":1,"type":1}],"offpool":[0,0,2,1,1],"player":{"def":0,"effects":[0,0,0,0],"hp":80,"max_hp":80},"pool":[]}
play 0 0 
{"deck":[0,0,0,0,0,1,1,1,1,2],"energy":2,"game_state":0,"hand":[1,0,0,1],"max_energy":3,"mobs":[{"def":0,"effects":[0,0,0,3],"hp":33,"max_hp":51,"move":1,"type":1}],"offpool":[0,0,2,1,1,0],"player":{"def":0,"effects":[0,0,0,0],"hp":80,"max_hp":80},"pool":[]}
play 1 0 
{"deck":[0,0,0,0,0,1,1,1,1,2],"energy":1,"game_state":0,"hand":[1,0,1],"max_energy":3,"mobs":[{"def":0,"effects":[0,0,0,3],"hp":27,"max_hp":51,"move":1,"type":1}],"offpool":[0,0,2,1,1,0,0],"player":{"def":0,"effects":[0,0,0,0],"hp":80,"max_hp":80},"pool":[]}
play 1 0 
{"deck":[0,0,0,0,0,1,1,1,1,2],"energy":0,"game_state":0,"hand":[1,1],"max_energy":3,"mobs":[{"def":0,"effects":[0,0,0,3],"hp":21,"max_hp":51,"move":1,"type":1}],"offpool":[0,0,2,1,1,0,0,0],"player":{"def":0,"effects":[0,0,0,0],"hp":80,"max_hp":80},"pool":[]}
end 
{"deck":[0,0,0,0,0,1,1,1,1,2],"energy":3,"game_state":0,"hand":[0,1,0,0,2],"max_energy":3,"mobs":[{"def":0,"effects":[0,0,3,3],"hp":21,"max_hp":51,"move":1,"type":1}],"offpool":[],"player":{"def":0,"effects":[0,0,0,0],"hp":71,"max_hp":80},"pool":[1,1,0,1,0]}
play 2 0 
{"deck":[0,0,0,0,0,1,1,1,1,2],"energy":2,"game_state":0,"hand":[0,1,0,2],"max_energy":3,"mobs":[{"def":0,"effects":[0,0,3,3],"hp":15,"max_hp":51,"move":1,"type":1}],"offpool":[0],"player":{"def":0,"effects":[0,0,0,0],"hp":71,"max_hp":80},"pool":[1,1,0,1,0]}
play 2 0 
{"deck":[0,0,0,0,0,1,1,1,1,2],"energy":1,"game_state":0,"hand":[0,1,2],"max_energy":3,"mobs":[{"def":0,"effects":[0,0,3,3],"hp":9,"max_hp":51,"move":1,"type":1}],"offpool":[0,0],"player":{"def":0,"effects":[0,0,0,0],"hp":71,"max_hp":80},"pool":[1,1,0,1,0]}
play 0 0 
{"deck":[0,0,0,0,0,1,1,1,1,2],"energy":0,"game_state":0,"hand":[1,2],"max_energy":3,"mobs":[{"def":0,"effects":[0,0,3,3],"hp":3,"max_hp":51,"move":1,"type":1}],"offpool":[0,0,0],"player":{"def":0,"effects":[0,0,0,0],"hp":71,"max_hp":80},"pool":[1,1,0,1,0]}
end 
{"deck":[0,0,0,0,0,1,1,1,1,2],"energy":3,"game_state":0,"hand":[0,1,0,1,1],"max_energy":3,"mobs":[{"def":0,"effects":[0,0,6,3],"hp":3,"max_hp":51,"move":1,"type":1}],"offpool":[0,0,0,2,1],"player":{"def":0,"effects":[0,0,0,0],"hp":59,"max_hp":80},"pool":[]}
play 2 0 
{"deck":[0,0,0,0,0,1,1,1,1,2],"game_state":2,"max_energy":3,"player":{"def":0,"effects":[0,0,0,0],"hp":59,"max_hp":80}}
===============RESET===============
{"game_state":3}
play 1 
{"deck":[0,0,0,0,0,1,1,1,1,2],"energy":3,"game_state":0,"hand":[1,0,1,0,0],"max_energy":3,"mobs":[{"def":0,"effects":[0,0,0,0],"hp":51,"max_hp":51,"move":3,"type":1}],"offpool":[],"player":{"def":0,"effects":[0,0,0,0],"hp":80,"max_hp":80},"pool":[0,1,0,2,1]}
play 1 0 
{"deck":[0,0,0,0,0,1,1,1,1,2],"energy":2,"game_state":0,"hand":[1,1,0,0],"max_energy":3,"mobs":[{"def":0,"effects":[0,0,0,0],"hp":45,"max_hp":51,"move":3,"type":1}],"offpool":[0],"player":{"def":0,"effects":[0,0,0,0],"hp":80,"max_hp":80},"pool":[0,1,0,2,1]}
play 2 0 
{"deck":[0,0,0,0,0,1,1,1,1,2],"energy":1,"game_state":0,"hand":[1,1,0],"max_energy":3,"mobs":[{"def":0,"effects":[0,0,0,0],"hp":39,"max_hp":51,"move":3,"type":1}],"offpool":[0,0],"player":{"def":0,"effects":[0,0,0,0],"hp":80,"max_hp":80},"pool":[0,1,0,2,1]}
play 2 0 
{"deck":[0,0,0,0,0,1,1,1,1,2],"energy":0,"game_state":0,"hand":[1,1],"max_energy":3,"mobs":[{"def":0,"effects":[0,0,0,0],"hp":33,"max_hp":51,"move":3,"type":1}],"offpool":[0,0,0],"player":{"def":0,"effects":[0,0,0,0],"hp":80,"max_hp":80},"pool":[0,1,0,2,1]}
end 
{"deck":[0,0,0,0,0,1,1,1,1,2],"energy":3,"game_state":0,"hand":[1,2,0,1,0],"max_energy":3,"mobs":[{"def":0,"effects":[0,0,0,3],"hp":33,"max_hp":51,"move":1,"type":1}],"offpool":[0,0,0,1,1],"player":{"def":0,"effects":[0,0,0,0],"hp":80,"max_hp":80},"pool":[]}
play 2 0 
{"deck":[0,0,0,0,0,1,1,1,1,2],"energy":2,"game_state":0,"hand":[1,2,1,0],"max_energy":3,"mobs":[{"def":0,"effects":[0,0,0,3],"hp":27,"max_hp":51,"move":1,"type":1}],"offpool":[0,0,0,1,1,0],"player":{"def":0,"effects":[0,0,0,0],"hp":80,"max_hp":80},"pool":[]}
play 3 0 
{"deck":[0,0,0,0,0,1,1,1,1,2],"energy":1,"game_state":0,"hand":[1,2,1],"max_energy":3,"mobs":[{"def":0,"effects":[0,0,0,3],"hp":21,"max_hp":51,"move":1,"type":1}],"offpool":[0,0,0,1,1,0,0],"player":{"def":0,"effects":[0,0,0,0],"hp":80,"max_hp":80},"pool":[]}
play 0 
{"deck":[0,0,0,0,0,1,1,1,1,2],"energy":0,"game_state":0,"hand":[2,1],"max_energy":3,"mobs":[{"def":0,"effects":[0,0,0,3],"hp":21,"max_hp":51,"move":1,"type":1}],"offpool":[0,0,0,1,1,0,0,1],"player":{"def":5,"effects":[0,0,0,0],"hp":80,"max_hp":80},"pool":[]}
end 
{"deck":[0,0,0,0,0,1,1,1,1,2],"energy":3,"game_state":0,"hand":[1,0,0,0,1],"max_energy":3,"mobs":[{"def":0,"effects":[0,0,3,3],"hp":21,"max_hp":51,"move":1,"type":1}],"offpool":[],"player":{"def":0,"effects":[0,0,0,0],"hp":76,"max_hp":80},"pool":[1,2,1,0,0]}
play 2 0 
{"deck":[0,0,0,0,0,1,1,1,1,2],"energy":2,"game_state":0,"hand":[1,0,0,1],"max_energy":3,"mobs":[{"def":0,"effects":[0,0,3,3],"hp":15,"max_hp":51,"move":1,"type":1}],"offpool":[0],"player":{"def":0,"effects":[0,0,0,0],"hp":76,"max_hp":80},"pool":[1,2,1,0,0]}
play 1 0 
{"deck":[0,0,0,0,0,1,1,1,1,2],"energy":1,"game_state":0,"hand":[1,0,1],"max_energy":3,"mobs":[{"def":0,"effects":[0,0,3,3],"hp":9,"max_hp":51,"move":1,"type":1}],"offpool":[0,0],"player":{"def":0,"effects":[0,0,0,0],"hp":76,"max_hp":80},"pool":[1,2,1,0,0]}
play 1 0 
{"deck":[0,0,0,0,0,1,1,1,1,2],"energy":0,"game_state":0,"hand":[1,1],"max_energy":3,"mobs":[{"def":0,"effects":[0,0,3,3],"hp":3,"max_hp":51,"move":1,"type":1}],"offpool":[0,0,0],"player":{"def":0,"effects":[0,0,0,0],"hp":76,"max_hp":80},"pool":[1,2,1,0,0]}
end 
{"deck":[0,0,0,0,0,1,1,1,1,2],"energy":3,"game_state":0,"hand":[0,0,1,2,1],"max_energy":3,"mobs":[{"def":0,"effects":[0,0,6,3],"hp":3,"max_hp":51,"move":1,"type":1}],"offpool":[0,0,0,1,1],"player":{"def":0,"effects":[0,0,0,0],"hp":64,"max_hp":80},"pool":[]}
play 0 0 
{"deck":[0,0,0,0,0,1,1,1,1,2],"game_state":2,"max_energy":3,"player":{"def":0,"effects":[0,0,0,0],"hp":64,"max_hp":80}}
===============RESET===============
{"game_state":3}
play 1 
{"deck":[0,0,0,0,0,1,1,1,1,2],"energy":3,"game_state":0,"hand":[0,1,1,0,2],"max_energy":3,"mobs":[{"def":0,"effects":[0,0,0,0],"hp":51,"max_hp":51,"move":3,"type":1}],"offpool":[],"player":{"def":0,"effects":[0,0,0,0],"hp":80,"max_hp":80},"pool":[0,1,1,0,0]}
play 0 0 
{"deck":[0,0,0,0,0,1,1,1,1,2],"energy":2,"game_state":0,"hand":[1,1,0,2],"max_energy":3,"mobs":[{"def":0,"effects":[0,0,0,0],"hp":45,"max_hp":51,"move":3,"type":1}],"offpool":[0],"player":{"def":0,"effects":[0,0,0,0],"hp":80,"max_hp":80},"pool":[0,1,1,0,0]}
play 2 0 
{"deck":[0,0,0,0,0,1,1,1,1,2],"energy":1,"game_state":0,"hand":[1,1,2],"max_energy":3,"mobs":[{"def":0,"effects":[0,0,0,0],"hp":39,"max_hp":51,"move":3,"type":1}],"offpool":[0,0],"player":{"def":0,"effects":[0,0,0,0],"hp":80,"max_hp":80},"pool":[0,1,1,0,0]}
end 
{"deck":[0,0,0,0,0,1,1,1,1,2],"energy":3,"game_state":0,"hand":[0,0,1,1,0],"max_energy":3,"mobs":[{"def":0,"effects":[0,0,0,3],"hp":39,"max_hp":51,"move":1,"type":1}],"offpool":[0,0,2,1,1],"player":{"def":0,"effects":[0,0,0,0],"hp":80,"max_hp":80},"pool":[]}
play 0 0 
{"deck":[0,0,0,0,0,1,1,1,1,2],"energy":2,"game_state":0,"hand":[0,1,1,0],"max_energy":3,"mobs":[{"def":0,"effects":[0,0,0,3],"hp":33,"max_hp":51,"move":1,"type":1}],"offpool":[0,0,2,1,1,0],"player":{"def":0,"effects":[0,0,0,0],"hp":80,"max_hp":80},"pool":[]}
play 0 0 
{"deck":[0,0,0,0,0,1,1,1,1,2],"energy":1,"game_state":0,"hand":[1,1,0],"max_energy":3,"mobs":[{"def":0,"effects":[0,0,0,3],"hp":27,"max_hp":51,"move":1,"type":1}],"offpool":[0,0,2,1,1,0,0],"player":{"def":0,"effects":[0,0,0,0],"hp":80,"max_hp":80},"pool":[]}
play 2 0 
{"deck":[0,0,0,0,0,1,1,1,1,2],"energy":0,"game_state":0,"hand":[1,1],"max_energy":3,"mobs":[{"def":0,"effects":[0,0,0,3],"hp":21,"max_hp":51,"move":1,"type":1}],"offpool":[0,0,2,1,1,0,0,0],"player":{"def":0,"effects":[0,0,0,0],"hp":80,"max_hp":80},"pool":[]}
end 
{"deck":[0,0,0,0,0,1,1,1,1,2],"energy":3,"game_state":0,"hand":[0,0,1,1,1],"max_energy":3,"mobs":[{"def":0,"effects":[0,0,3,3],"hp":21,"max_hp":51,"move":1,"type":1}],"offpool":[],"player":{"def":0,"effects":[0,0,0,0],"hp":71,"max_hp":80},"pool":[0,0,2,1,0]}
play 0 0 
{"deck":[0,0,0,0,0,1,1,1,1,2],"energy":2,"game_state":0,"hand":[0,1,1,1],"max_energy":3,"mobs":[{"def":0,"effects":[0,0,3,3],"hp":15,"max_hp":51,"move":1,"type":1}],"offpool":[0],"player":{"def":0,"effects":[0,0,0,0],"hp":71,"max_hp":80},"pool":[0,0,2,1,0]}
play 0 0 
{"deck":[0,0,0,0,0,1,1,1,1,2],"energy":1,"game_state":0,"hand":[1,1,1],"max_energy":3,"mobs":[{"def":0,"effects":[0,0,3,3],"hp":9,"max_hp":51,"move":1,"type":1}],"offpool":[0,0],"player":{"def":0,"effects":[0,0,0,0],"hp":71,"max_hp":80},"pool":[0,0,2,1,0]}
play 0 
{"deck":[0,0,0,0,0,1,1,1,1,2],"energy":0,"game_state":0,"hand":[1,1],"max_energy":3,"mobs":[{"def":0,"effects":[0,0,3,3],"hp":9,"max_hp":51,"move":1,"type":1}],"offpool":[0,0,1],"player":{"def":5,"effects":[0,0,0,0],"hp":71,"max_hp":80},"pool":[0,0,2,1,0]}
end 
{"deck":[0,0,0,0,0,1,1,1,1,2],"energy":3,"game_state":0,"hand":[0,1,2,0,0],"max_energy":3,"mobs":[{"def":0,"effects":[0,0,6,3],"hp":9,"max_hp":51,"move":1,"type":1}],"offpool":[0,0,1,1,1],"player":{"def":0,"effects":[0,0,0,0],"hp":64,"max_hp":80},"pool":[]}
play 0 0 
{"deck":[0,0,0,0,0,1,1,1,1,2],"energy":2,"game_state":0,"hand":[1,2,0,0],"max_energy":3,"mobs":[{"def":0,"effects":[0,0,6,3],"hp":3,"max_hp":51,"move":1,"type":1}],"offpool":[0,0,1,1,1,0],"player":{"def":0,"effects":[0,0,0,0],"hp":64,"max_hp":80},"pool":[]}
play 2 0 
{"deck":[0,0,0,0,0,1,1,1,1,2],"game_state":2,"max_energy":3,"player":{"def":0,"effects":[0,0,0,0],"hp":64,"max_hp":80}}
===============RESET===============
{"game_state":3}
play 1 
{"deck":[0,0,0,0,0,1,1,1,1,2],"energy":3,"game_state":0,"hand":[1,1,0,0,0],"max_energy":3,"mobs":[{"def":0,"effects":[0,0,0,0],"hp":54,"max_hp":54,"move":3,"type":1}],"offpool":[],"player":{"def":0,"effects":[0,0,0,0],"hp":80,"max_hp":80},"pool":[0,0,2,1,1]}
play 2 0 
{"deck":[0,0,0,0,0,1,1,1,1,2],"energy":2,"game_state":0,"hand":[1,1,0,0],"max_energy":3,"mobs":[{"def":0,"effects":[0,0,0,0],"hp":48,"max_hp":54,"move":3,"type":1}],"offpool":[0],"player":{"def":0,"effects":[0,0,0,0],"hp":80,"max_hp":80},"pool":[0,0,2,1,1]}
play 2 0 
{"deck":[0,0,0,0,0,1,1,1,1,2],"energy":1,"game_state":0,"hand":[1,1,0],"max_energy":3,"mobs":[{"def":0,"effects":[0,0,0,0],"hp":42,"max_hp":54,"move":3,"type":1}],"offpool":[0,0],"player":{"def":0,"effects":[0,0,0,0],"hp":80,"max_hp":80},"pool":[0,0,2,1,1]}
play 2 0 
{"deck":[0,0,0,0,0,1,1,1,1,2],"energy":0,"game_state":0,"hand":[1,1],"max_energy":3,"mobs":[{"def":0,"effects":[0,0,0,0],"hp":36,"max_hp":54,"move":3,"type":1}],"offpool":[0,0,0],"player":{"def":0,"effects":[0,0,0,0],"hp":80,"max_hp":80},"pool":[0,0,2,1,1]}
end 
{"deck":[0,0,0,0,0,1,1,1,1,2],"energy":3,"game_state":0,"hand":[1,1,2,0,0],"max_energy":3,"mobs":[{"def":0,"effects":[0,0,0,3],"hp":36,"max_hp":54,"move":1,"type":1}],"offpool":[0,0,0,1,1],"player":{"def":0,"effects":[0,0,0,0],"hp":80,"max_hp":80},"pool":[]}
play 4 0 
{"deck":[0,0,0,0,0,1,1,1,1,2],"energy":2,"game_state":0,"hand":[1,1,2,0],"max_energy":3,"mobs":[{"def":0,"effects":[0,0,0,3],"hp":30,"max_hp":54,"move":1,"type":1}],"offpool":[0,0,0,1,1,0],"player":{"def":0,"effects":[0,0,0,0],"hp":80,"max_hp":80},"pool":[]}
play 3 0 
{"deck":[0,0,0,0,0,1,1,1,1,2],"energy":1,"game_state":0,"hand":[1,1,2],"max_energy":3,"mobs":[{"def":0,"effects":[0,0,0,3],"hp":24,"max_hp":54,"move":1,"type":1}],"offpool":[0,0,0,1,1,0,0],"player":{"def":0,"effects":[0,0,0,0],"hp":80,"max_hp":80},"pool":[]}
play 0 
{"deck":[0,0,0,0,0,1,1,1,1,2],"energy":0,"game_state":0,"hand":[1,2],"max_energy":3,"mobs":[{"def":0,"effects":[0,0,0,3],"hp":24,"max_hp":54,"move":1,"type":1}],"offpool":[0,0,0,1,1,0,0,1],"player":{"def":5,"effects":[0,0,0,0],"hp":80,"max_hp":80},"pool":[]}
end 
{"deck":[0,0,0,0,0,1,1,1,1,2],"energy":3,"game_state":0,"hand":[0,2,0,1,0],"max_energy":3,"mobs":[{"def":0,"effects":[0,0,3,3],"hp":24,"max_hp":54,"move":1,"type":1}],"offpool":[],"player":{"def":0,"effects":[0,0,0,0],"hp":76,"max_hp":80},"pool":[1,0,1,0,1]}
play 2 0 
{"deck":[0,0,0,0,0,1,1,1,1,2],"energy":2,"game_state":0,"hand":[0,2,1,0],"max_energy":3,"mobs":[{"def":0,"effects":[0,0,3,3],"hp":18,"max_hp":54,"move":1,"type":1}],"offpool":[0],"player":{"def":0,"effects":[0,0,0,0],"hp":76,"max_hp":80},"pool":[1,0,1,0,1]}
play 0 0 
{"deck":[0,0,0,0,0,1,1,1,1,2],"energy":1,"game_state":0,"hand":[2,1,0],"max_energy":3,"mobs":[{"def":0,"effects":[0,0,3,3],"hp":12,"max_hp":54,"move":1,"type":1}],"offpool":[0,0],"player":{"def":0,"effects":[0,0,0,0],"hp":76,"max_hp":80},"pool":[1,0,1,0,1]}
play 2 0 
{"deck":[0,0,0,0,0,1,1,1,1,2],"energy":0,"game_state":0,"hand":[2,1],"max_energy":3,"mobs":[{"def":0,"effects":[0,0,3,3],"hp":6,"max_hp":54,"move":1,"type":1}],"offpool":[0,0,0],"player":{"def":0,"effects":[0,0,0,0],"hp":76,"max_hp":80},"pool":[1,0,1,0,1]}
end 
{"deck":[0,0,0,0,0,1,1,1,1,2],"energy":3,"game_state":0,"hand":[1,0,1,0,1],"max_energy":3,"mobs":[{"def":0,"effects":[0,0,6,3],"hp":6,"max_hp":54,"move":1,"type":1}],"offpool":[0,0,0,1,2],"player":{"def":0,"effects":[0,0,0,0],"hp":64,"max_hp":80},"pool":[]}
play 1 0 
{"deck":[0,0,0,0,0,1,1,1,1,2],"game_state":2,"max_energy":3,"player":{"def":0,"effects":[0,0,0,0],"hp":64,"max_hp":80}}
===============RESET===============
{"game_state":3}
play 1 
{"deck":[0,0,0,0,0,1,1,1,1,2],"energy":3,"game_state":0,"hand":[0,1,0,2,1],"max_energy":3,"mobs":[{"def":0,"effects":[0,0,0,0],"hp":50,"max_hp":50,"move":3,"type":1}],"offpool":[],"player":{"def":0,"effects":[0,0,0,0],"hp":80,"max_hp":80},"pool":[1,0,0,0,1]}
play 2 0 
{"deck":[0,0,0,0,0,1,1,1,1,2],"energy":2,"game_state":0,"hand":[0,1,2,1],"max_energy":3,"mobs":[{"def":0,"effects":[0,0,0,0],"hp":44,"max_hp":50,"move":3,"type":1}],"offpool":[0],"player":{"def":0,"effects":[0,0,0,0],"hp":80,"max_hp":80},"pool":[1,0,0,0,1]}
play 0 0 
{"deck":[0,0,0,0,0,1,1,1,1,2],"energy":1,"game_state":0,"hand":[1,2,1],"max_energy":3,"mobs":[{"def":0,"effects":[0,0,0,0],"hp":38,"max_hp":50,"move":3,"type":1}],"offpool":[0,0],"player":{"def":0,"effects":[0,0,0,0],"hp":80,"max_hp":80},"pool":[1,0,0,0,1]}
end 
{"deck":[0,0,0,0,0,1,1,1,1,2],"energy":3,"game_state":0,"hand":[1,0,0,0,1],"max_energy":3,"mobs":[{"def":0,"effects":[0,0,0,3],"hp":38,"max_hp":50,"move":1,"type":1}],"offpool":[0,0,1,2,1],"player":{"def":0,"effects":[0,0,0,0],"hp":80,"max_hp":80},"pool":[]}
play 2 0 
{"deck":[0,0,0,0,0,1,1,1,1,2],"energy":2,"game_state":0,"hand":[1,0,0,1],"max_energy":3,"mobs":[{"def":0,"effects":[0,0,0,3],"hp":32,"max_hp":50,"move":1,"type":1}],"offpool":[0,0,1,2,1,0],"player":{"def":0,"effects":[0,0,0,0],"hp":80,"max_hp":80},"pool":[]}
play 1 0 
{"deck":[0,0,0,0,0,1,1,1,1,2],"energy":1,"game_state":0,"hand":[1,0,1],"max_energy":3,"mobs":[{"def":0,"effects":[0,0,0,3],"hp":26,"max_hp":50,"move":1,"type":1}],"offpool":[0,0,1,2,1,0,0],"player":{"def":0,"effects":[0,0,0,0],"hp":80,"max_hp":80},"pool":[]}
play 1 0 
{"deck":[0,0,0,0,0,1,1,1,1,2],"energy":0,"game_state":0,"hand":[1,1],"max_energy":3,"mobs":[{"def":0,"effects":[0,0,0,3],"hp":20,"max_hp":50,"move":1,"type":1}],"offpool":[0,0,1,2,1,0,0,0],"player":{"def":0,"effects":[0,0,0,0],"hp":80,"max_hp":80},"pool":[]}
end 
{"deck":[0,0,0,0,0,1,1,1,1,2],"energy":3,"game_state":0,"hand":[0,2,0,1,0],"max_energy":3,"mobs":[{"def":0,"effects":[0,0,3,3],"hp":20,"max_hp":50,"move":1,"type":1}],"offpool":[],"player":{"def":0,"effects":[0,0,0,0],"hp":71,"max_hp":80},"pool":[0,1,1,1,0]}
play 2 0 
{"deck":[0,0,0,0,0,1,1,1,1,2],"energy":2,"game_state":0,"hand":[0,2,1,0],"max_energy":3,"mobs":[{"def":0,"effects":[0,0,3,3],"hp":14,"max_hp":50,"move":1,"type":1}],"offpool":[0],"player":{"def":0,"effects":[0,0,0,0],"hp":71,"max_hp":80},"pool":[0,1,1,1,0]}
play 0 0 
{"deck":[0,0,0,0,0,1,1,1,1,2],"energy":1,"game_state":0,"hand":[2,1,0],"max_energy":3,"mobs":[{"def":0,"effects":[0,0,3,3],"hp":8,"max_hp":50,"move":1,"type":1}],"offpool":[0,0],"player":{"def":0,"effects":[0,0,0,0],"hp":71,"max_hp":80},"pool":[0,1,1,1,0]}
play 2 0 
{"deck":[0,0,0,0,0,1,1,1,1,2],"energy":0,"game_state":0,"hand":[2,1],"max_energy":3,"mobs":[{"def":0,"effects":[0,0,3,3],"hp":2,"max_hp":50,"move":1,"type":1}],"offpool":[0,0,0],"player":{"def":0,"effects":[0,0,0,0],"hp":71,"max_hp":80},"pool":[0,1,1,1,0]}
end 
{"deck":[0,0,0,0,0,1,1,1,1,2],"energy":3,"game_state":0,"hand":[0,1,1,1,0],"max_energy":3,"mobs":[{"def":0,"effects":[0,0,6,3],"hp":2,"max_hp":50,"move":1,"type":1}],"offpool":[0,0,0,1,2],"player":{"def":0,"effects":[0,0,0,0],"hp":59,"max_hp":80},"pool":[]}
play 0 0 
{"deck":[0,0,0,0,0,1,1,1,1,2],"game_state":2,"max_energy":3,"player":{"def":0,"effects":[0,0,0,0],"hp":59,"max_hp":80}}
===============RESET===============
{"game_state":3}
play 1 
{"deck":[0,0,0,0,0,1,1,1,1,2],"energy":3,"game_state":0,"hand":[0,1,1,0,1],"max_energy":3,"mobs":[{"def":0,"effects":[0,0,0,0],"hp":54,"max_hp":54,"move":3,"type":1}],"offpool":[],"player":{"def":0,"effects":[0,0,0,0],"hp":80,"max_hp":80},"pool":[0,0,0,1,2]}
play 0 0 
{"deck":[0,0,0,0,0,1,1,1,1,2],"energy":2,"game_state":0,"hand":[1,1,0,1],"max_energy":3,"mobs":[{"def":0,"effects":[0,0,0,0],"hp":48,"max_hp":54,"move":3,"type":1}],"offpool":[0],"player":{"def":0,"effects":[0,0,0,0],"hp":80,"max_hp":80},"pool":[0,0,0,1,2]}
play 2 0 
{"deck":[0,0,0,0,0,1,1,1,1,2],"energy":1,"game_state":0,"hand":[1,1,1],"max_energy":3,"mobs":[{"def":0,"effects":[0,0,0,0],"hp":42,"max_hp":54,"move":3,"type":1}],"offpool":[0,0],"player":{"def":0,"effects":[0,0,0,0],"hp":80,"max_hp":80},"pool":[0,0,0,1,2]}
play 0 
{"deck":[0,0,0,0,0,1,1,1,1,2],"energy":0,"game_state":0,"hand":[1,1],"max_energy":3,"mobs":[{"def":0,"effects":[0,0,0,0],"hp":42,"max_hp":54,"move":3,"type":1}],"offpool":[0,0,1],"player":{"def":5,"effects":[0,0,0,0],"hp":80,"max_hp":80},"pool":[0,0,0,1,2]}
end 
{"deck":[0,0,0,0,0,1,1,1,1,2],"energy":3,"game_state":0,"hand":[2,1,0,0,0],"max_energy":3,"mobs":[{"def":0,"effects":[0,0,0,3],"hp":42,"max_hp":54,"move":1,"type":1}],"offpool":[0,0,1,1,1],"player":{"def":0,"effects":[0,0,0,0],"hp":80,"max_hp":80},"pool":[]}
play 2 0 
{"deck":[0,0,0,0,0,1,1,1,1,2],"energy":2,"game_state":0,"hand":[2,1,0,0],"max_energy":3,"mobs":[{"def":0,"effects":[0,0,0,3],"hp":36,"max_hp":54,"move":1,"type":1}],"offpool":[0,0,1,1,1,0],"player":{"def":0,"effects":[0,0,0,0],"hp":80,"max_hp":80},"pool":[]}
play 2 0 
{"deck":[0,0,0,0,0,1,1,1,1,2],"energy":1,"game_state":0,"hand":[2,1,0],"max_energy":3,"mobs":[{"def":0,"effects":[0,0,0,3],"hp":30,"max_hp":54,"move":1,"type":1}],"offpool":[0,0,1,1,1,0,0],"player":{"def":0,"effects":[0,0,0,0],"hp":80,"max_hp":80},"pool":[]}
play 2 0 
{"deck":[0,0,0,0,0,1,1,1,1,2],"energy":0,"game_state":0,"hand":[2,1],"max_energy":3,"mobs":[{"def":0,"effects":[0,0,0,3],"hp":24,"max_hp":54,"move":1,"type":1}],"offpool":[0,0,1,1,1,0,0,0],"player":{"def":0,"effects":[0,0,0,0],"hp":80,"max_hp":80},"pool":[]}
end 
{"deck":[0,0,0,0,0,1,1,1,1,2],"energy":3,"game_state":0,"hand":[1,0,0,2,0],"max_energy":3,"mobs":[{"def":0,"effects":[0,0,3,3],"hp":24,"max_hp":54,"move":1,"type":1}],"offpool":[],"player":{"def":0,"effects":[0,0,0,0],"hp":71,"max_hp":80},"pool":[1,0,1,0,1]}
play 1 0 
{"deck":[0,0,0,0,0,1,1,1,1,2],"energy":2,"game_state":0,"hand":[1,0,2,0],"max_energy":3,"mobs":[{"def":0,"effects":[0,0,3,3],"hp":18,"max_hp":54,"move":1,"type":1}],"offpool":[0],"player":{"def":0,"effects":[0,0,0,0],"hp":71,"max_hp":80},"pool":[1,0,1,0,1]}
play 1 0 
{"deck":[0,0,0,0,0,1,1,1,1,2],"energy":1,"game_state":0,"hand":[1,2,0],"max_energy":3,"mobs":[{"def":0,"effects":[0,0,3,3],"hp":12,"max_hp":54,"move":1,"type":1}],"offpool":[0,0],"player":{"def":0,"effects":[0,0,0,0],"hp":71,"max_hp":80},"pool":[1,0,1,0,1]}
play 0 
{"deck":[0,0,0,0,0,1,1,1,1,2],"energy":0,"game_state":0,"hand":[2,0],"max_energy":3,"mobs":[{"def":0,"effects":[0,0,3,3],"hp":12,"max_hp":54,"move":1,"type":1}],"offpool":[0,0,1],"player":{"def":5,"effects":[0,0,0,0],"hp":71,"max_hp":80},"pool":[1,0,1,0,1]}
end 
{"deck":[0,0,0,0,0,1,1,1,1,2],"energy":3,"game_state":0,"hand":[1,0,1,0,1],"max_energy":3,"mobs":[{"def":0,"effects":[0,0,6,3],"hp":12,"max_hp":54,"move":1,"type":1}],"offpool":[0,0,1,0,2],"player":{"def":0,"effects":[0,0,0,0],"hp":64,"max_hp":80},"pool":[]}
play 1 0 
{"deck":[0,0,0,0,0,1,1,1,1,2],"energy":2,"game_state":0,"hand":[1,1,0,1],"max_energy":3,"mobs":[{"def":0,"effects":[0,0,6,3],"hp":6,"max_hp":54,"move":1,"type":1}],"offpool":[0,0,1,0,2,0],"player":{"def":0,"effects":[0,0,0,0],"hp":64,"max_hp":80},"pool":[]}
play 2 0 
{"deck":[0,0,0,0,0,1,1,1,1,2],"game_state":2,"max_energy":3,"player":{"def":0,"effects":[0,0,0,0],"hp":64,"max_hp":80}}
===============RESET===============
{"game_state":3}
play 1 
{"deck":[0,0,0,0,0,1,1,1,1,2],"energy":3,"game_state":0,"hand":[0,1,0,1,0],"max_energy":3,"mobs":[{"def":0,"effects":[0,0,0,0],"hp":54,"max_hp":54,"move":3,"type":1}],"offpool":[],"player":{"def":0,"effects":[0,0,0,0],"hp":80,"max_hp":80},"pool":[1,0,0,1,2]}
play 2 0 
{"deck":[0,0,0,0,0,1,1,1,1,2],"energy":2,"game_state":0,"hand":[0,1,1,0],"max_energy":3,"mobs":[{"def":0,"effects":[0,0,0,0],"hp":48,"max_hp":54,"move":3,"type":1}],"offpool":[0],"player":{"def":0,"effects":[0,0,0,0],"hp":80,"max_hp":80},"pool":[1,0,0,1,2]}
play 0 0 
{"deck":[0,0,0,0,0,1,1,1,1,2],"energy":1,"game_state":0,"hand":[1,1,0],"max_energy":3,"mobs":[{"def":0,"effects":[0,0,0,0],"hp":42,"max_hp":54,"move":3,"type":1}],"offpool":[0,0],"player":{"def":0,"effects":[0,0,0,0],"hp":80,"max_hp":80},"pool":[1,0,0,1,2]}
play 2 0 
{"deck":[0,0,0,0,0,1,1,1,1,2],"energy":0,"game_state":0,"hand":[1,1],"max_energy":3,"mobs":[{"def":0,"effects":[0,0,0,0],"hp":36,"max_hp":54,"move":3,"type":1}],"offpool":[0,0,0],"player":{"def":0,"effects":[0,0,0,0],"hp":80,"max_hp":80},"pool":[1,0,0,1,2]}
end 
{"deck":[0,0,0,0,0,1,1,1,1,2],"energy":3,"game_state":0,"hand":[2,1,0,0,1],"max_energy":3,"mobs":[{"def":0,"effects":[0,0,0,3],"hp":36,"max_hp":54,"move":1,"type":1}],"offpool":[0,0,0,1,1],"player":{"def":0,"effects":[0,0,0,0],"hp":80,"max_hp":80},"pool":[]}
play 2 0 
{"deck":[0,0,0,0,0,1,1,1,1,2],"energy":2,"game_state":0,"hand":[2,1,0,1],"max_energy":3,"mobs":[{"def":0,"effects":[0,0,0,3],"hp":30,"max_hp":54,"move":1,"type":1}],"offpool":[0,0,0,1,1,0],"player":{"def":0,"effects":[0,0,0,0],"hp":80,"max_hp":80},"pool":[]}
play 2 0 
{"deck":[0,0,0,0,0,1,1,1,1,2],"energy":1,"game_state":0,"hand":[2,1,1],"max_energy":3,"mobs":[{"def":0,"effects":[0,0,0,3],"hp":24,"max_hp":54,"move":1,"type":1}],"offpool":[0,0,0,1,1,0,0],"player":{"def":0,"effects":[0,0,0,0],"hp":80,"max_hp":80},"pool":[]}
play 2 
{"deck":[0,0,0,0,0,1,1,1,1,2],"energy":0,"game_state":0,"hand":[2,1],"max_energy":3,"mobs":[{"def":0,"effects":[0,0,0,3],"hp":24,"max_hp":54,"move":1,"type":1}],"offpool":[0,0,0,1,1,0,0,1],"player":{"def":5,"effects":[0,0,0,0],"hp":80,"max_hp":80},"pool":[]}
end 
{"deck":[0,0,0,0,0,1,1,1,1,2],"energy":3,"game_state":0,"hand":[0,1,0,0,0],"max_energy":3,"mobs":[{"def":0,"effects":[0,0,3,3],"hp":24,"max_hp":54,"move":1,"type":1}],"offpool":[],"player":{"def":0,"effects":[0,0,0,0],"hp":76,"max_hp":80},"pool":[1,0,1,1,2]}
play 2 0 
{"deck":[0,0,0,0,0,1,1,1,1,2],"energy":2,"game_state":0,"hand":[0,1,0,0],"max_energy":3,"mobs":[{"def":0,"effects":[0,0,3,3],"hp":18,"max_hp":54,"move":1,"type":1}],"offpool":[0],"player":{"def":0,"effects":[0,0,0,0],"hp":76,"max_hp":80},"pool":[1,0,1,1,2]}
play 2 0 
{"deck":[0,0,0,0,0,1,1,1,1,2],"energy":1,"game_state":0,"hand":[0,1,0],"max_energy":3,"mobs":[{"def":0,"effects":[0,0,3,3],"hp":12,"max_hp":54,"move":1,"type":1}],"offpool":[0,0],"player":{"def":0,"effects":[0,0,0,0],"hp":76,"max_hp":80},"pool":[1,0,1,1,2]}
play 0 0 
{"deck":[0,0,0,0,0,1,1,1,1,2],"energy":0,"game_state":0,"hand":[1,0],"max_energy":3,"mobs":[{"def":0,"effects":[0,0,3,3],"hp":6,"max_hp":54,"move":1,"type":1}],"offpool":[0,0,0],"player":{"def":0,"effects":[0,0,0,0],"hp":76,"max_hp":80},"pool":[1,0,1,1,2]}
end 
{"deck":[0,0,0,0,0,1,1,1,1,2],"energy":3,"game_state":0,"hand":[2,1,1,0,1],"max_energy":3,"mobs":[{"def":0,"effects":[0,0,6,3],"hp":6,"max_hp":54,"move":1,"type":1}],"offpool":[0,0,0,0,1],"player":{"def":0,"effects":[0,0,0,0],"hp":64,"max_hp":80},"pool":[]}
play 3 0 
{"deck":[0,0,0,0,0,1,1,1,1,2],"game_state":2,"max_energy":3,"player":{"def":0,"effects":[0,0,0,0],"hp":64,"max_hp":80}}
===============RESET===============
{"game_state":3}
play 1 
{"deck":[0,0,0,0,0,1,1,1,1,2],"energy":3,"game_state":0,"hand":[2,0,1,1,0],"max_energy":3,"mobs":[{"def":0,"effects":[0,0,0,0],"hp":50,"max_hp":50,"move":3,"type":1}],"offpool":[],"player":{"def":0,"effects":[0,0,0,0],"hp":80,"max_hp":80},"pool":[0,1,0,1,0]}
play 1 0 
{"deck":[0,0,0,0,0,1,1,1,1,2],"energy":2,"game_state":0,"hand":[2,1,1,0],"max_energy":3,"mobs":[{"def":0,"effects":[0,0,0,0],"hp":44,"max_hp":50,"move":3,"type":1}],"offpool":[0],"player":{"def":0,"effects":[0,0,0,0],"hp":80,"max_hp":80},"pool":[0,1,0,1,0]}
play 3 0 
{"deck":[0,0,0,0,0,1,1,1,1,2],"energy":1,"game_state":0,"hand":[2,1,1],"max_energy":3,"mobs":[{"def":0,"effects":[0,0,0,0],"hp":38,"max_hp":50,"move":3,"type":1}],"offpool":[0,0],"player":{"def":0,"effects":[0,0,0,0],"hp":80,"max_hp":80},"pool":[0,1,0,1,0]}
end 
{"deck":[0,0,0,0,0,1,1,1,1,2],"energy":3,"game_state":0,"hand":[0,1,0,1,0],"max_energy":3,"mobs":[{"def":0,"effects":[0,0,0,3],"hp":38,"max_hp":50,"move":1,"type":1}],"offpool":[0,0,1,1,2],"player":{"def":0,"effects":[0,0,0,0],"hp":80,"max_hp":80},"pool":[]}
play 0 0 
{"deck":[0,0,0,0,0,1,1,1,1,2],"energy":2,"game_state":0,"hand":[1,0,1,0],"max_energy":3,"mobs":[{"def":0,"effects":[0,0,0,3],"hp":32,"max_hp":50,"move":1,"type":1}],"offpool":[0,0,1,1,2,0],"player":{"def":0,"effects":[0,0,0,0],"hp":80,"max_hp":80},"pool":[]}
play 1 0 
{"deck":[0,0,0,0,0,1,1,1,1,2],"energy":1,"game_state":0,"hand":[1,1,0],"max_energy":3,"mobs":[{"def":0,"effects":[0,0,0,3],"hp":26,"max_hp":50,"move":1,"type":1}],"offpool":[0,0,1,1,2,0,0],"player":{"def":0,"effects":[0,0,0,0],"hp":80,"max_hp":80},"pool":[]}
play 2 0 
{"deck":[0,0,0,0,0,1,1,1,1,2],"energy":0,"game_state":0,"hand":[1,1],"max_energy":3,"mobs":[{"def":0,"effects":[0,0,0,3],"hp":20,"max_hp":50,"move":1,"type":1}],"offpool":[0,0,1,1,2,0,0,0],"player":{"def":0,"effects":[0,0,0,0],"hp":80,"max_hp":80},"pool":[]}
end 
{"deck":[0,0,0,0,0,1,1,1,1,2],"energy":3,"game_state":0,"hand":[0,1,2,0,0],"max_energy":3,"mobs":[{"def":0,"effects":[0,0,3,3],"hp":20,"max_hp":50,"move":1,"type":1}],"offpool":[],"player":{"def":0,"effects":[0,0,0,0],"hp":71,"max_hp":80},"pool":[0,1,0,1,1]}
play 0 0 
{"deck":[0,0,0,0,0,1,1,1,1,2],"energy":2,"game_state":0,"hand":[1,2,0,0],"max_energy":3,"mobs":[{"def":0,"effects":[0,0,3,3],"hp":14,"max_hp":50,"move":1,"type":1}],"offpool":[0],"player":{"def":0,"effects":[0,0,0,0],"hp":71,"max_hp":80},"pool":[0,1,0,1,1]}
play 2 0 
{"deck":[0,0,0,0,0,1,1,1,1,2],"energy":1,"game_state":0,"hand":[1,2,0],"max_energy":3,"mobs":[{"def":0,"effects":[0,0,3,3],"hp":8,"max_hp":50,"move":1,"type":1}],"offpool":[0,0],"player":{"def":0,"effects":[0,0,0,0],"hp":71,"max_hp":80},"pool":[0,1,0,1,1]}
play 0 
{"deck":[0,0,0,0,0,1,1,1,1,2],"energy":0,"game_state":0,"hand":[2,0],"max_energy":3,"mobs":[{"def":0,"effects":[0,0,3,3],"hp":8,"max_hp":50,"move":1,"type":1}],"offpool":[0,0,1],"player":{"def":5,"effects":[0,0,0,0],"hp":71,"max_hp":80},"pool":[0,1,0,1,1]}
end 
{"deck":[0,0,0,0,0,1,1,1,1,2],"energy":3,"game_state":0,"hand":[1,1,0,1,0],"max_energy":3,"mobs":[{"def":0,"effects":[0,0,6,3],"hp":8,"max_hp":50,"move":1,"type":1}],"offpool":[0,0,1,0,2],"player":{"def":0,"effects":[0,0,0,0],"hp":64,"max_hp":80},"pool":[]}
play 2 0 
{"deck":[0,0,0,0,0,1,1,1,1,2],"energy":2,"game_state":0,"hand":[1,1,1,0],"max_energy":3,"mobs":[{"def":0,"effects":[0,0,6,3],"hp":2,"max_hp":50,"move":1,"type":1}],"offpool":[0,0,1,0,2,0],"player":{"def":0,"effects":[0,0,0,0],"hp":64,"max_hp":80},"pool":[]}
play 3 0 
{"deck":[0,0,0,0,0,1,1,1,1,2],"game_state":2,"max_energy":3,"player":{"def":0,"effects":[0,0,0,0],"hp":64,"max_hp":80}}
===============RESET===============
{"game_state":3}
play 1 
{"deck":[0,0,0,0,0,1,1,1,1,2],"energy":3,"game_state":0,"hand":[0,1,1,0,0],"max_energy":3,"mobs":[{"def":0,"effects":[0,0,0,0],"hp":51,"max_hp":51,"move":3,"type":1}],"offpool":[],"player":{"def":0,"effects":[0,0,0,0],"hp":80,"max_hp":80},"pool":[1,2,0,0,1]}
play 0 0 
{"deck":[0,0,0,0,0,1,1,1,1,2],"energy":2,"game_state":0,"hand":[1,1,0,0],"max_energy":3,"mobs":[{"def":0,"effects":[0,0,0,0],"hp":45,"max_hp":51,"move":3,"type":1}],"offpool":[0],"player":{"def":0,"effects":[0,0,0,0],"hp":80,"max_hp":80},"pool":[1,2,0,0,1]}
play 2 0 
{"deck":[0,0,0,0,0,1,1,1,1,2],"energy":1,"game_state":0,"hand":[1,1,0],"max_energy":3,"mobs":[{"def":0,"effects":[0,0,0,0],"hp":39,"max_hp":51,"move":3,"type":1}],"offpool":[0,0],"player":{"def":0,"effects":[0,0,0,0],"hp":80,"max_hp":80},"pool":[1,2,0,0,1]}
play 2 0 
{"deck":[0,0,0,0,0,1,1,1,1,2],"energy":0,"game_state":0,"hand":[1,1],"max_energy":3,"mobs":[{"def":0,"effects":[0,0,0,0],"hp":33,"max_hp":51,"move":3,"type":1}],"offpool":[0,0,0],"player":{"def":0,"effects":[0,0,0,0],"hp":80,"max_hp":80},"pool":[1,2,0,0,1]}
end 
{"deck":[0,0,0,0,0,1,1,1,1,2],"energy":3,"game_state":0,"hand":[1,0,0,2,1],"max_energy":3,"mobs":[{"def":0,"effects":[0,0,0,3],"hp":33,"max_hp":51,"move":1,"type":1}],"offpool":[0,0,0,1,1],"player":{"def":0,"effects":[0,0,0,0],"hp":80,"max_hp":80},"pool":[]}
play 2 0 
{"deck":[0,0,0,0,0,1,1,1,1,2],"energy":2,"game_state":0,"hand":[1,0,2,1],"max_energy":3,"mobs":[{"def":0,"effects":[0,0,0,3],"hp":27,"max_hp":51,"move":1,"type":1}],"offpool":[0,0,0,1,1,0],"player":{"def":0,"effects":[0,0,0,0],"hp":80,"max_hp":80},"pool":[]}
play 1 0 
{"deck":[0,0,0,0,0,1,1,1,1,2],"energy":1,"game_state":0,"hand":[1,2,1],"max_energy":3,"mobs":[{"def":0,"effects":[0,0,0,3],"hp":21,"max_hp":51,"move":1,"type":1}],"offpool":[0,0,0,1,1,0,0],"player":{"def":0,"effects":[0,0,0,0],"hp":80,"max_hp":80},"pool":[]}
play 0 
{"deck":[0,0,0,0,0,1,1,1,1,2],"energy":0,"game_state":0,"hand":[2,1],"max_energy":3,"mobs":[{"def":0,"effects":[0,0,0,3],"hp":21,"max_hp":51,"move":1,"type":1}],"offpool":[0,0,0,1,1,0,0,1],"player":{"def":5,"effects":[0,0,0,0],"hp":80,"max_hp":80},"pool":[]}
end 
{"deck":[0,0,0,0,0,1,1,1,1,2],"energy":3,"game_state":0,"hand":[1,2,0,1,0],"max_energy":3,"mobs":[{"def":0,"effects":[0,0,3,3],"hp":21,"max_hp":51,"move":1,"type":1}],"offpool":[],"player":{"def":0,"effects":[0,0,0,0],"hp":76,"max_hp":80},"pool":[0,0,1,0,1]}
play 2 0 
{"deck":[0,0,0,0,0,1,1,1,1,2],"energy":2,"game_state":0,"hand":[1,2,1,0],"max_energy":3,"mobs":[{"def":0,"effects":[0,0,3,3],"hp":15,"max_hp":51,"move":1,"type":1}],"offpool":[0],"player":{"def":0,"effects":[0,0,0,0],"hp":76,"max_hp":80},"pool":[0,0,1,0,1]}
play 3 0 
{"deck":[0,0,0,0,0,1,1,1,1,2],"energy":1,"game_state":0,"hand":[1,2,1],"max_energy":3,"mobs":[{"def":0,"effects":[0,0,3,3],"hp":9,"max_hp":51,"move":1,"type":1}],"offpool":[0,0],"player":{"def":0,"effects":[0,0,0,0],"hp":76,"max_hp":80},"pool":[0,0,1,0,1]}
play 0 
{"deck":[0,0,0,0,0,1,1,1,1,2],"energy":0,"game_state":0,"hand":[2,1],"max_energy":3,"mobs":[{"def":0,"effects":[0,0,3,3],"hp":9,"max_hp":51,"move":1,"type":1}],"offpool":[0,0,1],"player":{"def":5,"effects":[0,0,0,0],"hp":76,"max_hp":80},"pool":[0,0,1,0,1]}
end 
{"deck":[0,0,0,0,0,1,1,1,1,2],"energy":3,"game_state":0,"hand":[1,0,1,0,0],"max_energy":3,"mobs":[{"def":0,"effects":[0,0,6,3],"hp":9,"max_hp":51,"move":1,"type":1}],"offpool":[0,0,1,1,2],"player":{"def":0,"effects":[0,0,0,0],"hp":69,"max_hp":80},"pool":[]}
play 1 0 
{"deck":[0,0,0,0,0,1,1,1,1,2],"energy":2,"game_state":0,"hand":[1,1,0,0],"max_energy":3,"mobs":[{"def":0,"effects":[0,0,6,3],"hp":3,"max_hp":51,"move":1,"type":1}],"offpool":[0,0,1,1,2,0],"player":{"def":0,"effects":[0,0,0,0],"hp":69,"max_hp":80},"pool":[]}
play 2 0 
{"deck":[0,0,0,0,0,1,1,1,1,2],"game_state":2,"max_energy":3,"player":{"def":0,"effects":[0,0,0,0],"hp":69,"max_hp":80}}
===============RESET===============
{"game_state":3}
play 1 
{"deck":[0,0,0,0,0,1,1,1,1,2],"energy":3,"game_state":0,"hand":[1,1,0,0,0],"max_energy":3,"mobs":[{"def":0,"effects":[0,0,0,0],"hp":51,"max_hp":51,"move":3,"type":1}],"offpool":[],"player":{"def":0,"effects":[0,0,0,0],"hp":80,"max_hp":80},"pool":[0,1,1,2,0]}
play 2 0 
{"deck":[0,0,0,0,0,1,1,1,1,2],"energy":2,"game_state":0,"hand":[1,1,0,0],"max_energy":3,"mobs":[{"def":0,"effects":[0,0,0,0],"hp":45,"max_hp":51,"move":3,"type":1}],"offpool":[0],"player":{"def":0,"effects":[0,0,0,0],"hp":80,"max_hp":80},"pool":[0,1,1,2,0]}
play 2 0 
{"deck":[0,0,0,0,0,1,1,1,1,2],"energy":1,"game_state":0,"hand":[1,1,0],"max_energy":3,"mobs":[{"def":0,"effects":[0,0,0,0],"hp":39,"max_hp":51,"move":3,"type":1}],"offpool":[0,0],"player":{"def":0,"effects":[0,0,0,0],"hp":80,"max_hp":80},"pool":[0,1,1,2,0]}
play 2 0 
{"deck":[0,0,0,0,0,1,1,1,1,2],"energy":0,"game_state":0,"hand":[1,1],"max_energy":3,"mobs":[{"def":0,"effects":[0,0,0,0],"hp":33,"max_hp":51,"move":3,"type":1}],"offpool":[0,0,0],"player":{"def":0,"effects":[0,0,0,0],"hp":80,"max_hp":80},"pool":[0,1,1,2,0]}
end 
{"deck":[0,0,0,0,0,1,1,1,1,2],"energy":3,"game_state":0,"hand":[0,2,1,1,0],"max_energy":3,"mobs":[{"def":0,"effects":[0,0,0,3],"hp":33,"max_hp":51,"move":1,"type":1}],"offpool":[0,0,0,1,1],"player":{"def":0,"effects":[0,0,0,0],"hp":80,"max_hp":80},"pool":[]}
play 0 0 
{"deck":[0,0,0,0,0,1,1,1,1,2],"energy":2,"game_state":0,"hand":[2,1,1,0],"max_energy":3,"mobs":[{"def":0,"effects":[0,0,0,3],"hp":27,"max_hp":51,"move":1,"type":1}],"offpool":[0,0,0,1,1,0],"player":{"def":0,"effects":[0,0,0,0],"hp":80,"max_hp":80},"pool":[]}
play 3 0 
{"deck":[0,0,0,0,0,1,1,1,1,2],"energy":1,"game_state":0,"hand":[2,1,1],"max_energy":3,"mobs":[{"def":0,"effects":[0,0,0,3],"hp":21,"max_hp":51,"move":1,"type":1}],"offpool":[0,0,0,1,1,0,0],"player":{"def":0,"effects":[0,0,0,0],"hp":80,"max_hp":80},"pool":[]}
play 2 
{"deck":[0,0,0,0,0,1,1,1,1,2],"energy":0,"game_state":0,"hand":[2,1],"max_energy":3,"mobs":[{"def":0,"effects":[0,0,0,3],"hp":21,"max_hp":51,"move":1,"type":1}],"offpool":[0,0,0,1,1,0,0,1],"player":{"def":5,"effects":[0,0,0,0],"hp":80,"max_hp":80},"pool":[]}
end 
{"deck":[0,0,0,0,0,1,1,1,1,2],"energy":3,"game_state":0,"hand":[1,0,0,1,1],"max_energy":3,"mobs":[{"def":0,"effects":[0,0,3,3],"hp":21,"max_hp":51,"move":1,"type":1}],"offpool":[],"player":{"def":0,"effects":[0,0,0,0],"hp":76,"max_hp":80},"pool":[2,0,1,0,0]}
play 2 0 
{"deck":[0,0,0,0,0,1,1,1,1,2],"energy":2,"game_state":0,"hand":[1,0,1,1],"max_energy":3,"mobs":[{"def":0,"effects":[0,0,3,3],"hp":15,"max_hp":51,"move":1,"type":1}],"offpool":[0],"player":{"def":0,"effects":[0,0,0,0],"hp":76,"max_hp":80},"pool":[2,0,1,0,0]}
play 1 0 
{"deck":[0,0,0,0,0,1,1,1,1,2],"energy":1,"game_state":0,"hand":[1,1,1],"max_energy":3,"mobs":[{"def":0,"effects":[0,0,3,3],"hp":9,"max_hp":51,"move":1,"type":1}],"offpool":[0,0],"player":{"def":0,"effects":[0,0,0,0],"hp":76,"max_hp":80},"pool":[2,0,1,0,0]}
play 0 
{"deck":[0,0,0,0,0,1,1,1,1,2],"energy":0,"game_state":0,"hand":[1,1],"max_energy":3,"mobs":[{"def":0,"effects":[0,0,3,3],"hp":9,"max_hp":51,"move":1,"type":1}],"offpool":[0,0,1],"player":{"def":5,"effects":[0,0,0,0],"hp":76,"max_hp":80},"pool":[2,0,1,0,0]}
end 
{"deck":[0,0,0,0,0,1,1,1,1,2],"energy":3,"game_state":0,"hand":[0,0,1,0,2],"max_energy":3,"mobs":[{"def":0,"effects":[0,0,6,3],"hp":9,"max_hp":51,"move":1,"type":1}],"offpool":[0,0,1,1,1],"player":{"def":0,"effects":[0,0,0,0],"hp":69,"max_hp":80},"pool":[]}
play 0 0 
{"deck":[0,0,0,0,0,1,1,1,1,2],"energy":2,"game_state":0,"hand":[0,1,0,2],"max_energy":3,"mobs":[{"def":0,"effects":[0,0,6,3],"hp":3,"max_hp":51,"move":1,"type":1}],"offpool":[0,0,1,1,1,0],"player":{"def":0,"effects":[0,0,0,0],"hp":69,"max_hp":80},"pool":[]}
play 2 0 
{"deck":[0,0,0,0,0,1,1,1,1,2],"game_state":2,"max_energy":3,"player":{"def":0,"effects":[0,0,0,0],"hp":69,"max_hp":80}}
===============RESET===============
{"game_state":3}
play 1 
{"deck":[0,0,0,0,0,1,1,1,1,2],"energy":3,"game_state":0,"hand":[0,1,1,2,0],"max_energy":3,"mobs":[{"def":0,"effects":[0,0,0,0],"hp":51,"max_hp":51,"move":3,"type":1}],"offpool":[],"player":{"def":0,"effects":[0,0,0,0],"hp":80,"max_hp":80},"pool":[0,0,1,1,0]}
play 0 0 
{"deck":[0,0,0,0,0,1,1,1,1,2],"energy":2,"game_state":0,"hand":[1,1,2,0],"max_energy":3,"mobs":[{"def":0,"effects":[0,0,0,0],"hp":45,"max_hp":51,"move":3,"type":1}],"offpool":[0],"player":{"def":0,"effects":[0,0,0,0],"hp":80,"max_hp":80},"pool":[0,0,1,1,0]}
play 3 0 
{"deck":[0,0,0,0,0,1,1,1,1,2],"energy":1,"game_state":0,"hand":[1,1,2],"max_energy":3,"mobs":[{"def":0,"effects":[0,0,0,0],"hp":39,"max_hp":51,"move":3,"type":1}],"offpool":[0,0],"player":{"def":0,"effects":[0,0,0,0],"hp":80,"max_hp":80},"pool":[0,0,1,1,0]}
end 
{"deck":[0,0,0,0,0,1,1,1,1,2],"energy":3,"game_state":0,"hand":[0,1,1,0,0],"max_energy":3,"mobs":[{"def":0,"effects":[0,0,0,3],"hp":39,"max_hp":51,"move":1,"type":1}],"offpool":[0,0,2,1,1],"player":{"def":0,"effects":[0,0,0,0],"hp":80,"max_hp":80},"pool":[]}
play 0 0 
{"deck":[0,0,0,0,0,1,1,1,1,2],"energy":2,"game_state":0,"hand":[1,1,0,0],"max_energy":3,"mobs":[{"def":0,"effects":[0,0,0,3],"hp":33,"max_hp":51,"move":1,"type":1}],"offpool":[0,0,2,1,1,0],"player":{"def":0,"effects":[0,0,0,0],"hp":80,"max_hp":80},"pool":[]}
play 2 0 
{"deck":[0,0,0,0,0,1,1,1,1,2],"energy":1,"game_state":0,"hand":[1,1,0],"max_energy":3,"mobs":[{"def":0,"effects":[0,0,0,3],"hp":27,"max_hp":51,"move":1,"type":1}],"offpool":[0,0,2,1,1,0,0],"player":{"def":0,"effects":[0,0,0,0],"hp":80,"max_hp":80},"pool":[]}
play 2 0 
{"deck":[0,0,0,0,0,1,1,1,1,2],"energy":0,"game_state":0,"hand":[1,1],"max_energy":3,"mobs":[{"def":0,"effects":[0,0,0,3],"hp":21,"max_hp":51,"move":1,"type":1}],"offpool":[0,0,2,1,1,0,0,0],"player":{"def":0,"effects":[0,0,0,0],"hp":80,"max_hp":80},"pool":[]}
end 
{"deck":[0,0,0,0,0,1,1,1,1,2],"energy":3,"game_state":0,"hand":[0,1,1,0,0],"max_energy":3,"mobs":[{"def":0,"effects":[0,0,3,3],"hp":21,"max_hp":51,"move":1,"type":1}],"offpool":[],"player":{"def":0,"effects":[0,0,0,0],"hp":71,"max_hp":80},"pool":[1,1,2,0,0]}
play 0 0 
{"deck":[0,0,0,0,0,1,1,1,1,2],"energy":2,"game_state":0,"hand":[1,1,0,0],"max_energy":3,"mobs":[{"def":0,"effects":[0,0,3,3],"hp":15,"max_hp":51,"move":1,"type":1}],"offpool":[0],"player":{"def":0,"effects":[0,0,0,0],"hp":71,"max_hp":80},"pool":[1,1,2,0,0]}
play 2 0 
{"deck":[0,0,0,0,0,1,1,1,1,2],"energy":1,"game_state":0,"hand":[1,1,0],"max_energy":3,"mobs":[{"def":0,"effects":[0,0,3,3],"hp":9,"max_hp":51,"move":1,"type":1}],"offpool":[0,0],"player":{"def":0,"effects":[0,0,0,0],"hp":71,"max_hp":80},"pool":[1,1,2,0,0]}
play 2 0 
{"deck":[0,0,0,0,0,1,1,1,1,2],"energy":0,"game_state":0,"hand":[1,1],"max_energy":3,"mobs":[{"def":0,"effects":[0,0,3,3],"hp":3,"max_hp":51,"move":1,"type":1}],"offpool":[0,0,0],"player":{"def":0,"effects":[0,0,0,0],"hp":71,"max_hp":80},"pool":[1,1,2,0,0]}
end 
{"deck":[0,0,0,0,0,1,1,1,1,2],"energy":3,"game_state":0,"hand":[0,0,2,1,1],"max_energy":3,"mobs":[{"def":0,"effects":[0,0,6,3],"hp":3,"max_hp":51,"move":1,"type":1}],"offpool":[0,0,0,1,1],"player":{"def":0,"effects":[0,0,0,0],"hp":59,"max_hp":80},"pool":[]}
play 0 0 
{"deck":[0,0,0,0,0,1,1,1,1,2],"game_state":2,"max_energy":3,"player":{"def":0,"effects":[0,0,0,0],"hp":59,"max_hp":80}}
===============RESET===============
{"game_state":3}
play 1 
{"deck":[0,0,0,0,0,1,1,1,1,2],"energy":3,"game_state":0,"hand":[1,0,0,0,0],"max_energy":3,"mobs":[{"def":0,"effects":[0,0,0,0],"hp":54,"max_hp":54,"move":3,"type":1}],"offpool":[],"player":{"def":0,"effects":[0,0,0,0],"hp":80,"max_hp":80},"pool":[2,1,1,0,1]}
play 1 0 
{"deck":[0,0,0,0,0,1,1,1,1,2],"energy":2,"game_state":0,"hand":[1,0,0,0],"max_energy":3,"mobs":[{"def":0,"effects":[0,0,0,0],"hp":48,"max_hp":54,"move":3,"type":1}],"offpool":[0],"player":{"def":0,"effects":[0,0,0,0],"hp":80,"max_hp":80},"pool":[2,1,1,0,1]}
play 1 0 
{"deck":[0,0,0,0,0,1,1,1,1,2],"energy":1,"game_state":0,"hand":[1,0,0],"max_energy":3,"mobs":[{"def":0,"effects":[0,0,0,0],"hp":42,"max_hp":54,"move":3,"type":1}],"offpool":[0,0],"player":{"def":0,"effects":[0,0,0,0],"hp":80,"max_hp":80},"pool":[2,1,1,0,1]}
play 1 0 
{"deck":[0,0,0,0,0,1,1,1,1,2],"energy":0,"game_state":0,"hand":[1,0],"max_energy":3,"mobs":[{"def":0,"effects":[0,0,0,0],"hp":36,"max_hp":54,"move":3,"type":1}],"offpool":[0,0,0],"player":{"def":0,"effects":[0,0,0,0],"hp":80,"max_hp":80},"pool":[2,1,1,0,1]}
end 
{"deck":[0,0,0,0,0,1,1,1,1,2],"energy":3,"game_state":0,"hand":[1,0,1,1,2],"max_energy":3,"mobs":[{"def":0,"effects":[0,0,0,3],"hp":36,"max_hp":54,"move":1,"type":1}],"offpool":[0,0,0,0,1],"player":{"def":0,"effects":[0,0,0,0],"hp":80,"max_hp":80},"pool":[]}
play 1 0 
{"deck":[0,0,0,0,0,1,1,1,1,2],"energy":2,"game_state":0,"hand":[1,1,1,2],"max_energy":3,"mobs":[{"def":0,"effects":[0,0,0,3],"hp":30,"max_hp":54,"move":1,"type":1}],"offpool":[0,0,0,0,1,0],"player":{"def":0,"effects":[0,0,0,0],"hp":80,"max_hp":80},"pool":[]}
play 0 
{"deck":[0,0,0,0,0,1,1,1,1,2],"energy":1,"game_state":0,"hand":[1,1,2],"max_energy":3,"mobs":[{"def":0,"effects":[0,0,0,3],"hp":30,"max_hp":54,"move":1,"type":1}],"offpool":[0,0,0,0,1,0,1],"player":{"def":5,"effects":[0,0,0,0],"hp":80,"max_hp":80},"pool":[]}
play 0 
{"deck":[0,0,0,0,0,1,1,1,1,2],"energy":0,"game_state":0,"hand":[1,2],"max_energy":3,"mobs":[{"def":0,"effects":[0,0,0,3],"hp":30,"max_hp":54,"move":1,"type":1}],"offpool":[0,0,0,0,1,0,1,1],"player":{"def":10,"effects":[0,0,0,0],"hp":80,"max_hp":80},"pool":[]}
end 
{"deck":[0,0,0,0,0,1,1,1,1,2],"energy":3,"game_state":0,"hand":[0,1,0,0,0],"max_energy":3,"mobs":[{"def":0,"effects":[0,0,3,3],"hp":30,"max_hp":54,"move":1,"type":1}],"offpool":[],"player":{"def":0,"effects":[0,0,0,0],"hp":80,"max_hp":80},"pool":[1,1,0,1,2]}
play 2 0 
{"deck":[0,0,0,0,0,1,1,1,1,2],"energy":2,"game_state":0,"hand":[0,1,0,0],"max_energy":3,"mobs":[{"def":0,"effects":[0,0,3,3],"hp":24,"max_hp":54,"move":1,"type":1}],"offpool":[0],"player":{"def":0,"effects":[0,0,0,0],"hp":80,"max_hp":80},"pool":[1,1,0,1,2]}
play 2 0 
{"deck":[0,0,0,0,0,1,1,1,1,2],"energy":1,"game_state":0,"hand":[0,1,0],"max_energy":3,"mobs":[{"def":0,"effects":[0,0,3,3],"hp":18,"max_hp":54,"move":1,"type":1}],"offpool":[0,0],"player":{"def":0,"effects":[0,0,0,0],"hp":80,"max_hp":80},"pool":[1,1,0,1,2]}
play 0 0 
{"deck":[0,0,0,0,0,1,1,1,1,2],"energy":0,"game_state":0,"hand":[1,0],"max_energy":3,"mobs":[{"def":0,"effects":[0,0,3,3],"hp":12,"max_hp":54,"move":1,"type":1}],"offpool":[0,0,0],"player":{"def":0,"effects":[0,0,0,0],"hp":80,"max_hp":80},"pool":[1,1,0,1,2]}
end 
{"deck":[0,0,0,0,0,1,1,1,1,2],"energy":3,"game_state":0,"hand":[2,1,0,1,1],"max_energy":3,"mobs":[{"def":0,"effects":[0,0,6,3],"hp":12,"max_hp":54,"move":1,"type":1}],"offpool":[0,0,0,0,1],"player":{"def":0,"effects":[0,0,0,0],"hp":68,"max_hp":80},"pool":[]}
play 2 0 
{"deck":[0,0,0,0,0,1,1,1,1,2],"energy":2,"game_state":0,"hand":[2,1,1,1],"max_energy":3,"mobs":[{"def":0,"effects":[0,0,6,3],"hp":6,"max_hp":54,"move":1,"type":1}],"offpool":[0,0,0,0,1,0],"player":{"def":0,"effects":[0,0,0,0],"hp":68,"max_hp":80},"pool":[]}
play 2 
{"deck":[0,0,0,0,0,1,1,1,1,2],"energy":1,"game_state":0,"hand":[2,1,1],"max_energy":3,"mobs":[{"def":0,"effects":[0,0,6,3],"hp":6,"max_hp":54,"move":1,"type":1}],"offpool":[0,0,0,0,1,0,1],"player":{"def":5,"effects":[0,0,0,0],"hp":68,"max_hp":80},"pool":[]}
play 2 
{"deck":[0,0,0,0,0,1,1,1,1,2],"energy":0,"game_state":0,"hand":[2,1],"max_energy":3,"mobs":[{"def":0,"effects":[0,0,6,3],"hp":6,"max_hp":54,"move":1,"type":1}],"offpool":[0,0,0,0,1,0,1,1],"player":{"def":10,"effects":[0,0,0,0],"hp":68,"max_hp":80},"pool":[]}
end 
{"deck":[0,0,0,0,0,1,1,1,1,2],"energy":3,"game_state":0,"hand":[0,0,0,2,1],"max_energy":3,"mobs":[{"def":0,"effects":[0,0,9,3],"hp":6,"max_hp":54,"move":1,"type":1}],"offpool":[],"player":{"def":0,"effects":[0,0,0,0],"hp":63,"max_hp":80},"pool":[0,1,0,1,1]}
play 2 0 
{"deck":[0,0,0,0,0,1,1,1,1,2],"game_state":2,"max_energy":3,"player":{"def":0,"effects":[0,0,0,0],"hp":63,"max_hp":80}}
===============RESET===============
{"game_state":3}
play 1 
{"deck":[0,0,0,0,0,1,1,1,1,2],"energy":3,"game_state":0,"hand":[0,0,1,1,0],"max_energy":3,"mobs":[{"def":0,"effects":[0,0,0,0],"hp":48,"max_hp":48,"move":3,"type":1}],"offpool":[],"player":{"def":0,"effects":[0,0,0,0],"hp":80,"max_hp":80},"pool":[0,1,1,2,0]}
play 0 0 
{"deck":[0,0,0,0,0,1,1,1,1,2],"energy":2,"game_state":0,"hand":[0,1,1,0],"max_energy":3,"mobs":[{"def":0,"effects":[0,0,0,0],"hp":42,"max_hp":48,"move":3,"type":1}],"offpool":[0],"player":{"def":0,"effects":[0,0,0,0],"hp":80,"max_hp":80},"pool":[0,1,1,2,0]}
play 0 0 
{"deck":[0,0,0,0,0,1,1,1,1,2],"energy":1,"game_state":0,"hand":[1,1,0],"max_energy":3,"mobs":[{"def":0,"effects":[0,0,0,0],"hp":36,"max_hp":48,"move":3,"type":1}],"offpool":[0,0],"player":{"def":0,"effects":[0,0,0,0],"hp":80,"max_hp":80},"pool":[0,1,1,2,0]}
play 2 0 
{"deck":[0,0,0,0,0,1,1,1,1,2],"energy":0,"game_state":0,"hand":[1,1],"max_energy":3,"mobs":[{"def":0,"effects":[0,0,0,0],"hp":30,"max_hp":48,"move":3,"type":1}],"offpool":[0,0,0],"player":{"def":0,"effects":[0,0,0,0],"hp":80,"max_hp":80},"pool":[0,1,1,2,0]}
end 
{"deck":[0,0,0,0,0,1,1,1,1,2],"energy":3,"game_state":0,"hand":[0,2,1,1,0],"max_energy":3,"mobs":[{"def":0,"effects":[0,0,0,3],"hp":30,"max_hp":48,"move":1,"type":1}],"offpool":[0,0,0,1,1],"player":{"def":0,"effects":[0,0,0,0],"hp":80,"max_hp":80},"pool":[]}
play 0 0 
{"deck":[0,0,0,0,0,1,1,1,1,2],"energy":2,"game_state":0,"hand":[2,1,1,0],"max_energy":3,"mobs":[{"def":0,"effects":[0,0,0,3],"hp":24,"max_hp":48,"move":1,"type":1}],"offpool":[0,0,0,1,1,0],"player":{"def":0,"effects":[0,0,0,0],"hp":80,"max_hp":80},"pool":[]}
play 3 0 
{"deck":[0,0,0,0,0,1,1,1,1,2],"energy":1,"game_state":0,"hand":[2,1,1],"max_energy":3,"mobs":[{"def":0,"effects":[0,0,0,3],"hp":18,"max_hp":48,"move":1,"type":1}],"offpool":[0,0,0,1,1,0,0],"player":{"def":0,"effects":[0,0,0,0],"hp":80,"max_hp":80},"pool":[]}
play 2 
{"deck":[0,0,0,0,0,1,1,1,1,2],"energy":0,"game_state":0,"hand":[2,1],"max_energy":3,"mobs":[{"def":0,"effects":[0,0,0,3],"hp":18,"max_hp":48,"move":1,"type":1}],"offpool":[0,0,0,1,1,0,0,1],"player":{"def":5,"effects":[0,0,0,0],"hp":80,"max_hp":80},"pool":[]}
end 
{"deck":[0,0,0,0,0,1,1,1,1,2],"energy":3,"game_state":0,"hand":[1,0,1,2,1],"max_energy":3,"mobs":[{"def":0,"effects":[0,0,3,3],"hp":18,"max_hp":48,"move":1,"type":1}],"offpool":[],"player":{"def":0,"effects":[0,0,0,0],"hp":76,"max_hp":80},"pool":[0,0,0,1,0]}
play 1 0 
{"deck":[0,0,0,0,0,1,1,1,1,2],"energy":2,"game_state":0,"hand":[1,1,2,1],"max_energy":3,"mobs":[{"def":0,"effects":[0,0,3,3],"hp":12,"max_hp":48,"move":1,"type":1}],"offpool":[0],"player":{"def":0,"effects":[0,0,0,0],"hp":76,"max_hp":80},"pool":[0,0,0,1,0]}
play 0 
{"deck":[0,0,0,0,0,1,1,1,1,2],"energy":1,"game_state":0,"hand":[1,2,1],"max_energy":3,"mobs":[{"def":0,"effects":[0,0,3,3],"hp":12,"max_hp":48,"move":1,"type":1}],"offpool":[0,1],"player":{"def":5,"effects":[0,0,0,0],"hp":76,"max_hp":80},"pool":[0,0,0,1,0]}
play 0 
{"deck":[0,0,0,0,0,1,1,1,1,2],"energy":0,"game_state":0,"hand":[2,1],"max_energy":3,"mobs":[{"def":0,"effects":[0,0,3,3],"hp":12,"max_hp":48,"move":1,"type":1}],"offpool":[0,1,1],"player":{"def":10,"effects":[0,0,0,0],"hp":76,"max_hp":80},"pool":[0,0,0,1,0]}
end 
{"deck":[0,0,0,0,0,1,1,1,1,2],"energy":3,"game_state":0,"hand":[0,1,0,0,0],"max_energy":3,"mobs":[{"def":0,"effects":[0,0,6,3],"hp":12,"max_hp":48,"move":1,"type":1}],"offpool":[0,1,1,1,2],"player":{"def":0,"effects":[0,0,0,0],"hp":74,"max_hp":80},"pool":[]}
play 0 0 
{"deck":[0,0,0,0,0,1,1,1,1,2],"energy":2,"game_state":0,"hand":[1,0,0,0],"max_energy":3,"mobs":[{"def":0,"effects":[0,0,6,3],"hp":6,"max_hp":48,"move":1,"type":1}],"offpool":[0,1,1,1,2,0],"player":{"def":0,"effects":[0,0,0,0],"hp":74,"max_hp":80},"pool":[]}
play 2 0 
{"deck":[0,0,0,0,0,1,1,1,1,2],"game_state":2,"max_energy":3,"player":{"def":0,"effects":[0,0,0,0],"hp":74,"max_hp":80}}
===============RESET===============
{"game_state":3}
play 1 
{"deck":[0,0,0,0,0,1,1,1,1,2],"energy":3,"game_state":0,"hand":[1,1,0,0,2],"max_energy":3,"mobs":[{"def":0,"effects":[0,0,0,0],"hp":54,"max_hp":54,"move":3,"type":1}],"offpool":[],"player":{"def":0,"effects":[0,0,0,0],"hp":80,"max_hp":80},"pool":[1,0,0,0,1]}
play 2 0 
{"deck":[0,0,0,0,0,1,1,1,1,2],"energy":2,"game_state":0,"hand":[1,1,0,2],"max_energy":3,"mobs":[{"def":0,"effects":[0,0,0,0],"hp":48,"max_hp":54,"move":3,"type":1}],"offpool":[0],"player":{"def":0,"effects":[0,0,0,0],"hp":80,"max_hp":80},"pool":[1,0,0,0,1]}
play 2 0 
{"deck":[0,0,0,0,0,1,1,1,1,2],"energy":1,"game_state":0,"hand":[1,1,2],"max_energy":3,"mobs":[{"def":0,"effects":[0,0,0,0],"hp":42,"max_hp":54,"move":3,"type":1}],"offpool":[0,0],"player":{"def":0,"effects":[0,0,0,0],"hp":80,"max_hp":80},"pool":[1,0,0,0,1]}
end 
{"deck":[0,0,0,0,0,1,1,1,1,2],"energy":3,"game_state":0,"hand":[1,0,0,0,1],"max_energy":3,"mobs":[{"def":0,"effects":[0,0,0,3],"hp":42,"max_hp":54,"move":1,"type":1}],"offpool":[0,0,2,1,1],"player":{"def":0,"effects":[0,0,0,0],"hp":80,"max_hp":80},"pool":[]}
play 1 0 
{"deck":[0,0,0,0,0,1,1,1,1,2],"energy":2,"game_state":0,"hand":[1,0,0,1],"max_energy":3,"mobs":[{"def":0,"effects":[0,0,0,3],"hp":36,"max_hp":54,"move":1,"type":1}],"offpool":[0,0,2,1,1,0],"player":{"def":0,"effects":[0,0,0,0],"hp":80,"max_hp":80},"pool":[]}
play 1 0 
{"deck":[0,0,0,0,0,1,1,1,1,2],"energy":1,"game_state":0,"hand":[1,0,1],"max_energy":3,"mobs":[{"def":0,"effects":[0,0,0,3],"hp":30,"max_hp":54,"move":1,"type":1}],"offpool":[0,0,2,1,1,0,0],"player":{"def":0,"effects":[0,0,0,0],"hp":80,"max_hp":80},"pool":[]}
play 1 0 
{"deck":[0,0,0,0,0,1,1,1,1,2],"energy":0,"game_state":0,"hand":[1,1],"max_energy":3,"mobs":[{"def":0,"effects":[0,0,0,3],"hp":24,"max_hp":54,"move":1,"type":1}],"offpool":[0,0,2,1,1,0,0,0],"player":{"def":0,"effects":[0,0,0,0],"hp":80,"max_hp":80},"pool":[]}
end 
{"deck":[0,0,0,0,0,1,1,1,1,2],"energy":3,"game_state":0,"hand":[1,0,0,1,0],"max_energy":3,"mobs":[{"def":0,"effects":[0,0,3,3],"hp":24,"max_hp":54,"move":1,"type":1}],"offpool":[],"player":{"def":0,"effects":[0,0,0,0],"hp":71,"max_hp":80},"pool":[1,1,0,0,2]}
play 1 0 
{"deck":[0,0,0,0,0,1,1,1,1,2],"energy":2,"game_state":0,"hand":[1,0,1,0],"max_energy":3,"mobs":[{"def":0,"effects":[0,0,3,3],"hp":18,"max_hp":54,"move":1,"type":1}],"offpool":[0],"player":{"def":0,"effects":[0,0,0,0],"hp":71,"max_hp":80},"pool":[1,1,0,0,2]}
play 1 0 
{"deck":[0,0,0,0,0,1,1,1,1,2],"energy":1,"game_state":0,"hand":[1,1,0],"max_energy":3,"mobs":[{"def":0,"effects":[0,0,3,3],"hp":12,"max_hp":54,"move":1,"type":1}],"offpool":[0,0],"player":{"def":0,"effects":[0,0,0,0],"hp":71,"max_hp":80},"pool":[1,1,0,0,2]}
play 2 0 
{"deck":[0,0,0,0,0,1,1,1,1,2],"energy":0,"game_state":0,"hand":[1,1],"max_energy":3,"mobs":[{"def":0,"effects":[0,0,3,3],"hp":6,"max_hp":54,"move":1,"type":1}],"offpool":[0,0,0],"player":{"def":0,"effects":[0,0,0,0],"hp":71,"max_hp":80},"pool":[1,1,0,0,2]}
end 
{"deck":[0,0,0,0,0,1,1,1,1,2],"energy":3,"game_state":0,"hand":[2,0,0,1,1],"max_energy":3,"mobs":[{"def":0,"effects":[0,0,6,3],"hp":6,"max_hp":54,"move":1,"type":1}],"offpool":[0,0,0,1,1],"player":{"def":0,"effects":[0,0,0,0],"hp":59,"max_hp":80},"pool":[]}
play 2 0 
{"deck":[0,0,0,0,0,1,1,1,1,2],"game_state":2,"max_energy":3,"player":{"def":0,"effects":[0,0,0,0],"hp":59,"max_hp":80}}
===============RESET===============
{"game_state":3}
play 1 
{"deck":[0,0,0,0,0,1,1,1,1,2],"energy":3,"game_state":0,"hand":[0,1,1,1,2],"max_energy":3,"mobs":[{"def":0,"effects":[0,0,0,0],"hp":50,"max_hp":50,"move":3,"type":1}],"offpool":[],"player":{"def":0,"effects":[0,0,0,0],"hp":80,"max_hp":80},"pool":[0,1,0,0,0]}
play 0 0 
{"deck":[0,0,0,0,0,1,1,1,1,2],"energy":2,"game_state":0,"hand":[1,1,1,2],"max_energy":3,"mobs":[{"def":0,"effects":[0,0,0,0],"hp":44,"max_hp":50,"move":3,"type":1}],"offpool":[0],"player":{"def":0,"effects":[0,0,0,0],"hp":80,"max_hp":80},"pool":[0,1,0,0,0]}
end 
{"deck":[0,0,0,0,0,1,1,1,1,2],"energy":3,"game_state":0,"hand":[0,0,0,1,0],"max_energy":3,"mobs":[{"def":0,"effects":[0,0,0,3],"hp":44,"max_hp":50,"move":1,"type":1}],"offpool":[0,2,1,1,1],"player":{"def":0,"effects":[0,0,0,0],"hp":80,"max_hp":80},"pool":[]}
play 1 0 
{"deck":[0,0,0,0,0,1,1,1,1,2],"energy":2,"game_state":0,"hand":[0,0,1,0],"max_energy":3,"mobs":[{"def":0,"effects":[0,0,0,3],"hp":38,"max_hp":50,"move":1,"type":1}],"offpool":[0,2,1,1,1,0],"player":{"def":0,"effects":[0,0,0,0],"hp":80,"max_hp":80},"pool":[]}
play 0 0 
{"deck":[0,0,0,0,0,1,1,1,1,2],"energy":1,"game_state":0,"hand":[0,1,0],"max_energy":3,"mobs":[{"def":0,"effects":[0,0,0,3],"hp":32,"max_hp":50,"move":1,"type":1}],"offpool":[0,2,1,1,1,0,0],"player":{"def":0,"effects":[0,0,0,0],"hp":80,"max_hp":80},"pool":[]}
play 2 0 
{"deck":[0,0,0,0,0,1,1,1,1,2],"energy":0,"game_state":0,"hand":[0,1],"max_energy":3,"mobs":[{"def":0,"effects":[0,0,0,3],"hp":26,"max_hp":50,"move":1,"type":1}],"offpool":[0,2,1,1,1,0,0,0],"player":{"def":0,"effects":[0,0,0,0],"hp":80,"max_hp":80},"pool":[]}
end 
{"deck":[0,0,0,0,0,1,1,1,1,2],"energy":3,"game_state":0,"hand":[0,1,0,0,1],"max_energy":3,"mobs":[{"def":0,"effects":[0,0,3,3],"hp":26,"max_hp":50,"move":1,"type":1}],"offpool":[],"player":{"def":0,"effects":[0,0,0,0],"hp":71,"max_hp":80},"pool":[0,1,1,0,2]}
play 2 0 
{"deck":[0,0,0,0,0,1,1,1,1,2],"energy":2,"game_state":0,"hand":[0,1,0,1],"max_energy":3,"mobs":[{"def":0,"effects":[0,0,3,3],"hp":20,"max_hp":50,"move":1,"type":1}],"offpool":[0],"player":{"def":0,"effects":[0,0,0,0],"hp":71,"max_hp":80},"pool":[0,1,1,0,2]}
play 2 0 
{"deck":[0,0,0,0,0,1,1,1,1,2],"energy":1,"game_state":0,"hand":[0,1,1],"max_energy":3,"mobs":[{"def":0,"effects":[0,0,3,3],"hp":14,"max_hp":50,"move":1,"type":1}],"offpool":[0,0],"player":{"def":0,"effects":[0,0,0,0],"hp":71,"max_hp":80},"pool":[0,1,1,0,2]}
play 0 0 
{"deck":[0,0,0,0,0,1,1,1,1,2],"energy":0,"game_state":0,"hand":[1,1],"max_energy":3,"mobs":[{"def":0,"effects":[0,0,3,3],"hp":8,"max_hp":50,"move":1,"type":1}],"offpool":[0,0,0],"player":{"def":0,"effects":[0,0,0,0],"hp":71,"max_hp":80},"pool":[0,1,1,0,2]}
end 
{"deck":[0,0,0,0,0,1,1,1,1,2],"energy":3,"game_state":0,"hand":[2,0,1,1,0],"max_energy":3,"mobs":[{"def":0,"effects":[0,0,6,3],"hp":8,"max_hp":50,"move":1,"type":1}],"offpool":[0,0,0,1,1],"player":{"def":0,"effects":[0,0,0,0],"hp":59,"max_hp":80},"pool":[]}
play 1 0 
{"deck":[0,0,0,0,0,1,1,1,1,2],"energy":2,"game_state":0,"hand":[2,1,1,0],"max_energy":3,"mobs":[{"def":0,"effects":[0,0,6,3],"hp":2,"max_hp":50,"move":1,"type":1}],"offpool":[0,0,0,1,1,0],"player":{"def":0,"effects":[0,0,0,0],"hp":59,"max_hp":80},"pool":[]}
play 3 0 
{"deck":[0,0,0,0,0,1,1,1,1,2],"game_state":2,"max_energy":3,"player":{"def":0,"effects":[0,0,0,0],"hp":59,"max_hp":80}}
===============RESET===============
{"game_state":3}
play 1 
{"deck":[0,0,0,0,0,1,1,1,1,2],"energy":3,"game_state":0,"hand":[0,1,0,1,0],"max_energy":3,"mobs":[{"def":0,"effects":[0,0,0,0],"hp":48,"max_hp":48,"move":3,"type":1}],"offpool":[],"player":{"def":0,"effects":[0,0,0,0],"hp":80,"max_hp":80},"pool":[1,0,0,2,1]}
play 0 0 
{"deck":[0,0,0,0,0,1,1,1,1,2],"energy":2,"game_state":0,"hand":[1,0,1,0],"max_energy":3,"mobs":[{"def":0,"effects":[0,0,0,0],"hp":42,"max_hp":48,"move":3,"type":1}],"offpool":[0],"player":{"def":0,"effects":[0,0,0,0],"hp":80,"max_hp":80},"pool":[1,0,0,2,1]}
play 1 0 
{"deck":[0,0,0,0,0,1,1,1,1,2],"energy":1,"game_state":0,"hand":[1,1,0],"max_energy":3,"mobs":[{"def":0,"effects":[0,0,0,0],"hp":36,"max_hp":48,"move":3,"type":1}],"offpool":[0,0],"player":{"def":0,"effects":[0,0,0,0],"hp":80,"max_hp":80},"pool":[1,0,0,2,1]}
play 2 0 
{"deck":[0,0,0,0,0,1,1,1,1,2],"energy":0,"game_state":0,"hand":[1,1],"max_energy":3,"mobs":[{"def":0,"effects":[0,0,0,0],"hp":30,"max_hp":48,"move":3,"type":1}],"offpool":[0,0,0],"player":{"def":0,"effects":[0,0,0,0],"hp":80,"max_hp":80},"pool":[1,0,0,2,1]}
end 
{"deck":[0,0,0,0,0,1,1,1,1,2],"energy":3,"game_state":0,"hand":[1,2,0,0,1],"max_energy":3,"mobs":[{"def":0,"effects":[0,0,0,3],"hp":30,"max_hp":48,"move":1,"type":1}],"offpool":[0,0,0,1,1],"player":{"def":0,"effects":[0,0,0,0],"hp":80,"max_hp":80},"pool":[]}
play 2 0 
{"deck":[0,0,0,0,0,1,1,1,1,2],"energy":2,"game_state":0,"hand":[1,2,0,1],"max_energy":3,"mobs":[{"def":0,"effects":[0,0,0,3],"hp":24,"max_hp":48,"move":1,"type":1}],"offpool":[0,0,0,1,1,0],"player":{"def":0,"effects":[0,0,0,0],"hp":80,"max_hp":80},"pool":[]}
play 2 0 
{"deck":[0,0,0,0,0,1,1,1,1,2],"energy":1,"game_state":0,"hand":[1,2,1],"max_energy":3,"mobs":[{"def":0,"effects":[0,0,0,3],"hp":18,"max_hp":48,"move":1,"type":1}],"offpool":[0,0,0,1,1,0,0],"player":{"def":0,"effects":[0,0,0,0],"hp":80,"max_hp":80},"pool":[]}
play 0 
{"deck":[0,0,0,0,0,1,1,1,1,2],"energy":0,"game_state":0,"hand":[2,1],"max_energy":3,"mobs":[{"def":0,"effects":[0,0,0,3],"hp":18,"max_hp":48,"move":1,"type":1}],"offpool":[0,0,0,1,1,0,0,1],"player":{"def":5,"effects":[0,0,0,0],"hp":80,"max_hp":80},"pool":[]}
end 
{"deck":[0,0,0,0,0,1,1,1,1,2],"energy":3,"game_state":0,"hand":[0,1,0,1,2],"max_energy":3,"mobs":[{"def":0,"effects":[0,0,3,3],"hp":18,"max_hp":48,"move":1,"type":1}],"offpool":[],"player":{"def":0,"effects":[0,0,0,0],"hp":76,"max_hp":80},"pool":[1,0,0,1,0]}
play 2 0 
{"deck":[0,0,0,0,0,1,1,1,1,2],"energy":2,"game_state":0,"hand":[0,1,1,2],"max_energy":3,"mobs":[{"def":0,"effects":[0,0,3,3],"hp":12,"max_hp":48,"move":1,"type":1}],"offpool":[0],"player":{"def":0,"effects":[0,0,0,0],"hp":76,"max_hp":80},"pool":[1,0,0,1,0]}
play 0 0 
{"deck":[0,0,0,0,0,1,1,1,1,2],"energy":1,"game_state":0,"hand":[1,1,2],"max_energy":3,"mobs":[{"def":0,"effects":[0,0,3,3],"hp":6,"max_hp":48,"move":1,"type":1}],"offpool":[0,0],"player":{"def":0,"effects":[0,0,0,0],"hp":76,"max_hp":80},"pool":[1,0,0,1,0]}
play 0 
{"deck":[0,0,0,0,0,1,1,1,1,2],"energy":0,"game_state":0,"hand":[1,2],"max_energy":3,"mobs":[{"def":0,"effects":[0,0,3,3],"hp":6,"max_hp":48,"move":1,"type":1}],"offpool":[0,0,1],"player":{"def":5,"effects":[0,0,0,0],"hp":76,"max_hp":80},"pool":[1,0,0,1,0]}
end 
{"deck":[0,0,0,0,0,1,1,1,1,2],"energy":3,"game_state":0,"hand":[0,1,0,0,1],"max_energy":3,"mobs":[{"def":0,"effects":[0,0,6,3],"hp":6,"max_hp":48,"move":1,"type":1}],"offpool":[0,0,1,2,1],"player":{"def":0,"effects":[0,0,0,0],"hp":69,"max_hp":80},"pool":[]}
play 2 0 
{"deck":[0,0,0,0,0,1,1,1,1,2],"game_state":2,"max_energy":3,"player":{"def":0,"effects":[0,0,0,0],"hp":69,"max_hp":80}}
===============RESET===============
{"game_state":3}
play 1 
{"deck":[0,0,0,0,0,1,1,1,1,2],"energy":3,"game_state":0,"hand":[1,1,0,0,0],"max_energy":3,"mobs":[{"def":0,"effects":[0,0,0,0],"hp":48,"max_hp":48,"move":3,"type":1}],"offpool":[],"player":{"def":0,"effects":[0,0,0,0],"hp":80,"max_hp":80},"pool":[2,1,0,1,0]}
play 2 0 
{"deck":[0,0,0,0,0,1,1,1,1,2],"energy":2,"game_state":0,"hand":[1,1,0,0],"max_energy":3,"mobs":[{"def":0,"effects":[0,0,0,0],"hp":42,"max_hp":48,"move":3,"type":1}],"offpool":[0],"player":{"def":0,"effects":[0,0,0,0],"hp":80,"max_hp":80},"pool":[2,1,0,1,0]}
play 2 0 
{"deck":[0,0,0,0,0,1,1,1,1,2],"energy":1,"game_state":0,"hand":[1,1,0],"max_energy":3,"mobs":[{"def":0,"effects":[0,0,0,0],"hp":36,"max_hp":48,"move":3,"type":1}],"offpool":[0,0],"player":{"def":0,"effects":[0,0,0,0],"hp":80,"max_hp":80},"pool":[2,1,0,1,0]}
play 2 0 
{"deck":[0,0,0,0,0,1,1,1,1,2],"energy":0,"game_state":0,"hand":[1,1],"max_energy":3,"mobs":[{"def":0,"effects":[0,0,0,0],"hp":30,"max_hp":48,"move":3,"type":1}],"offpool":[0,0,0],"player":{"def":0,"effects":[0,0,0,0],"hp":80,"max_hp":80},"pool":[2,1,0,1,0]}
end 
{"deck":[0,0,0,0,0,1,1,1,1,2],"energy":3,"game_state":0,"hand":[0,1,0,1,2],"max_energy":3,"mobs":[{"def":0,"effects":[0,0,0,3],"hp":30,"max_hp":48,"move":1,"type":1}],"offpool":[0,0,0,1,1],"player":{"def":0,"effects":[0,0,0,0],"hp":80,"max_hp":80},"pool":[]}
play 0 0 
{"deck":[0,0,0,0,0,1,1,1,1,2],"energy":2,"game_state":0,"hand":[1,0,1,2],"max_energy":3,"mobs":[{"def":0,"effects":[0,0,0,3],"hp":24,"max_hp":48,"move":1,"type":1}],"offpool":[0,0,0,1,1,0],"player":{"def":0,"effects":[0,0,0,0],"hp":80,"max_hp":80},"pool":[]}
play 1 0 
{"deck":[0,0,0,0,0,1,1,1,1,2],"energy":1,"game_state":0,"hand":[1,1,2],"max_energy":3,"mobs":[{"def":0,"effects":[0,0,0,3],"hp":18,"max_hp":48,"move":1,"type":1}],"offpool":[0,0,0,1,1,0,0],"player":{"def":0,"effects":[0,0,0,0],"hp":80,"max_hp":80},"pool":[]}
play 0 
{"deck":[0,0,0,0,0,1,1,1,1,2],"energy":0,"game_state":0,"hand":[1,2],"max_energy":3,"mobs":[{"def":0,"effects":[0,0,0,3],"hp":18,"max_hp":48,"move":1,"type":1}],"offpool":[0,0,0,1,1,0,0,1],"player":{"def":5,"effects":[0,0,0,0],"hp":80,"max_hp":80},"pool":[]}
end 
{"deck":[0,0,0,0,0,1,1,1,1,2],"energy":3,"game_state":0,"hand":[1,0,1,0,0],"max_energy":3,"mobs":[{"def":0,"effects":[0,0,3,3],"hp":18,"max_hp":48,"move":1,"type":1}],"offpool":[],"player":{"def":0,"effects":[0,0,0,0],"hp":76,"max_hp":80},"pool":[2,0,1,0,1]}
play 1 0 
{"deck":[0,0,0,0,0,1,1,1,1,2],"energy":2,"game_state":0,"hand":[1,1,0,0],"max_energy":3,"mobs":[{"def":0,"effects":[0,0,3,3],"hp":12,"max_hp":48,"move":1,"type":1}],"offpool":[0],"player":{"def":0,"effects":[0,0,0,0],"hp":76,"max_hp":80},"pool":[2,0,1,0,1]}
play 2 0 
{"deck":[0,0,0,0,0,1,1,1,1,2],"energy":1,"game_state":0,"hand":[1,1,0],"max_energy":3,"mobs":[{"def":0,"effects":[0,0,3,3],"hp":6,"max_hp":48,"move":1,"type":1}],"offpool":[0,0],"player":{"def":0,"effects":[0,0,0,0],"hp":76,"max_hp":80},"pool":[2,0,1,0,1]}
play 2 0 
{"deck":[0,0,0,0,0,1,1,1,1,2],"game_state":2,"max_energy":3,"player":{"def":0,"effects":[0,0,0,0],"hp":76,"max_hp":80}}
===============RESET===============
{"game_state":3}
play 1 
{"deck":[0,0,0,0,0,1,1,1,1,2],"energy":3,"game_state":0,"hand":[0,0,2,1,1],"max_energy":3,"mobs":[{"def":0,"effects":[0,0,0,0],"hp":51,"max_hp":51,"move":3,"type":1}],"offpool":[],"player":{"def":0,"effects":[0,0,0,0],"hp":80,"max_hp":80},"pool":[0,0,1,1,0]}
play 0 0 
{"deck":[0,0,0,0,0,1,1,1,1,2],"energy":2,"game_state":0,"hand":[0,2,1,1],"max_energy":3,"mobs":[{"def":0,"effects":[0,0,0,0],"hp":45,"max_hp":51,"move":3,"type":1}],"offpool":[0],"player":{"def":0,"effects":[0,0,0,0],"hp":80,"max_hp":80},"pool":[0,0,1,1,0]}
play 0 0 
{"deck":[0,0,0,0,0,1,1,1,1,2],"energy":1,"game_state":0,"hand":[2,1,1],"max_energy":3,"mobs":[{"def":0,"effects":[0,0,0,0],"hp":39,"max_hp":51,"move":3,"type":1}],"offpool":[0,0],"player":{"def":0,"effects":[0,0,0,0],"hp":80,"max_hp":80},"pool":[0,0,1,1,0]}
end 
{"deck":[0,0,0,0,0,1,1,1,1,2],"energy":3,"game_state":0,"hand":[0,1,1,0,0],"max_energy":3,"mobs":[{"def":0,"effects":[0,0,0,3],"hp":39,"max_hp":51,"move":1,"type":1}],"offpool":[0,0,1,1,2],"player":{"def":0,"effects":[0,0,0,0],"hp":80,"max_hp":80},"pool":[]}
play 0 0 
{"deck":[0,0,0,0,0,1,1,1,1,2],"energy":2,"game_state":0,"hand":[1,1,0,0],"max_energy":3,"mobs":[{"def":0,"effects":[0,0,0,3],"hp":33,"max_hp":51,"move":1,"type":1}],"offpool":[0,0,1,1,2,0],"player":{"def":0,"effects":[0,0,0,0],"hp":80,"max_hp":80},"pool":[]}
play 2 0 
{"deck":[0,0,0,0,0,1,1,1,1,2],"energy":1,"game_state":0,"hand":[1,1,0],"max_energy":3,"mobs":[{"def":0,"effects":[0,0,0,3],"hp":27,"max_hp":51,"move":1,"type":1}],"offpool":[0,0,1,1,2,0,0],"player":{"def":0,"effects":[0,0,0,0],"hp":80,"max_hp":80},"pool":[]}
play 2 0 
{"deck":[0,0,0,0,0,1,1,1,1,2],"energy":0,"game_state":0,"hand":[1,1],"max_energy":3,"mobs":[{"def":0,"effects":[0,0,0,3],"hp":21,"max_hp":51,"move":1,"type":1}],"offpool":[0,0,1,1,2,0,0,0],"player":{"def":0,"effects":[0,0,0,0],"hp":80,"max_hp":80},"pool":[]}
end 
{"deck":[0,0,0,0,0,1,1,1,1,2],"energy":3,"game_state":0,"hand":[2,0,0,0,0],"max_energy":3,"mobs":[{"def":0,"effects":[0,0,3,3],"hp":21,"max_hp":51,"move":1,"type":1}],"offpool":[],"player":{"def":0,"effects":[0,0,0,0],"hp":71,"max_hp":80},"pool":[0,1,1,1,1]}
play 1 0 
{"deck":[0,0,0,0,0,1,1,1,1,2],"energy":2,"game_state":0,"hand":[2,0,0,0],"max_energy":3,"mobs":[{"def":0,"effects":[0,0,3,3],"hp":15,"max_hp":51,"move":1,"type":1}],"offpool":[0],"player":{"def":0,"effects":[0,0,0,0],"hp":71,"max_hp":80},"pool":[0,1,1,1,1]}
play 1 0 
{"deck":[0,0,0,0,0,1,1,1,1,2],"energy":1,"game_state":0,"hand":[2,0,0],"max_energy":3,"mobs":[{"def":0,"effects":[0,0,3,3],"hp":9,"max_hp":51,"move":1,"type":1}],"offpool":[0,0],"player":{"def":0,"effects":[0,0,0,0],"hp":71,"max_hp":80},"pool":[0,1,1,1,1]}
play 2 0 
{"deck":[0,0,0,0,0,1,1,1,1,2],"energy":0,"game_state":0,"hand":[2,0],"max_energy":3,"mobs":[{"def":0,"effects":[0,0,3,3],"hp":3,"max_hp":51,"move":1,"type":1}],"offpool":[0,0,0],"player":{"def":0,"effects":[0,0,0,0],"hp":71,"max_hp":80},"pool":[0,1,1,1,1]}
end 
{"deck":[0,0,0,0,0,1,1,1,1,2],"energy":3,"game_state":0,"hand":[1,1,1,1,0],"max_energy":3,"mobs":[{"def":0,"effects":[0,0,6,3],"hp":3,"max_hp":51,"move":1,"type":1}],"offpool":[0,0,0,0,2],"player":{"def":0,"effects":[0,0,0,0],"hp":59,"max_hp":80},"pool":[]}
play 2 
{"deck":[0,0,0,0,0,1,1,1,1,2],"energy":2,"game_state":0,"hand":[1,1,1,0],"max_energy":3,"mobs":[{"def":0,"effects":[0,0,6,3],"hp":3,"max_hp":51,"move":1,"type":1}],"offpool":[0,0,0,0,2,1],"player":{"def":5,"effects":[0,0,0,0],"hp":59,"max_hp":80},"pool":[]}
play 3 0 
{"deck":[0,0,0,0,0,1,1,1,1,2],"game_state":2,"max_energy":3,"player":{"def":5,"effects":[0,0,0,0],"hp":59,"max_hp":80}}
===============RESET===============
{"game_state":3}
play 1 
{"deck":[0,0,0,0,0,1,1,1,1,2],"energy":3,"game_state":0,"hand":[1,2,0,1,0],"max_energy":3,"mobs":[{"def":0,"effects":[0,0,0,0],"hp":49,"max_hp":49,"move":3,"type":1}],"offpool":[],"player":{"def":0,"effects":[0,0,0,0],"hp":80,"max_hp":80},"pool":[0,1,0,1,0]}
play 2 0 
{"deck":[0,0,0,0,0,1,1,1,1,2],"energy":2,"game_state":0,"hand":[1,2,1,0],"max_energy":3,"mobs":[{"def":0,"effects":[0,0,0,0],"hp":43,"max_hp":49,"move":3,"type":1}],"offpool":[0],"player":{"def":0,"effects":[0,0,0,0],"hp":80,"max_hp":80},"pool":[0,1,0,1,0]}
play 3 0 
{"deck":[0,0,0,0,0,1,1,1,1,2],"energy":1,"game_state":0,"hand":[1,2,1],"max_energy":3,"mobs":[{"def":0,"effects":[0,0,0,0],"hp":37,"max_hp":49,"move":3,"type":1}],"offpool":[0,0],"player":{"def":0,"effects":[0,0,0,0],"hp":80,"max_hp":80},"pool":[0,1,0,1,0]}
end 
{"deck":[0,0,0,0,0,1,1,1,1,2],"energy":3,"game_state":0,"hand":[0,1,0,1,0],"max_energy":3,"mobs":[{"def":0,"effects":[0,0,0,3],"hp":37,"max_hp":49,"move":1,"type":1}],"offpool":[0,0,1,2,1],"player":{"def":0,"effects":[0,0,0,0],"hp":80,"max_hp":80},"pool":[]}
play 0 0 
{"deck":[0,0,0,0,0,1,1,1,1,2],"energy":2,"game_state":0,"hand":[1,0,1,0],"max_energy":3,"mobs":[{"def":0,"effects":[0,0,0,3],"hp":31,"max_hp":49,"move":1,"type":1}],"offpool":[0,0,1,2,1,0],"player":{"def":0,"effects":[0,0,0,0],"hp":80,"max_hp":80},"pool":[]}
play 1 0 
{"deck":[0,0,0,0,0,1,1,1,1,2],"energy":1,"game_state":0,"hand":[1,1,0],"max_energy":3,"mobs":[{"def":0,"effects":[0,0,0,3],"hp":25,"max_hp":49,"move":1,"type":1}],"offpool":[0,0,1,2,1,0,0],"player":{"def":0,"effects":[0,0,0,0],"hp":80,"max_hp":80},"pool":[]}
play 2 0 
{"deck":[0,0,0,0,0,1,1,1,1,2],"energy":0,"game_state":0,"hand":[1,1],"max_energy":3,"mobs":[{"def":0,"effects":[0,0,0,3],"hp":19,"max_hp":49,"move":1,"type":1}],"offpool":[0,0,1,2,1,0,0,0],"player":{"def":0,"effects":[0,0,0,0],"hp":80,"max_hp":80},"pool":[]}
end 
{"deck":[0,0,0,0,0,1,1,1,1,2],"energy":3,"game_state":0,"hand":[2,1,1,0,0],"max_energy":3,"mobs":[{"def":0,"effects":[0,0,3,3],"hp":19,"max_hp":49,"move":1,"type":1}],"offpool":[],"player":{"def":0,"effects":[0,0,0,0],"hp":71,"max_hp":80},"pool":[0,1,1,0,0]}
play 3 0 
{"deck":[0,0,0,0,0,1,1,1,1,2],"energy":2,"game_state":0,"hand":[2,1,1,0],"max_energy":3,"mobs":[{"def":0,"effects":[0,0,3,3],"hp":13,"max_hp":49,"move":1,"type":1}],"offpool":[0],"player":{"def":0,"effects":[0,0,0,0],"hp":71,"max_hp":80},"pool":[0,1,1,0,0]}
play 3 0 
{"deck":[0,0,0,0,0,1,1,1,1,2],"energy":1,"game_state":0,"hand":[2,1,1],"max_energy":3,"mobs":[{"def":0,"effects":[0,0,3,3],"hp":7,"max_hp":49,"move":1,"type":1}],"offpool":[0,0],"player":{"def":0,"effects":[0,0,0,0],"hp":71,"max_hp":80},"pool":[0,1,1,0,0]}
play 2 
{"deck":[0,0,0,0,0,1,1,1,1,2],"energy":0,"game_state":0,"hand":[2,1],"max_energy":3,"mobs":[{"def":0,"effects":[0,0,3,3],"hp":7,"max_hp":49,"move":1,"type":1}],"offpool":[0,0,1],"player":{"def":5,"effects":[0,0,0,0],"hp":71,"max_hp":80},"pool":[0,1,1,0,0]}
end 
{"deck":[0,0,0,0,0,1,1,1,1,2],"energy":3,"game_state":0,"hand":[0,0,1,1,0],"max_energy":3,"mobs":[{"def":0,"effects":[0,0,6,3],"hp":7,"max_hp":49,"move":1,"type":1}],"offpool":[0,0,1,1,2],"player":{"def":0,"effects":[0,0,0,0],"hp":64,"max_hp":80},"pool":[]}
play 0 0 
{"deck":[0,0,0,0,0,1,1,1,1,2],"energy":2,"game_state":0,"hand":[0,1,1,0],"max_energy":3,"mobs":[{"def":0,"effects":[0,0,6,3],"hp":1,"max_hp":49,"move":1,"type":1}],"offpool":[0,0,1,1,2,0],"player":{"def":0,"effects":[0,0,0,0],"hp":64,"max_hp":80},"pool":[]}
play 0 0 
{"deck":[0,0,0,0,0,1,1,1,1,2],"game_state":2,"max_energy":3,"player":{"def":0,"effects":[0,0,0,0],"hp":64,"max_hp":80}}
===============RESET===============
{"game_state":3}
play 1 
{"deck":[0,0,0,0,0,1,1,1,1,2],"energy":3,"game_state":0,"hand":[0,1,0,0,0],"max_energy":3,"mobs":[{"def":0,"effects":[0,0,0,0],"hp":54,"max_hp":54,"move":3,"type":1}],"offpool":[],"player":{"def":0,"effects":[0,0,0,0],"hp":80,"max_hp":80},"pool":[1,0,2,1,1]}
play 0 0 
{"deck":[0,0,0,0,0,1,1,1,1,2],"energy":2,"game_state":0,"hand":[1,0,0,0],"max_energy":3,"mobs":[{"def":0,"effects":[0,0,0,0],"hp":48,"max_hp":54,"move":3,"type":1}],"offpool":[0],"player":{"def":0,"effects":[0,0,0,0],"hp":80,"max_hp":80},"pool":[1,0,2,1,1]}
play 1 0 
{"deck":[0,0,0,0,0,1,1,1,1,2],"energy":1,"game_state":0,"hand":[1,0,0],"max_energy":3,"mobs":[{"def":0,"effects":[0,0,0,0],"hp":42,"max_hp":54,"move":3,"type":1}],"offpool":[0,0],"player":{"def":0,"effects":[0,0,0,0],"hp":80,"max_hp":80},"pool":[1,0,2,1,1]}
play 1 0 
{"deck":[0,0,0,0,0,1,1,1,1,2],"energy":0,"game_state":0,"hand":[1,0],"max_energy":3,"mobs":[{"def":0,"effects":[0,0,0,0],"hp":36,"max_hp":54,"move":3,"type":1}],"offpool":[0,0,0],"player":{"def":0,"effects":[0,0,0,0],"hp":80,"max_hp":80},"pool":[1,0,2,1,1]}
end 
{"deck":[0,0,0,0,0,1,1,1,1,2],"energy":3,"game_state":0,"hand":[1,1,2,0,1],"max_energy":3,"mobs":[{"def":0,"effects":[0,0,0,3],"hp":36,"max_hp":54,"move":1,"type":1}],"offpool":[0,0,0,0,1],"player":{"def":0,"effects":[0,0,0,0],"hp":80,"max_hp":80},"pool":[]}
play 0 
{"deck":[0,0,0,0,0,1,1,1,1,2],"energy":2,"game_state":0,"hand":[1,2,0,1],"max_energy":3,"mobs":[{"def":0,"effects":[0,0,0,3],"hp":36,"max_hp":54,"move":1,"type":1}],"offpool":[0,0,0,0,1,1],"player":{"def":5,"effects":[0,0,0,0],"hp":80,"max_hp":80},"pool":[]}
play 2 0 
{"deck":[0,0,0,0,0,1,1,1,1,2],"energy":1,"game_state":0,"hand":[1,2,1],"max_energy":3,"mobs":[{"def":0,"effects":[0,0,0,3],"hp":30,"max_hp":54,"move":1,"type":1}],"offpool":[0,0,0,0,1,1,0],"player":{"def":5,"effects":[0,0,0,0],"hp":80,"max_hp":80},"pool":[]}
play 0 
{"deck":[0,0,0,0,0,1,1,1,1,2],"energy":0,"game_state":0,"hand":[2,1],"max_energy":3,"mobs":[{"def":0,"effects":[0,0,0,3],"hp":30,"max_hp":54,"move":1,"type":1}],"offpool":[0,0,0,0,1,1,0,1],"player":{"def":10,"effects":[0,0,0,0],"hp":80,"max_hp":80},"pool":[]}
end 
{"deck":[0,0,0,0,0,1,1,1,1,2],"energy":3,"game_state":0,"hand":[0,1,0,0,0],"max_energy":3,"mobs":[{"def":0,"effects":[0,0,3,3],"hp":30,"max_hp":54,"move":1,"type":1}],"offpool":[],"player":{"def":0,"effects":[0,0,0,0],"hp":80,"max_hp":80},"pool":[1,1,1,0,2]}
play 0 0 
{"deck":[0,0,0,0,0,1,1,1,1,2],"energy":2,"game_state":0,"hand":[1,0,0,0],"max_energy":3,"mobs":[{"def":0,"effects":[0,0,3,3],"hp":24,"max_hp":54,"move":1,"type":1}],"offpool":[0],"player":{"def":0,"effects":[0,0,0,0],"hp":80,"max_hp":80},"pool":[1,1,1,0,2]}
play 1 0 
{"deck":[0,0,0,0,0,1,1,1,1,2],"energy":1,"game_state":0,"hand":[1,0,0],"max_energy":3,"mobs":[{"def":0,"effects":[0,0,3,3],"hp":18,"max_hp":54,"move":1,"type":1}],"offpool":[0,0],"player":{"def":0,"effects":[0,0,0,0],"hp":80,"max_hp":80},"pool":[1,1,1,0,2]}
play 1 0 
{"deck":[0,0,0,0,0,1,1,1,1,2],"energy":0,"game_state":0,"hand":[1,0],"max_energy":3,"mobs":[{"def":0,"effects":[0,0,3,3],"hp":12,"max_hp":54,"move":1,"type":1}],"offpool":[0,0,0],"player":{"def":0,"effects":[0,0,0,0],"hp":80,"max_hp":80},"pool":[1,1,1,0,2]}
end 
{"deck":[0,0,0,0,0,1,1,1,1,2],"energy":3,"game_state":0,"hand":[2,0,1,1,1],"max_energy":3,"mobs":[{"def":0,"effects":[0,0,6,3],"hp":12,"max_hp":54,"move":1,"type":1}],"offpool":[0,0,0,0,1],"player":{"def":0,"effects":[0,0,0,0],"hp":68,"max_hp":80},"pool":[]}
play 1 0 
{"deck":[0,0,0,0,0,1,1,1,1,2],"energy":2,"game_state":0,"hand":[2,1,1,1],"max_energy":3,"mobs":[{"def":0,"effects":[0,0,6,3],"hp":6,"max_hp":54,"move":1,"type":1}],"offpool":[0,0,0,0,1,0],"player":{"def":0,"effects":[0,0,0,0],"hp":68,"max_hp":80},"pool":[]}
play 2 
{"deck":[0,0,0,0,0,1,1,1,1,2],"energy":1,"game_state":0,"hand":[2,1,1],"max_energy":3,"mobs":[{"def":0,"effects":[0,0,6,3],"hp":6,"max_hp":54,"move":1,"type":1}],"offpool":[0,0,0,0,1,0,1],"player":{"def":5,"effects":[0,0,0,0],"hp":68,"max_hp":80},"pool":[]}
play 2 
{"deck":[0,0,0,0,0,1,1,1,1,2],"energy":0,"game_state":0,"hand":[2,1],"max_energy":3,"mobs":[{"def":0,"effects":[0,0,6,3],"hp":6,"max_hp":54,"move":1,"type":1}],"offpool":[0,0,0,0,1,0,1,1],"player":{"def":10,"effects":[0,0,0,0],"hp":68,"max_hp":80},"pool":[]}
end 
{"deck":[0,0,0,0,0,1,1,1,1,2],"energy":3,"game_state":0,"hand":[1,1,0,0,1],"max_energy":3,"mobs":[{"def":0,"effects":[0,0,9,3],"hp":6,"max_hp":54,"move":1,"type":1}],"offpool":[],"player":{"def":0,"effects":[0,0,0,0],"hp":63,"max_hp":80},"pool":[0,1,2,0,0]}
play 2 0 
{"deck":[0,0,0,0,0,1,1,1,1,2],"game_state":2,"max_energy":3,"player":{"def":0,"effects":[0,0,0,0],"hp":63,"max_hp":80}}
===============RESET===============
{"game_state":3}
play 1 
{"deck":[0,0,0,0,0,1,1,1,1,2],"energy":3,"game_state":0,"hand":[1,0,2,1,1],"max_energy":3,"mobs":[{"def":0,"effects":[0,0,0,0],"hp":52,"max_hp":52,"move":3,"type":1}],"offpool":[],"player":{"def":0,"effects":[0,0,0,0],"hp":80,"max_hp":80},"pool":[0,0,0,1,0]}
play 1 0 
{"deck":[0,0,0,0,0,1,1,1,1,2],"energy":2,"game_state":0,"hand":[1,2,1,1],"max_energy":3,"mobs":[{"def":0,"effects":[0,0,0,0],"hp":46,"max_hp":52,"move":3,"type":1}],"offpool":[0],"player":{"def":0,"effects":[0,0,0,0],"hp":80,"max_hp":80},"pool":[0,0,0,1,0]}
end 
{"deck":[0,0,0,0,0,1,1,1,1,2],"energy":3,"game_state":0,"hand":[0,1,0,0,0],"max_energy":3,"mobs":[{"def":0,"effects":[0,0,0,3],"hp":46,"max_hp":52,"move":1,"type":1}],"offpool":[0,1,1,2,1],"player":{"def":0,"effects":[0,0,0,0],"hp":80,"max_hp":80},"pool":[]}
play 0 0 
{"deck":[0,0,0,0,0,1,1,1,1,2],"energy":2,"game_state":0,"hand":[1,0,0,0],"max_energy":3,"mobs":[{"def":0,"effects":[0,0,0,3],"hp":40,"max_hp":52,"move":1,"type":1}],"offpool":[0,1,1,2,1,0],"player":{"def":0,"effects":[0,0,0,0],"hp":80,"max_hp":80},"pool":[]}
play 1 0 
{"deck":[0,0,0,0,0,1,1,1,1,2],"energy":1,"game_state":0,"hand":[1,0,0],"max_energy":3,"mobs":[{"def":0,"effects":[0,0,0,3],"hp":34,"max_hp":52,"move":1,"type":1}],"offpool":[0,1,1,2,1,0,0],"player":{"def":0,"effects":[0,0,0,0],"hp":80,"max_hp":80},"pool":[]}
play 2 0 
{"deck":[0,0,0,0,0,1,1,1,1,2],"energy":0,"game_state":0,"hand":[1,0],"max_energy":3,"mobs":[{"def":0,"effects":[0,0,0,3],"hp":28,"max_hp":52,"move":1,"type":1}],"offpool":[0,1,1,2,1,0,0,0],"player":{"def":0,"effects":[0,0,0,0],"hp":80,"max_hp":80},"pool":[]}
end 
{"deck":[0,0,0,0,0,1,1,1,1,2],"energy":3,"game_state":0,"hand":[1,0,0,0,0],"max_energy":3,"mobs":[{"def":0,"effects":[0,0,3,3],"hp":28,"max_hp":52,"move":1,"type":1}],"offpool":[],"player":{"def":0,"effects":[0,0,0,0],"hp":71,"max_hp":80},"pool":[1,0,2,1,1]}
play 1 0 
{"deck":[0,0,0,0,0,1,1,1,1,2],"energy":2,"game_state":0,"hand":[1,0,0,0],"max_energy":3,"mobs":[{"def":0,"effects":[0,0,3,3],"hp":22,"max_hp":52,"move":1,"type":1}],"offpool":[0],"player":{"def":0,"effects":[0,0,0,0],"hp":71,"max_hp":80},"pool":[1,0,2,1,1]}
play 1 0 
{"deck":[0,0,0,0,0,1,1,1,1,2],"energy":1,"game_state":0,"hand":[1,0,0],"max_energy":3,"mobs":[{"def":0,"effects":[0,0,3,3],"hp":16,"max_hp":52,"move":1,"type":1}],"offpool":[0,0],"player":{"def":0,"effects":[0,0,0,0],"hp":71,"max_hp":80},"pool":[1,0,2,1,1]}
play 1 0 
{"deck":[0,0,0,0,0,1,1,1,1,2],"energy":0,"game_state":0,"hand":[1,0],"max_energy":3,"mobs":[{"def":0,"effects":[0,0,3,3],"hp":10,"max_hp":52,"move":1,"type":1}],"offpool":[0,0,0],"player":{"def":0,"effects":[0,0,0,0],"hp":71,"max_hp":80},"pool":[1,0,2,1,1]}
end 
{"deck":[0,0,0,0,0,1,1,1,1,2],"energy":3,"game_state":0,"hand":[1,1,2,0,1],"max_energy":3,"mobs":[{"def":0,"effects":[0,0,6,3],"hp":10,"max_hp":52,"move":1,"type":1}],"offpool":[0,0,0,0,1],"player":{"def":0,"effects":[0,0,0,0],"hp":59,"max_hp":80},"pool":[]}
play 0 
{"deck":[0,0,0,0,0,1,1,1,1,2],"energy":2,"game_state":0,"hand":[1,2,0,1],"max_energy":3,"mobs":[{"def":0,"effects":[0,0,6,3],"hp":10,"max_hp":52,"move":1,"type":1}],"offpool":[0,0,0,0,1,1],"player":{"def":5,"effects":[0,0,0,0],"hp":59,"max_hp":80},"pool":[]}
play 2 0 
{"deck":[0,0,0,0,0,1,1,1,1,2],"energy":1,"game_state":0,"hand":[1,2,1],"max_energy":3,"mobs":[{"def":0,"effects":[0,0,6,3],"hp":4,"max_hp":52,"move":1,"type":1}],"offpool":[0,0,0,0,1,1,0],"player":{"def":5,"effects":[0,0,0,0],"hp":59,"max_hp":80},"pool":[]}
play 0 
{"deck":[0,0,0,0,0,1,1,1,1,2],"energy":0,"game_state":0,"hand":[2,1],"max_energy":3,"mobs":[{"def":0,"effects":[0,0,6,3],"hp":4,"max_hp":52,"move":1,"type":1}],"offpool":[0,0,0,0,1,1,0,1],"player":{"def":10,"effects":[0,0,0,0],"hp":59,"max_hp":80},"pool":[]}
end 
{"deck":[0,0,0,0,0,1,1,1,1,2],"energy":3,"game_state":0,"hand":[0,0,0,2,1],"max_energy":3,"mobs":[{"def":0,"effects":[0,0,9,3],"hp":4,"max_hp":52,"move":1,"type":1}],"offpool":[],"player":{"def":0,"effects":[0,0,0,0],"hp":54,"max_hp":80},"pool":[1,0,1,0,1]}
play 2 0 
{"deck":[0,0,0,0,0,1,1,1,1,2],"game_state":2,"max_energy":3,"player":{"def":0,"effects":[0,0,0,0],"hp":54,"max_hp":80}}
===============RESET===============
{"game_state":3}
play 1 
{"deck":[0,0,0,0,0,1,1,1,1,2],"energy":3,"game_state":0,"hand":[2,0,1,0,0],"max_energy":3,"mobs":[{"def":0,"effects":[0,0,0,0],"hp":52,"max_hp":52,"move":3,"type":1}],"offpool":[],"player":{"def":0,"effects":[0,0,0,0],"hp":80,"max_hp":80},"pool":[0,1,1,0,1]}
play 1 0 
{"deck":[0,0,0,0,0,1,1,1,1,2],"energy":2,"game_state":0,"hand":[2,1,0,0],"max_energy":3,"mobs":[{"def":0,"effects":[0,0,0,0],"hp":46,"max_hp":52,"move":3,"type":1}],"offpool":[0],"player":{"def":0,"effects":[0,0,0,0],"hp":80,"max_hp":80},"pool":[0,1,1,0,1]}
play 2 0 
{"deck":[0,0,0,0,0,1,1,1,1,2],"energy":1,"game_state":0,"hand":[2,1,0],"max_energy":3,"mobs":[{"def":0,"effects":[0,0,0,0],"hp":40,"max_hp":52,"move":3,"type":1}],"offpool":[0,0],"player":{"def":0,"effects":[0,0,0,0],"hp":80,"max_hp":80},"pool":[0,1,1,0,1]}
end 
{"deck":[0,0,0,0,0,1,1,1,1,2],"energy":3,"game_state":0,"hand":[1,0,1,1,0],"max_energy":3,"mobs":[{"def":0,"effects":[0,0,0,3],"hp":40,"max_hp":52,"move":1,"type":1}],"offpool":[0,0,0,1,2],"player":{"def":0,"effects":[0,0,0,0],"hp":80,"max_hp":80},"pool":[]}
play 1 0 
{"deck":[0,0,0,0,0,1,1,1,1,2],"energy":2,"game_state":0,"hand":[1,1,1,0],"max_energy":3,"mobs":[{"def":0,"effects":[0,0,0,3],"hp":34,"max_hp":52,"move":1,"type":1}],"offpool":[0,0,0,1,2,0],"player":{"def":0,"effects":[0,0,0,0],"hp":80,"max_hp":80},"pool":[]}
play 3 0 
{"deck":[0,0,0,0,0,1,1,1,1,2],"energy":1,"game_state":0,"hand":[1,1,1],"max_energy":3,"mobs":[{"def":0,"effects":[0,0,0,3],"hp":28,"max_hp":52,"move":1,"type":1}],"offpool":[0,0,0,1,2,0,0],"player":{"def":0,"effects":[0,0,0,0],"hp":80,"max_hp":80},"pool":[]}
play 0 
{"deck":[0,0,0,0,0,1,1,1,1,2],"energy":0,"game_state":0,"hand":[1,1],"max_energy":3,"mobs":[{"def":0,"effects":[0,0,0,3],"hp":28,"max_hp":52,"move":1,"type":1}],"offpool":[0,0,0,1,2,0,0,1],"player":{"def":5,"effects":[0,0,0,0],"hp":80,"max_hp":80},"pool":[]}
end 
{"deck":[0,0,0,0,0,1,1,1,1,2],"energy":3,"game_state":0,"hand":[1,1,0,1,0],"max_energy":3,"mobs":[{"def":0,"effects":[0,0,3,3],"hp":28,"max_hp":52,"move":1,"type":1}],"offpool":[],"player":{"def":0,"effects":[0,0,0,0],"hp":76,"max_hp":80},"pool":[0,0,0,1,2]}
play 2 0 
{"deck":[0,0,0,0,0,1,1,1,1,2],"energy":2,"game_state":0,"hand":[1,1,1,0],"max_energy":3,"mobs":[{"def":0,"effects":[0,0,3,3],"hp":22,"max_hp":52,"move":1,"type":1}],"offpool":[0],"player":{"def":0,"effects":[0,0,0,0],"hp":76,"max_hp":80},"pool":[0,0,0,1,2]}
play 3 0 
{"deck":[0,0,0,0,0,1,1,1,1,2],"energy":1,"game_state":0,"hand":[1,1,1],"max_energy":3,"mobs":[{"def":0,"effects":[0,0,3,3],"hp":16,"max_hp":52,"move":1,"type":1}],"offpool":[0,0],"player":{"def":0,"effects":[0,0,0,0],"hp":76,"max_hp":80},"pool":[0,0,0,1,2]}
play 1 
{"deck":[0,0,0,0,0,1,1,1,1,2],"energy":0,"game_state":0,"hand":[1,1],"max_energy":3,"mobs":[{"def":0,"effects":[0,0,3,3],"hp":16,"max_hp":52,"move":1,"type":1}],"offpool":[0,0,1],"player":{"def":5,"effects":[0,0,0,0],"hp":76,"max_hp":80},"pool":[0,0,0,1,2]}
end 
{"deck":[0,0,0,0,0,1,1,1,1,2],"energy":3,"game_state":0,"hand":[2,1,0,0,0],"max_energy":3,"mobs":[{"def":0,"effects":[0,0,6,3],"hp":16,"max_hp":52,"move":1,"type":1}],"offpool":[0,0,1,1,1],"player":{"def":0,"effects":[0,0,0,0],"hp":69,"max_hp":80},"pool":[]}
play 2 0 
{"deck":[0,0,0,0,0,1,1,1,1,2],"energy":2,"game_state":0,"hand":[2,1,0,0],"max_energy":3,"mobs":[{"def":0,"effects":[0,0,6,3],"hp":10,"max_hp":52,"move":1,"type":1}],"offpool":[0,0,1,1,1,0],"player":{"def":0,"effects":[0,0,0,0],"hp":69,"max_hp":80},"pool":[]}
play 2 0 
{"deck":[0,0,0,0,0,1,1,1,1,2],"energy":1,"game_state":0,"hand":[2,1,0],"max_energy":3,"mobs":[{"def":0,"effects":[0,0,6,3],"hp":4,"max_hp":52,"move":1,"type":1}],"offpool":[0,0,1,1,1,0,0],"player":{"def":0,"effects":[0,0,0,0],"hp":69,"max_hp":80},"pool":[]}
play 2 0 
{"deck":[0,0,0,0,0,1,1,1,1,2],"game_state":2,"max_energy":3,"player":{"def":0,"effects":[0,0,0,0],"hp":69,"max_hp":80}}
===============RESET===============
{"game_state":3}
play 1 
{"deck":[0,0,0,0,0,1,1,1,1,2],"energy":3,"game_state":0,"hand":[0,0,0,1,0],"max_energy":3,"mobs":[{"def":0,"effects":[0,0,0,0],"hp":52,"max_hp":52,"move":3,"type":1}],"offpool":[],"player":{"def":0,"effects":[0,0,0,0],"hp":80,"max_hp":80},"pool":[1,1,0,1,2]}
play 0 0 
{"deck":[0,0,0,0,0,1,1,1,1,2],"energy":2,"game_state":0,"hand":[0,0,1,0],"max_energy":3,"mobs":[{"def":0,"effects":[0,0,0,0],"hp":46,"max_hp":52,"move":3,"type":1}],"offpool":[0],"player":{"def":0,"effects":[0,0,0,0],"hp":80,"max_hp":80},"pool":[1,1,0,1,2]}
play 0 0 
{"deck":[0,0,0,0,0,1,1,1,1,2],"energy":1,"game_state":0,"hand":[0,1,0],"max_energy":3,"mobs":[{"def":0,"effects":[0,0,0,0],"hp":40,"max_hp":52,"move":3,"type":1}],"offpool":[0,0],"player":{"def":0,"effects":[0,0,0,0],"hp":80,"max_hp":80},"pool":[1,1,0,1,2]}
play 2 0 
{"deck":[0,0,0,0,0,1,1,1,1,2],"energy":0,"game_state":0,"hand":[0,1],"max_energy":3,"mobs":[{"def":0,"effects":[0,0,0,0],"hp":34,"max_hp":52,"move":3,"type":1}],"offpool":[0,0,0],"player":{"def":0,"effects":[0,0,0,0],"hp":80,"max_hp":80},"pool":[1,1,0,1,2]}
end 
{"deck":[0,0,0,0,0,1,1,1,1,2],"energy":3,"game_state":0,"hand":[2,1,0,1,1],"max_energy":3,"mobs":[{"def":0,"effects":[0,0,0,3],"hp":34,"max_hp":52,"move":1,"type":1}],"offpool":[0,0,0,1,0],"player":{"def":0,"effects":[0,0,0,0],"hp":80,"max_hp":80},"pool":[]}
play 2 0 
{"deck":[0,0,0,0,0,1,1,1,1,2],"energy":2,"game_state":0,"hand":[2,1,1,1],"max_energy":3,"mobs":[{"def":0,"effects":[0,0,0,3],"hp":28,"max_hp":52,"move":1,"type":1}],"offpool":[0,0,0,1,0,0],"player":{"def":0,"effects":[0,0,0,0],"hp":80,"max_hp":80},"pool":[]}
play 1 
{"deck":[0,0,0,0,0,1,1,1,1,2],"energy":1,"game_state":0,"hand":[2,1,1],"max_energy":3,"mobs":[{"def":0,"effects":[0,0,0,3],"hp":28,"max_hp":52,"move":1,"type":1}],"offpool":[0,0,0,1,0,0,1],"player":{"def":5,"effects":[0,0,0,0],"hp":80,"max_hp":80},"pool":[]}
play 2 
{"deck":[0,0,0,0,0,1,1,1,1,2],"energy":0,"game_state":0,"hand":[2,1],"max_energy":3,"mobs":[{"def":0,"effects":[0,0,0,3],"hp":28,"max_hp":52,"move":1,"type":1}],"offpool":[0,0,0,1,0,0,1,1],"player":{"def":10,"effects":[0,0,0,0],"hp":80,"max_hp":80},"pool":[]}
end 
{"deck":[0,0,0,0,0,1,1,1,1,2],"energy":3,"game_state":0,"hand":[1,0,0,1,0],"max_energy":3,"mobs":[{"def":0,"effects":[0,0,3,3],"hp":28,"max_hp":52,"move":1,"type":1}],"offpool":[],"player":{"def":0,"effects":[0,0,0,0],"hp":80,"max_hp":80},"pool":[1,0,0,1,2]}
play 1 0 
{"deck":[0,0,0,0,0,1,1,1,1,2],"energy":2,"game_state":0,"hand":[1,0,1,0],"max_energy":3,"mobs":[{"def":0,"effects":[0,0,3,3],"hp":22,"max_hp":52,"move":1,"type":1}],"offpool":[0],"player":{"def":0,"effects":[0,0,0,0],"hp":80,"max_hp":80},"pool":[1,0,0,1,2]}
play 1 0 
{"deck":[0,0,0,0,0,1,1,1,1,2],"energy":1,"game_state":0,"hand":[1,1,0],"max_energy":3,"mobs":[{"def":0,"effects":[0,0,3,3],"hp":16,"max_hp":52,"move":1,"type":1}],"offpool":[0,0],"player":{"def":0,"effects":[0,0,0,0],"hp":80,"max_hp":80},"pool":[1,0,0,1,2]}
play 2 0 
{"deck":[0,0,0,0,0,1,1,1,1,2],"energy":0,"game_state":0,"hand":[1,1],"max_energy":3,"mobs":[{"def":0,"effects":[0,0,3,3],"hp":10,"max_hp":52,"move":1,"type":1}],"offpool":[0,0,0],"player":{"def":0,"effects":[0,0,0,0],"hp":80,"max_hp":80},"pool":[1,0,0,1,2]}
end 
{"deck":[0,0,0,0,0,1,1,1,1,2],"energy":3,"game_state":0,"hand":[2,1,0,0,1],"max_energy":3,"mobs":[{"def":0,"effects":[0,0,6,3],"hp":10,"max_hp":52,"move":1,"type":1}],"offpool":[0,0,0,1,1],"player":{"def":0,"effects":[0,0,0,0],"hp":68,"max_hp":80},"pool":[]}
play 2 0 
{"deck":[0,0,0,0,0,1,1,1,1,2],"energy":2,"game_state":0,"hand":[2,1,0,1],"max_energy":3,"mobs":[{"def":0,"effects":[0,0,6,3],"hp":4,"max_hp":52,"move":1,"type":1}],"offpool":[0,0,0,1,1,0],"player":{"def":0,"effects":[0,0,0,0],"hp":68,"max_hp":80},"pool":[]}
play 2 0 
{"deck":[0,0,0,0,0,1,1,1,1,2],"game_state":2,"max_energy":3,"player":{"def":0,"effects":[0,0,0,0],"hp":68,"max_hp":80}}
===============RESET===============
{"game_state":3}
play 1 
{"deck":[0,0,0,0,0,1,1,1,1,2],"energy":3,"game_state":0,"hand":[0,0,0,1,1],"max_energy":3,"mobs":[{"def":0,"effects":[0,0,0,0],"hp":52,"max_hp":52,"move":3,"type":1}],"offpool":[],"player":{"def":0,"effects":[0,0,0,0],"hp":80,"max_hp":80},"pool":[1,2,0,0,1]}
play 0 0 
{"deck":[0,0,0,0,0,1,1,1,1,2],"energy":2,"game_state":0,"hand":[0,0,1,1],"max_energy":3,"mobs":[{"def":0,"effects":[0,0,0,0],"hp":46,"max_hp":52,"move":3,"type":1}],"offpool":[0],"player":{"def":0,"effects":[0,0,0,0],"hp":80,"max_hp":80},"pool":[1,2,0,0,1]}
play 0 0 
{"deck":[0,0,0,0,0,1,1,1,1,2],"energy":1,"game_state":0,"hand":[0,1,1],"max_energy":3,"mobs":[{"def":0,"effects":[0,0,0,0],"hp":40,"max_hp":52,"move":3,"type":1}],"offpool":[0,0],"player":{"def":0,"effects":[0,0,0,0],"hp":80,"max_hp":80},"pool":[1,2,0,0,1]}
play 0 0 
{"deck":[0,0,0,0,0,1,1,1,1,2],"energy":0,"game_state":0,"hand":[1,1],"max_energy":3,"mobs":[{"def":0,"effects":[0,0,0,0],"hp":34,"max_hp":52,"move":3,"type":1}],"offpool":[0,0,0],"player":{"def":0,"effects":[0,0,0,0],"hp":80,"max_hp":80},"pool":[1,2,0,0,1]}
end 
{"deck":[0,0,0,0,0,1,1,1,1,2],"energy":3,"game_state":0,"hand":[1,0,0,2,1],"max_energy":3,"mobs":[{"def":0,"effects":[0,0,0,3],"hp":34,"max_hp":52,"move":1,"type":1}],"offpool":[0,0,0,1,1],"player":{"def":0,"effects":[0,0,0,0],"hp":80,"max_hp":80},"pool":[]}
play 2 0 
{"deck":[0,0,0,0,0,1,1,1,1,2],"energy":2,"game_state":0,"hand":[1,0,2,1],"max_energy":3,"mobs":[{"def":0,"effects":[0,0,0,3],"hp":28,"max_hp":52,"move":1,"type":1}],"offpool":[0,0,0,1,1,0],"player":{"def":0,"effects":[0,0,0,0],"hp":80,"max_hp":80},"pool":[]}
play 1 0 
{"deck":[0,0,0,0,0,1,1,1,1,2],"energy":1,"game_state":0,"hand":[1,2,1],"max_energy":3,"mobs":[{"def":0,"effects":[0,0,0,3],"hp":22,"max_hp":52,"move":1,"type":1}],"offpool":[0,0,0,1,1,0,0],"player":{"def":0,"effects":[0,0,0,0],"hp":80,"max_hp":80},"pool":[]}
play 0 
{"deck":[0,0,0,0,0,1,1,1,1,2],"energy":0,"game_state":0,"hand":[2,1],"max_energy":3,"mobs":[{"def":0,"effects":[0,0,0,3],"hp":22,"max_hp":52,"move":1,"type":1}],"offpool":[0,0,0,1,1,0,0,1],"player":{"def":5,"effects":[0,0,0,0],"hp":80,"max_hp":80},"pool":[]}
end 
{"deck":[0,0,0,0,0,1,1,1,1,2],"energy":3,"game_state":0,"hand":[0,0,0,1,1],"max_energy":3,"mobs":[{"def":0,"effects":[0,0,3,3],"hp":22,"max_hp":52,"move":1,"type":1}],"offpool":[],"player":{"def":0,"effects":[0,0,0,0],"hp":76,"max_hp":80},"pool":[0,1,1,0,2]}
play 2 0 
{"deck":[0,0,0,0,0,1,1,1,1,2],"energy":2,"game_state":0,"hand":[0,0,1,1],"max_energy":3,"mobs":[{"def":0,"effects":[0,0,3,3],"hp":16,"max_hp":52,"move":1,"type":1}],"offpool":[0],"player":{"def":0,"effects":[0,0,0,0],"hp":76,"max_hp":80},"pool":[0,1,1,0,2]}
play 1 0 
{"deck":[0,0,0,0,0,1,1,1,1,2],"energy":1,"game_state":0,"hand":[0,1,1],"max_energy":3,"mobs":[{"def":0,"effects":[0,0,3,3],"hp":10,"max_hp":52,"move":1,"type":1}],"offpool":[0,0],"player":{"def":0,"effects":[0,0,0,0],"hp":76,"max_hp":80},"pool":[0,1,1,0,2]}
play 0 0 
{"deck":[0,0,0,0,0,1,1,1,1,2],"energy":0,"game_state":0,"hand":[1,1],"max_energy":3,"mobs":[{"def":0,"effects":[0,0,3,3],"hp":4,"max_hp":52,"move":1,"type":1}],"offpool":[0,0,0],"player":{"def":0,"effects":[0,0,0,0],"hp":76,"max_hp":80},"pool":[0,1,1,0,2]}
end 
{"deck":[0,0,0,0,0,1,1,1,1,2],"energy":3,"game_state":0,"hand":[2,0,1,1,0],"max_energy":3,"mobs":[{"def":0,"effects":[0,0,6,3],"hp":4,"max_hp":52,"move":1,"type":1}],"offpool":[0,0,0,1,1],"player":{"def":0,"effects":[0,0,0,0],"hp":64,"max_hp":80},"pool":[]}
play 1 0 
{"deck":[0,0,0,0,0,1,1,1,1,2],"game_state":2,"max_energy":3,"player":{"def":0,"effects":[0,0,0,0],"hp":64,"max_hp":80}}
===============RESET===============
{"game_state":3}
play 1 
{"deck":[0,0,0,0,0,1,1,1,1,2],"energy":3,"game_state":0,"hand":[1,0,2,1,1],"max_energy":3,"mobs":[{"def":0,"effects":[0,0,0,0],"hp":48,"max_hp":48,"move":3,"type":1}],"offpool":[],"player":{"def":0,"effects":[0,0,0,0],"hp":80,"max_hp":80},"pool":[0,0,0,0,1]}
play 1 0 
{"deck":[0,0,0,0,0,1,1,1,1,2],"energy":2,"game_state":0,"hand":[1,2,1,1],"max_energy":3,"mobs":[{"def":0,"effects":[0,0,0,0],"hp":42,"max_hp":48,"move":3,"type":1}],"offpool":[0],"player":{"def":0,"effects":[0,0,0,0],"hp":80,"max_hp":80},"pool":[0,0,0,0,1]}
end 
{"deck":[0,0,0,0,0,1,1,1,1,2],"energy":3,"game_state":0,"hand":[1,0,0,0,0],"max_energy":3,"mobs":[{"def":0,"effects":[0,0,0,3],"hp":42,"max_hp":48,"move":1,"type":1}],"offpool":[0,1,1,2,1],"player":{"def":0,"effects":[0,0,0,0],"hp":80,"max_hp":80},"pool":[]}
play 1 0 
{"deck":[0,0,0,0,0,1,1,1,1,2],"energy":2,"game_state":0,"hand":[1,0,0,0],"max_energy":3,"mobs":[{"def":0,"effects":[0,0,0,3],"hp":36,"max_hp":48,"move":1,"type":1}],"offpool":[0,1,1,2,1,0],"player":{"def":0,"effects":[0,0,0,0],"hp":80,"max_hp":80},"pool":[]}
play 1 0 
{"deck":[0,0,0,0,0,1,1,1,1,2],"energy":1,"game_state":0,"hand":[1,0,0],"max_energy":3,"mobs":[{"def":0,"effects":[0,0,0,3],"hp":30,"max_hp":48,"move":1,"type":1}],"offpool":[0,1,1,2,1,0,0],"player":{"def":0,"effects":[0,0,0,0],"hp":80,"max_hp":80},"pool":[]}
play 1 0 
{"deck":[0,0,0,0,0,1,1,1,1,2],"energy":0,"game_state":0,"hand":[1,0],"max_energy":3,"mobs":[{"def":0,"effects":[0,0,0,3],"hp":24,"max_hp":48,"move":1,"type":1}],"offpool":[0,1,1,2,1,0,0,0],"player":{"def":0,"effects":[0,0,0,0],"hp":80,"max_hp":80},"pool":[]}
end 
{"deck":[0,0,0,0,0,1,1,1,1,2],"energy":3,"game_state":0,"hand":[0,0,1,2,0],"max_energy":3,"mobs":[{"def":0,"effects":[0,0,3,3],"hp":24,"max_hp":48,"move":1,"type":1}],"offpool":[],"player":{"def":0,"effects":[0,0,0,0],"hp":71,"max_hp":80},"pool":[1,0,1,1,0]}
play 1 0 
{"deck":[0,0,0,0,0,1,1,1,1,2],"energy":2,"game_state":0,"hand":[0,1,2,0],"max_energy":3,"mobs":[{"def":0,"effects":[0,0,3,3],"hp":18,"max_hp":48,"move":1,"type":1}],"offpool":[0],"player":{"def":0,"effects":[0,0,0,0],"hp":71,"max_hp":80},"pool":[1,0,1,1,0]}
play 0 0 
{"deck":[0,0,0,0,0,1,1,1,1,2],"energy":1,"game_state":0,"hand":[1,2,0],"max_energy":3,"mobs":[{"def":0,"effects":[0,0,3,3],"hp":12,"max_hp":48,"move":1,"type":1}],"offpool":[0,0],"player":{"def":0,"effects":[0,0,0,0],"hp":71,"max_hp":80},"pool":[1,0,1,1,0]}
play 0 
{"deck":[0,0,0,0,0,1,1,1,1,2],"energy":0,"game_state":0,"hand":[2,0],"max_energy":3,"mobs":[{"def":0,"effects":[0,0,3,3],"hp":12,"max_hp":48,"move":1,"type":1}],"offpool":[0,0,1],"player":{"def":5,"effects":[0,0,0,0],"hp":71,"max_hp":80},"pool":[1,0,1,1,0]}
end 
{"deck":[0,0,0,0,0,1,1,1,1,2],"energy":3,"game_state":0,"hand":[0,1,1,0,1],"max_energy":3,"mobs":[{"def":0,"effects":[0,0,6,3],"hp":12,"max_hp":48,"move":1,"type":1}],"offpool":[0,0,1,0,2],"player":{"def":0,"effects":[0,0,0,0],"hp":64,"max_hp":80},"pool":[]}
play 0 0 
{"deck":[0,0,0,0,0,1,1,1,1,2],"energy":2,"game_state":0,"hand":[1,1,0,1],"max_energy":3,"mobs":[{"def":0,"effects":[0,0,6,3],"hp":6,"max_hp":48,"move":1,"type":1}],"offpool":[0,0,1,0,2,0],"player":{"def":0,"effects":[0,0,0,0],"hp":64,"max_hp":80},"pool":[]}
play 2 0 
{"deck":[0,0,0,0,0,1,1,1,1,2],"game_state":2,"max_energy":3,"player":{"def":0,"effects":[0,0,0,0],"hp":64,"max_hp":80}}
===============RESET===============
{"game_state":3}
play 1 
{"deck":[0,0,0,0,0,1,1,1,1,2],"energy":3,"game_state":0,"hand":[1,2,1,1,0],"max_energy":3,"mobs":[{"def":0,"effects":[0,0,0,0],"hp":53,"max_hp":53,"move":3,"type":1}],"offpool":[],"player":{"def":0,"effects":[0,0,0,0],"hp":80,"max_hp":80},"pool":[0,0,0,1,0]}
play 3 
{"deck":[0,0,0,0,0,1,1,1,1,2],"energy":2,"game_state":0,"hand":[1,2,1,0],"max_energy":3,"mobs":[{"def":0,"effects":[0,0,0,0],"hp":53,"max_hp":53,"move":3,"type":1}],"offpool":[1],"player":{"def":5,"effects":[0,0,0,0],"hp":80,"max_hp":80},"pool":[0,0,0,1,0]}
play 3 0 
{"deck":[0,0,0,0,0,1,1,1,1,2],"energy":1,"game_state":0,"hand":[1,2,1],"max_energy":3,"mobs":[{"def":0,"effects":[0,0,0,0],"hp":47,"max_hp":53,"move":3,"type":1}],"offpool":[1,0],"player":{"def":5,"effects":[0,0,0,0],"hp":80,"max_hp":80},"pool":[0,0,0,1,0]}
end 
{"deck":[0,0,0,0,0,1,1,1,1,2],"energy":3,"game_state":0,"hand":[0,1,0,0,0],"max_energy":3,"mobs":[{"def":0,"effects":[0,0,0,3],"hp":47,"max_hp":53,"move":1,"type":1}],"offpool":[1,0,1,2,1],"player":{"def":0,"effects":[0,0,0,0],"hp":80,"max_hp":80},"pool":[]}
play 0 0 
{"deck":[0,0,0,0,0,1,1,1,1,2],"energy":2,"game_state":0,"hand":[1,0,0,0],"max_energy":3,"mobs":[{"def":0,"effects":[0,0,0,3],"hp":41,"max_hp":53,"move":1,"type":1}],"offpool":[1,0,1,2,1,0],"player":{"def":0,"effects":[0,0,0,0],"hp":80,"max_hp":80},"pool":[]}
play 1 0 
{"deck":[0,0,0,0,0,1,1,1,1,2],"energy":1,"game_state":0,"hand":[1,0,0],"max_energy":3,"mobs":[{"def":0,"effects":[0,0,0,3],"hp":35,"max_hp":53,"move":1,"type":1}],"offpool":[1,0,1,2,1,0,0],"player":{"def":0,"effects":[0,0,0,0],"hp":80,"max_hp":80},"pool":[]}
play 2 0 
{"deck":[0,0,0,0,0,1,1,1,1,2],"energy":0,"game_state":0,"hand":[1,0],"max_energy":3,"mobs":[{"def":0,"effects":[0,0,0,3],"hp":29,"max_hp":53,"move":1,"type":1}],"offpool":[1,0,1,2,1,0,0,0],"player":{"def":0,"effects":[0,0,0,0],"hp":80,"max_hp":80},"pool":[]}
end 
{"deck":[0,0,0,0,0,1,1,1,1,2],"energy":3,"game_state":0,"hand":[0,0,1,1,0],"max_energy":3,"mobs":[{"def":0,"effects":[0,0,3,3],"hp":29,"max_hp":53,"move":1,"type":1}],"offpool":[],"player":{"def":0,"effects":[0,0,0,0],"hp":71,"max_hp":80},"pool":[1,2,0,1,0]}
play 1 0 
{"deck":[0,0,0,0,0,1,1,1,1,2],"energy":2,"game_state":0,"hand":[0,1,1,0],"max_energy":3,"mobs":[{"def":0,"effects":[0,0,3,3],"hp":23,"max_hp":53,"move":1,"type":1}],"offpool":[0],"player":{"def":0,"effects":[0,0,0,0],"hp":71,"max_hp":80},"pool":[1,2,0,1,0]}
play 0 0 
{"deck":[0,0,0,0,0,1,1,1,1,2],"energy":1,"game_state":0,"hand":[1,1,0],"max_energy":3,"mobs":[{"def":0,"effects":[0,0,3,3],"hp":17,"max_hp":53,"move":1,"type":1}],"offpool":[0,0],"player":{"def":0,"effects":[0,0,0,0],"hp":71,"max_hp":80},"pool":[1,2,0,1,0]}
play 2 0 
{"deck":[0,0,0,0,0,1,1,1,1,2],"energy":0,"game_state":0,"hand":[1,1],"max_energy":3,"mobs":[{"def":0,"effects":[0,0,3,3],"hp":11,"max_hp":53,"move":1,"type":1}],"offpool":[0,0,0],"player":{"def":0,"effects":[0,0,0,0],"hp":71,"max_hp":80},"pool":[1,2,0,1,0]}
end 
{"deck":[0,0,0,0,0,1,1,1,1,2],"energy":3,"game_state":0,"hand":[0,1,0,2,1],"max_energy":3,"mobs":[{"def":0,"effects":[0,0,6,3],"hp":11,"max_hp":53,"move":1,"type":1}],"offpool":[0,0,0,1,1],"player":{"def":0,"effects":[0,0,0,0],"hp":59,"max_hp":80},"pool":[]}
play 2 0 
{"deck":[0,0,0,0,0,1,1,1,1,2],"energy":2,"game_state":0,"hand":[0,1,2,1],"max_energy":3,"mobs":[{"def":0,"effects":[0,0,6,3],"hp":5,"max_hp":53,"move":1,"type":1}],"offpool":[0,0,0,1,1,0],"player":{"def":0,"effects":[0,0,0,0],"hp":59,"max_hp":80},"pool":[]}
play 0 0 
{"deck":[0,0,0,0,0,1,1,1,1,2],"game_state":2,"max_energy":3,"player":{"def":0,"effects":[0,0,0,0],"hp":59,"max_hp":80}}
===============RESET===============
{"game_state":3}
play 1 
{"deck":[0,0,0,0,0,1,1,1,1,2],"energy":3,"game_state":0,"hand":[1,1,2,0,0],"max_energy":3,"mobs":[{"def":0,"effects":[0,0,0,0],"hp":49,"max_hp":49,"move":3,"type":1}],"offpool":[],"player":{"def":0,"effects":[0,0,0,0],"hp":80,"max_hp":80},"pool":[1,0,0,0,1]}
play 3 0 
{"deck":[0,0,0,0,0,1,1,1,1,2],"energy":2,"game_state":0,"hand":[1,1,2,0],"max_energy":3,"mobs":[{"def":0,"effects":[0,0,0,0],"hp":43,"max_hp":49,"move":3,"type":1}],"offpool":[0],"player":{"def":0,"effects":[0,0,0,0],"hp":80,"max_hp":80},"pool":[1,0,0,0,1]}
play 3 0 
{"deck":[0,0,0,0,0,1,1,1,1,2],"energy":1,"game_state":0,"hand":[1,1,2],"max_energy":3,"mobs":[{"def":0,"effects":[0,0,0,0],"hp":37,"max_hp":49,"move":3,"type":1}],"offpool":[0,0],"player":{"def":0,"effects":[0,0,0,0],"hp":80,"max_hp":80},"pool":[1,0,0,0,1]}
end 
{"deck":[0,0,0,0,0,1,1,1,1,2],"energy":3,"game_state":0,"hand":[1,0,0,0,1],"max_energy":3,"mobs":[{"def":0,"effects":[0,0,0,3],"hp":37,"max_hp":49,"move":1,"type":1}],"offpool":[0,0,2,1,1],"player":{"def":0,"effects":[0,0,0,0],"hp":80,"max_hp":80},"pool":[]}
play 2 0 
{"deck":[0,0,0,0,0,1,1,1,1,2],"energy":2,"game_state":0,"hand":[1,0,0,1],"max_energy":3,"mobs":[{"def":0,"effects":[0,0,0,3],"hp":31,"max_hp":49,"move":1,"type":1}],"offpool":[0,0,2,1,1,0],"player":{"def":0,"effects":[0,0,0,0],"hp":80,"max_hp":80},"pool":[]}
play 1 0 
{"deck":[0,0,0,0,0,1,1,1,1,2],"energy":1,"game_state":0,"hand":[1,0,1],"max_energy":3,"mobs":[{"def":0,"effects":[0,0,0,3],"hp":25,"max_hp":49,"move":1,"type":1}],"offpool":[0,0,2,1,1,0,0],"player":{"def":0,"effects":[0,0,0,0],"hp":80,"max_hp":80},"pool":[]}
play 1 0 
{"deck":[0,0,0,0,0,1,1,1,1,2],"energy":0,"game_state":0,"hand":[1,1],"max_energy":3,"mobs":[{"def":0,"effects":[0,0,0,3],"hp":19,"max_hp":49,"move":1,"type":1}],"offpool":[0,0,2,1,1,0,0,0],"player":{"def":0,"effects":[0,0,0,0],"hp":80,"max_hp":80},"pool":[]}
end 
{"deck":[0,0,0,0,0,1,1,1,1,2],"energy":3,"game_state":0,"hand":[0,1,0,1,0],"max_energy":3,"mobs":[{"def":0,"effects":[0,0,3,3],"hp":19,"max_hp":49,"move":1,"type":1}],"offpool":[],"player":{"def":0,"effects":[0,0,0,0],"hp":71,"max_hp":80},"pool":[1,0,1,2,0]}
play 2 0 
{"deck":[0,0,0,0,0,1,1,1,1,2],"energy":2,"game_state":0,"hand":[0,1,1,0],"max_energy":3,"mobs":[{"def":0,"effects":[0,0,3,3],"hp":13,"max_hp":49,"move":1,"type":1}],"offpool":[0],"player":{"def":0,"effects":[0,0,0,0],"hp":71,"max_hp":80},"pool":[1,0,1,2,0]}
play 0 0 
{"deck":[0,0,0,0,0,1,1,1,1,2],"energy":1,"game_state":0,"hand":[1,1,0],"max_energy":3,"mobs":[{"def":0,"effects":[0,0,3,3],"hp":7,"max_hp":49,"move":1,"type":1}],"offpool":[0,0],"player":{"def":0,"effects":[0,0,0,0],"hp":71,"max_hp":80},"pool":[1,0,1,2,0]}
play 2 0 
{"deck":[0,0,0,0,0,1,1,1,1,2],"energy":0,"game_state":0,"hand":[1,1],"max_energy":3,"mobs":[{"def":0,"effects":[0,0,3,3],"hp":1,"max_hp":49,"move":1,"type":1}],"offpool":[0,0,0],"player":{"def":0,"effects":[0,0,0,0],"hp":71,"max_hp":80},"pool":[1,0,1,2,0]}
end 
{"deck":[0,0,0,0,0,1,1,1,1,2],"energy":3,"game_state":0,"hand":[0,2,1,0,1],"max_energy":3,"mobs":[{"def":0,"effects":[0,0,6,3],"hp":1,"max_hp":49,"move":1,"type":1}],"offpool":[0,0,0,1,1],"player":{"def":0,"effects":[0,0,0,0],"hp":59,"max_hp":80},"pool":[]}
play 0 0 
{"deck":[0,0,0,0,0,1,1,1,1,2],"game_state":2,"max_energy":3,"player":{"def":0,"effects":[0,0,0,0],"hp":59,"max_hp":80}}
===============RESET===============
{"game_state":3}
play 1 
{"deck":[0,0,0,0,0,1,1,1,1,2],"energy":3,"game_state":0,"hand":[0,0,1,0,2],"max_energy":3,"mobs":[{"def":0,"effects":[0,0,0,0],"hp":54,"max_hp":54,"move":3,"type":1}],"offpool":[],"player":{"def":0,"effects":[0,0,0,0],"hp":80,"max_hp":80},"pool":[1,1,0,0,1]}
play 0 0 
{"deck":[0,0,0,0,0,1,1,1,1,2],"energy":2,"game_state":0,"hand":[0,1,0,2],"max_energy":3,"mobs":[{"def":0,"effects":[0,0,0,0],"hp":48,"max_hp":54,"move":3,"type":1}],"offpool":[0],"player":{"def":0,"effects":[0,0,0,0],"hp":80,"max_hp":80},"pool":[1,1,0,0,1]}
play 2 0 
{"deck":[0,0,0,0,0,1,1,1,1,2],"energy":1,"game_state":0,"hand":[0,1,2],"max_energy":3,"mobs":[{"def":0,"effects":[0,0,0,0],"hp":42,"max_hp":54,"move":3,"type":1}],"offpool":[0,0],"player":{"def":0,"effects":[0,0,0,0],"hp":80,"max_hp":80},"pool":[1,1,0,0,1]}
play 0 0 
{"deck":[0,0,0,0,0,1,1,1,1,2],"energy":0,"game_state":0,"hand":[1,2],"max_energy":3,"mobs":[{"def":0,"effects":[0,0,0,0],"hp":36,"max_hp":54,"move":3,"type":1}],"offpool":[0,0,0],"player":{"def":0,"effects":[0,0,0,0],"hp":80,"max_hp":80},"pool":[1,1,0,0,1]}
end 
{"deck":[0,0,0,0,0,1,1,1,1,2],"energy":3,"game_state":0,"hand":[1,0,0,1,1],"max_energy":3,"mobs":[{"def":0,"effects":[0,0,0,3],"hp":36,"max_hp":54,"move":1,"type":1}],"offpool":[0,0,0,2,1],"player":{"def":0,"effects":[0,0,0,0],"hp":80,"max_hp":80},"pool":[]}
play 2 0 
{"deck":[0,0,0,0,0,1,1,1,1,2],"energy":2,"game_state":0,"hand":[1,0,1,1],"max_energy":3,"mobs":[{"def":0,"effects":[0,0,0,3],"hp":30,"max_hp":54,"move":1,"type":1}],"offpool":[0,0,0,2,1,0],"player":{"def":0,"effects":[0,0,0,0],"hp":80,"max_hp":80},"pool":[]}
play 1 0 
{"deck":[0,0,0,0,0,1,1,1,1,2],"energy":1,"game_state":0,"hand":[1,1,1],"max_energy":3,"mobs":[{"def":0,"effects":[0,0,0,3],"hp":24,"max_hp":54,"move":1,"type":1}],"offpool":[0,0,0,2,1,0,0],"player":{"def":0,"effects":[0,0,0,0],"hp":80,"max_hp":80},"pool":[]}
play 1 
{"deck":[0,0,0,0,0,1,1,1,1,2],"energy":0,"game_state":0,"hand":[1,1],"max_energy":3,"mobs":[{"def":0,"effects":[0,0,0,3],"hp":24,"max_hp":54,"move":1,"type":1}],"offpool":[0,0,0,2,1,0,0,1],"player":{"def":5,"effects":[0,0,0,0],"hp":80,"max_hp":80},"pool":[]}
end 
{"deck":[0,0,0,0,0,1,1,1,1,2],"energy":3,"game_state":0,"hand":[0,0,0,1,1],"max_energy":3,"mobs":[{"def":0,"effects":[0,0,3,3],"hp":24,"max_hp":54,"move":1,"type":1}],"offpool":[],"player":{"def":0,"effects":[0,0,0,0],"hp":76,"max_hp":80},"pool":[0,1,0,1,2]}
play 2 0 
{"deck":[0,0,0,0,0,1,1,1,1,2],"energy":2,"game_state":0,"hand":[0,0,1,1],"max_energy":3,"mobs":[{"def":0,"effects":[0,0,3,3],"hp":18,"max_hp":54,"move":1,"type":1}],"offpool":[0],"player":{"def":0,"effects":[0,0,0,0],"hp":76,"max_hp":80},"pool":[0,1,0,1,2]}
play 1 0 
{"deck":[0,0,0,0,0,1,1,1,1,2],"energy":1,"game_state":0,"hand":[0,1,1],"max_energy":3,"mobs":[{"def":0,"effects":[0,0,3,3],"hp":12,"max_hp":54,"move":1,"type":1}],"offpool":[0,0],"player":{"def":0,"effects":[0,0,0,0],"hp":76,"max_hp":80},"pool":[0,1,0,1,2]}
play 0 0 
{"deck":[0,0,0,0,0,1,1,1,1,2],"energy":0,"game_state":0,"hand":[1,1],"max_energy":3,"mobs":[{"def":0,"effects":[0,0,3,3],"hp":6,"max_hp":54,"move":1,"type":1}],"offpool":[0,0,0],"player":{"def":0,"effects":[0,0,0,0],"hp":76,"max_hp":80},"pool":[0,1,0,1,2]}
end 
{"deck":[0,0,0,0,0,1,1,1,1,2],"energy":3,"game_state":0,"hand":[2,1,0,1,0],"max_energy":3,"mobs":[{"def":0,"effects":[0,0,6,3],"hp":6,"max_hp":54,"move":1,"type":1}],"offpool":[0,0,0,1,1],"player":{"def":0,"effects":[0,0,0,0],"hp":64,"max_hp":80},"pool":[]}
play 2 0 
{"deck":[0,0,0,0,0,1,1,1,1,2],"game_state":2,"max_energy":3,"player":{"def":0,"effects":[0,0,0,0],"hp":64,"max_hp":80}}
===============RESET===============
{"game_state":3}
play 1 
{"deck":[0,0,0,0,0,1,1,1,1,2],"energy":3,"game_state":0,"hand":[1,2,0,0,0],"max_energy":3,"mobs":[{"def":0,"effects":[0,0,0,0],"hp":53,"max_hp":53,"move":3,"type":1}],"offpool":[],"player":{"def":0,"effects":[0,0,0,0],"hp":80,"max_hp":80},"pool":[1,0,0,1,1]}
play 2 0 
{"deck":[0,0,0,0,0,1,1,1,1,2],"energy":2,"game_state":0,"hand":[1,2,0,0],"max_energy":3,"mobs":[{"def":0,"effects":[0,0,0,0],"hp":47,"max_hp":53,"move":3,"type":1}],"offpool":[0],"player":{"def":0,"effects":[0,0,0,0],"hp":80,"max_hp":80},"pool":[1,0,0,1,1]}
play 2 0 
{"deck":[0,0,0,0,0,1,1,1,1,2],"energy":1,"game_state":0,"hand":[1,2,0],"max_energy":3,"mobs":[{"def":0,"effects":[0,0,0,0],"hp":41,"max_hp":53,"move":3,"type":1}],"offpool":[0,0],"player":{"def":0,"effects":[0,0,0,0],"hp":80,"max_hp":80},"pool":[1,0,0,1,1]}
play 0 
{"deck":[0,0,0,0,0,1,1,1,1,2],"energy":0,"game_state":0,"hand":[2,0],"max_energy":3,"mobs":[{"def":0,"effects":[0,0,0,0],"hp":41,"max_hp":53,"move":3,"type":1}],"offpool":[0,0,1],"player":{"def":5,"effects":[0,0,0,0],"hp":80,"max_hp":80},"pool":[1,0,0,1,1]}
end 
{"deck":[0,0,0,0,0,1,1,1,1,2],"energy":3,"game_state":0,"hand":[1,1,0,0,1],"max_energy":3,"mobs":[{"def":0,"effects":[0,0,0,3],"hp":41,"max_hp":53,"move":1,"type":1}],"offpool":[0,0,1,0,2],"player":{"def":0,"effects":[0,0,0,0],"hp":80,"max_hp":80},"pool":[]}
play 2 0 
{"deck":[0,0,0,0,0,1,1,1,1,2],"energy":2,"game_state":0,"hand":[1,1,0,1],"max_energy":3,"mobs":[{"def":0,"effects":[0,0,0,3],"hp":35,"max_hp":53,"move":1,"type":1}],"offpool":[0,0,1,0,2,0],"player":{"def":0,"effects":[0,0,0,0],"hp":80,"max_hp":80},"pool":[]}
play 2 0 
{"deck":[0,0,0,0,0,1,1,1,1,2],"energy":1,"game_state":0,"hand":[1,1,1],"max_energy":3,"mobs":[{"def":0,"effects":[0,0,0,3],"hp":29,"max_hp":53,"move":1,"type":1}],"offpool":[0,0,1,0,2,0,0],"player":{"def":0,"effects":[0,0,0,0],"hp":80,"max_hp":80},"pool":[]}
play 0 
{"deck":[0,0,0,0,0,1,1,1,1,2],"energy":0,"game_state":0,"hand":[1,1],"max_energy":3,"mobs":[{"def":0,"effects":[0,0,0,3],"hp":29,"max_hp":53,"move":1,"type":1}],"offpool":[0,0,1,0,2,0,0,1],"player":{"def":5,"effects":[0,0,0,0],"hp":80,"max_hp":80},"pool":[]}
end 
{"deck":[0,0,0,0,0,1,1,1,1,2],"energy":3,"game_state":0,"hand":[2,0,1,1,1],"max_energy":3,"mobs":[{"def":0,"effects":[0,0,3,3],"hp":29,"max_hp":53,"move":1,"type":1}],"offpool":[],"player":{"def":0,"effects":[0,0,0,0],"hp":76,"max_hp":80},"pool":[0,1,0,0,0]}
play 1 0 
{"deck":[0,0,0,0,0,1,1,1,1,2],"energy":2,"game_state":0,"hand":[2,1,1,1],"max_energy":3,"mobs":[{"def":0,"effects":[0,0,3,3],"hp":23,"max_hp":53,"move":1,"type":1}],"offpool":[0],"player":{"def":0,"effects":[0,0,0,0],"hp":76,"max_hp":80},"pool":[0,1,0,0,0]}
play 1 
{"deck":[0,0,0,0,0,1,1,1,1,2],"energy":1,"game_state":0,"hand":[2,1,1],"max_energy":3,"mobs":[{"def":0,"effects":[0,0,3,3],"hp":23,"max_hp":53,"move":1,"type":1}],"offpool":[0,1],"player":{"def":5,"effects":[0,0,0,0],"hp":76,"max_hp":80},"pool":[0,1,0,0,0]}
play 2 
{"deck":[0,0,0,0,0,1,1,1,1,2],"energy":0,"game_state":0,"hand":[2,1],"max_energy":3,"mobs":[{"def":0,"effects":[0,0,3,3],"hp":23,"max_hp":53,"move":1,"type":1}],"offpool":[0,1,1],"player":{"def":10,"effects":[0,0,0,0],"hp":76,"max_hp":80},"pool":[0,1,0,0,0]}
end 
{"deck":[0,0,0,0,0,1,1,1,1,2],"energy":3,"game_state":0,"hand":[0,0,0,1,0],"max_energy":3,"mobs":[{"def":0,"effects":[0,0,6,3],"hp":23,"max_hp":53,"move":1,"type":1}],"offpool":[0,1,1,1,2],"player":{"def":0,"effects":[0,0,0,0],"hp":74,"max_hp":80},"pool":[]}
play 1 0 
{"deck":[0,0,0,0,0,1,1,1,1,2],"energy":2,"game_state":0,"hand":[0,0,1,0],"max_energy":3,"mobs":[{"def":0,"effects":[0,0,6,3],"hp":17,"max_hp":53,"move":1,"type":1}],"offpool":[0,1,1,1,2,0],"player":{"def":0,"effects":[0,0,0,0],"hp":74,"max_hp":80},"pool":[]}
play 0 0 
{"deck":[0,0,0,0,0,1,1,1,1,2],"energy":1,"game_state":0,"hand":[0,1,0],"max_energy":3,"mobs":[{"def":0,"effects":[0,0,6,3],"hp":11,"max_hp":53,"move":1,"type":1}],"offpool":[0,1,1,1,2,0,0],"player":{"def":0,"effects":[0,0,0,0],"hp":74,"max_hp":80},"pool":[]}
play 2 0 
{"deck":[0,0,0,0,0,1,1,1,1,2],"energy":0,"game_state":0,"hand":[0,1],"max_energy":3,"mobs":[{"def":0,"effects":[0,0,6,3],"hp":5,"max_hp":53,"move":1,"type":1}],"offpool":[0,1,1,1,2,0,0,0],"player":{"def":0,"effects":[0,0,0,0],"hp":74,"max_hp":80},"pool":[]}
end 
{"deck":[0,0,0,0,0,1,1,1,1,2],"energy":3,"game_state":0,"hand":[0,1,0,1,1],"max_energy":3,"mobs":[{"def":0,"effects":[0,0,9,3],"hp":5,"max_hp":53,"move":1,"type":1}],"offpool":[],"player":{"def":0,"effects":[0,0,0,0],"hp":59,"max_hp":80},"pool":[0,2,1,0,0]}
play 2 0 
{"deck":[0,0,0,0,0,1,1,1,1,2],"game_state":2,"max_energy":3,"player":{"def":0,"effects":[0,0,0,0],"hp":59,"max_hp":80}}
===============RESET===============
{"game_state":3}
play 1 
{"deck":[0,0,0,0,0,1,1,1,1,2],"energy":3,"game_state":0,"hand":[0,0,1,0,1],"max_energy":3,"mobs":[{"def":0,"effects":[0,0,0,0],"hp":54,"max_hp":54,"move":3,"type":1}],"offpool":[],"player":{"def":0,"effects":[0,0,0,0],"hp":80,"max_hp":80},"pool":[0,1,2,1,0]}
play 0 0 
{"deck":[0,0,0,0,0,1,1,1,1,2],"energy":2,"game_state":0,"hand":[0,1,0,1],"max_energy":3,"mobs":[{"def":0,"effects":[0,0,0,0],"hp":48,"max_hp":54,"move":3,"type":1}],"offpool":[0],"player":{"def":0,"effects":[0,0,0,0],"hp":80,"max_hp":80},"pool":[0,1,2,1,0]}
play 0 0 
{"deck":[0,0,0,0,0,1,1,1,1,2],"energy":1,"game_state":0,"hand":[1,0,1],"max_energy":3,"mobs":[{"def":0,"effects":[0,0,0,0],"hp":42,"max_hp":54,"move":3,"type":1}],"offpool":[0,0],"player":{"def":0,"effects":[0,0,0,0],"hp":80,"max_hp":80},"pool":[0,1,2,1,0]}
play 1 0 
{"deck":[0,0,0,0,0,1,1,1,1,2],"energy":0,"game_state":0,"hand":[1,1],"max_energy":3,"mobs":[{"def":0,"effects":[0,0,0,0],"hp":36,"max_hp":54,"move":3,"type":1}],"offpool":[0,0,0],"player":{"def":0,"effects":[0,0,0,0],"hp":80,"max_hp":80},"pool":[0,1,2,1,0]}
end 
{"deck":[0,0,0,0,0,1,1,1,1,2],"energy":3,"game_state":0,"hand":[0,1,2,1,0],"max_energy":3,"mobs":[{"def":0,"effects":[0,0,0,3],"hp":36,"max_hp":54,"move":1,"type":1}],"offpool":[0,0,0,1,1],"player":{"def":0,"effects":[0,0,0,0],"hp":80,"max_hp":80},"pool":[]}
play 0 0 
{"deck":[0,0,0,0,0,1,1,1,1,2],"energy":2,"game_state":0,"hand":[1,2,1,0],"max_energy":3,"mobs":[{"def":0,"effects":[0,0,0,3],"hp":30,"max_hp":54,"move":1,"type":1}],"offpool":[0,0,0,1,1,0],"player":{"def":0,"effects":[0,0,0,0],"hp":80,"max_hp":80},"pool":[]}
play 3 0 
{"deck":[0,0,0,0,0,1,1,1,1,2],"energy":1,"game_state":0,"hand":[1,2,1],"max_energy":3,"mobs":[{"def":0,"effects":[0,0,0,3],"hp":24,"max_hp":54,"move":1,"type":1}],"offpool":[0,0,0,1,1,0,0],"player":{"def":0,"effects":[0,0,0,0],"hp":80,"max_hp":80},"pool":[]}
play 0 
{"deck":[0,0,0,0,0,1,1,1,1,2],"energy":0,"game_state":0,"hand":[2,1],"max_energy":3,"mobs":[{"def":0,"effects":[0,0,0,3],"hp":24,"max_hp":54,"move":1,"type":1}],"offpool":[0,0,0,1,1,0,0,1],"player":{"def":5,"effects":[0,0,0,0],"hp":80,"max_hp":80},"pool":[]}
end 
{"deck":[0,0,0,0,0,1,1,1,1,2],"energy":3,"game_state":0,"hand":[1,0,1,0,2],"max_energy":3,"mobs":[{"def":0,"effects":[0,0,3,3],"hp":24,"max_hp":54,"move":1,"type":1}],"offpool":[],"player":{"def":0,"effects":[0,0,0,0],"hp":76,"max_hp":80},"pool":[0,0,1,1,0]}
play 1 0 
{"deck":[0,0,0,0,0,1,1,1,1,2],"energy":2,"game_state":0,"hand":[1,1,0,2],"max_energy":3,"mobs":[{"def":0,"effects":[0,0,3,3],"hp":18,"max_hp":54,"move":1,"type":1}],"offpool":[0],"player":{"def":0,"effects":[0,0,0,0],"hp":76,"max_hp":80},"pool":[0,0,1,1,0]}
play 2 0 
{"deck":[0,0,0,0,0,1,1,1,1,2],"energy":1,"game_state":0,"hand":[1,1,2],"max_energy":3,"mobs":[{"def":0,"effects":[0,0,3,3],"hp":12,"max_hp":54,"move":1,"type":1}],"offpool":[0,0],"player":{"def":0,"effects":[0,0,0,0],"hp":76,"max_hp":80},"pool":[0,0,1,1,0]}
play 0 
{"deck":[0,0,0,0,0,1,1,1,1,2],"energy":0,"game_state":0,"hand":[1,2],"max_energy":3,"mobs":[{"def":0,"effects":[0,0,3,3],"hp":12,"max_hp":54,"move":1,"type":1}],"offpool":[0,0,1],"player":{"def":5,"effects":[0,0,0,0],"hp":76,"max_hp":80},"pool":[0,0,1,1,0]}
end 
{"deck":[0,0,0,0,0,1,1,1,1,2],"energy":3,"game_state":0,"hand":[0,1,1,0,0],"max_energy":3,"mobs":[{"def":0,"effects":[0,0,6,3],"hp":12,"max_hp":54,"move":1,"type":1}],"offpool":[0,0,1,2,1],"player":{"def":0,"effects":[0,0,0,0],"hp":69,"max_hp":80},"pool":[]}
play 0 0 
{"deck":[0,0,0,0,0,1,1,1,1,2],"energy":2,"game_state":0,"hand":[1,1,0,0],"max_energy":3,"mobs":[{"def":0,"effects":[0,0,6,3],"hp":6,"max_hp":54,"move":1,"type":1}],"offpool":[0,0,1,2,1,0],"player":{"def":0,"effects":[0,0,0,0],"hp":69,"max_hp":80},"pool":[]}
play 2 0 
{"deck":[0,0,0,0,0,1,1,1,1,2],"game_state":2,"max_energy":3,"player":{"def":0,"effects":[0,0,0,0],"hp":69,"max_hp":80}}
===============RESET===============
{"game_state":3}
play 1 
{"deck":[0,0,0,0,0,1,1,1,1,2],"energy":3,"game_state":0,"hand":[1,0,1,2,0],"max_energy":3,"mobs":[{"def":0,"effects":[0,0,0,0],"hp":54,"max_hp":54,"move":3,"type":1}],"offpool":[],"player":{"def":0,"effects":[0,0,0,0],"hp":80,"max_hp":80},"pool":[1,0,0,1,0]}
play 1 0 
{"deck":[0,0,0,0,0,1,1,1,1,2],"energy":2,"game_state":0,"hand":[1,1,2,0],"max_energy":3,"mobs":[{"def":0,"effects":[0,0,0,0],"hp":48,"max_hp":54,"move":3,"type":1}],"offpool":[0],"player":{"def":0,"effects":[0,0,0,0],"hp":80,"max_hp":80},"pool":[1,0,0,1,0]}
play 3 0 
{"deck":[0,0,0,0,0,1,1,1,1,2],"energy":1,"game_state":0,"hand":[1,1,2],"max_energy":3,"mobs":[{"def":0,"effects":[0,0,0,0],"hp":42,"max_hp":54,"move":3,"type":1}],"offpool":[0,0],"player":{"def":0,"effects":[0,0,0,0],"hp":80,"max_hp":80},"pool":[1,0,0,1,0]}
end 
{"deck":[0,0,0,0,0,1,1,1,1,2],"energy":3,"game_state":0,"hand":[0,1,0,0,1],"max_energy":3,"mobs":[{"def":0,"effects":[0,0,0,3],"hp":42,"max_hp":54,"move":1,"type":1}],"offpool":[0,0,2,1,1],"player":{"def":0,"effects":[0,0,0,0],"hp":80,"max_hp":80},"pool":[]}
play 0 0 
{"deck":[0,0,0,0,0,1,1,1,1,2],"energy":2,"game_state":0,"hand":[1,0,0,1],"max_energy":3,"mobs":[{"def":0,"effects":[0,0,0,3],"hp":36,"max_hp":54,"move":1,"type":1}],"offpool":[0,0,2,1,1,0],"player":{"def":0,"effects":[0,0,0,0],"hp":80,"max_hp":80},"pool":[]}
play 1 0 
{"deck":[0,0,0,0,0,1,1,1,1,2],"energy":1,"game_state":0,"hand":[1,0,1],"max_energy":3,"mobs":[{"def":0,"effects":[0,0,0,3],"hp":30,"max_hp":54,"move":1,"type":1}],"offpool":[0,0,2,1,1,0,0],"player":{"def":0,"effects":[0,0,0,0],"hp":80,"max_hp":80},"pool":[]}
play 1 0 
{"deck":[0,0,0,0,0,1,1,1,1,2],"energy":0,"game_state":0,"hand":[1,1],"max_energy":3,"mobs":[{"def":0,"effects":[0,0,0,3],"hp":24,"max_hp":54,"move":1,"type":1}],"offpool":[0,0,2,1,1,0,0,0],"player":{"def":0,"effects":[0,0,0,0],"hp":80,"max_hp":80},"pool":[]}
end 
{"deck":[0,0,0,0,0,1,1,1,1,2],"energy":3,"game_state":0,"hand":[1,0,0,0,1],"max_energy":3,"mobs":[{"def":0,"effects":[0,0,3,3],"hp":24,"max_hp":54,"move":1,"type":1}],"offpool":[],"player":{"def":0,"effects":[0,0,0,0],"hp":71,"max_hp":80},"pool":[0,0,2,1,1]}
play 2 0 
{"deck":[0,0,0,0,0,1,1,1,1,2],"energy":2,"game_state":0,"hand":[1,0,0,1],"max_energy":3,"mobs":[{"def":0,"effects":[0,0,3,3],"hp":18,"max_hp":54,"move":1,"type":1}],"offpool":[0],"player":{"def":0,"effects":[0,0,0,0],"hp":71,"max_hp":80},"pool":[0,0,2,1,1]}
play 1 0 
{"deck":[0,0,0,0,0,1,1,1,1,2],"energy":1,"game_state":0,"hand":[1,0,1],"max_energy":3,"mobs":[{"def":0,"effects":[0,0,3,3],"hp":12,"max_hp":54,"move":1,"type":1}],"offpool":[0,0],"player":{"def":0,"effects":[0,0,0,0],"hp":71,"max_hp":80},"pool":[0,0,2,1,1]}
play 1 0 
{"deck":[0,0,0,0,0,1,1,1,1,2],"energy":0,"game_state":0,"hand":[1,1],"max_energy":3,"mobs":[{"def":0,"effects":[0,0,3,3],"hp":6,"max_hp":54,"move":1,"type":1}],"offpool":[0,0,0],"player":{"def":0,"effects":[0,0,0,0],"hp":71,"max_hp":80},"pool":[0,0,2,1,1]}
end 
{"deck":[0,0,0,0,0,1,1,1,1,2],"energy":3,"game_state":0,"hand":[1,1,2,0,0],"max_energy":3,"mobs":[{"def":0,"effects":[0,0,6,3],"hp":6,"max_hp":54,"move":1,"type":1}],"offpool":[0,0,0,1,1],"player":{"def":0,"effects":[0,0,0,0],"hp":59,"max_hp":80},"pool":[]}
play 3 0 
{"deck":[0,0,0,0,0,1,1,1,1,2],"game_state":2,"max_energy":3,"player":{"def":0,"effects":[0,0,0,0],"hp":59,"max_hp":80}}
===============RESET===============
{"game_state":3}
play 1 
{"deck":[0,0,0,0,0,1,1,1,1,2],"energy":3,"game_state":0,"hand":[1,1,0,0,0],"max_energy":3,"mobs":[{"def":0,"effects":[0,0,0,0],"hp":53,"max_hp":53,"move":3,"type":1}],"offpool":[],"player":{"def":0,"effects":[0,0,0,0],"hp":80,"max_hp":80},"pool":[1,0,2,1,0]}
play 2 0 
{"deck":[0,0,0,0,0,1,1,1,1,2],"energy":2,"game_state":0,"hand":[1,1,0,0],"max_energy":3,"mobs":[{"def":0,"effects":[0,0,0,0],"hp":47,"max_hp":53,"move":3,"type":1}],"offpool":[0],"player":{"def":0,"effects":[0,0,0,0],"hp":80,"max_hp":80},"pool":[1,0,2,1,0]}
play 2 0 
{"deck":[0,0,0,0,0,1,1,1,1,2],"energy":1,"game_state":0,"hand":[1,1,0],"max_energy":3,"mobs":[{"def":0,"effects":[0,0,0,0],"hp":41,"max_hp":53,"move":3,"type":1}],"offpool":[0,0],"player":{"def":0,"effects":[0,0,0,0],"hp":80,"max_hp":80},"pool":[1,0,2,1,0]}
play 2 0 
{"deck":[0,0,0,0,0,1,1,1,1,2],"energy":0,"game_state":0,"hand":[1,1],"max_energy":3,"mobs":[{"def":0,"effects":[0,0,0,0],"hp":35,"max_hp":53,"move":3,"type":1}],"offpool":[0,0,0],"player":{"def":0,"effects":[0,0,0,0],"hp":80,"max_hp":80},"pool":[1,0,2,1,0]}
end 
{"deck":[0,0,0,0,0,1,1,1,1,2],"energy":3,"game_state":0,"hand":[0,1,2,0,1],"max_energy":3,"mobs":[{"def":0,"effects":[0,0,0,3],"hp":35,"max_hp":53,"move":1,"type":1}],"offpool":[0,0,0,1,1],"player":{"def":0,"effects":[0,0,0,0],"hp":80,"max_hp":80},"pool":[]}
play 0 0 
{"deck":[0,0,0,0,0,1,1,1,1,2],"energy":2,"game_state":0,"hand":[1,2,0,1],"max_energy":3,"mobs":[{"def":0,"effects":[0,0,0,3],"hp":29,"max_hp":53,"move":1,"type":1}],"offpool":[0,0,0,1,1,0],"player":{"def":0,"effects":[0,0,0,0],"hp":80,"max_hp":80},"pool":[]}
play 2 0 
{"deck":[0,0,0,0,0,1,1,1,1,2],"energy":1,"game_state":0,"hand":[1,2,1],"max_energy":3,"mobs":[{"def":0,"effects":[0,0,0,3],"hp":23,"max_hp":53,"move":1,"type":1}],"offpool":[0,0,0,1,1,0,0],"player":{"def":0,"effects":[0,0,0,0],"hp":80,"max_hp":80},"pool":[]}
play 0 
{"deck":[0,0,0,0,0,1,1,1,1,2],"energy":0,"game_state":0,"hand":[2,1],"max_energy":3,"mobs":[{"def":0,"effects":[0,0,0,3],"hp":23,"max_hp":53,"move":1,"type":1}],"offpool":[0,0,0,1,1,0,0,1],"player":{"def":5,"effects":[0,0,0,0],"hp":80,"max_hp":80},"pool":[]}
end 
{"deck":[0,0,0,0,0,1,1,1,1,2],"energy":3,"game_state":0,"hand":[2,0,0,0,1],"max_energy":3,"mobs":[{"def":0,"effects":[0,0,3,3],"hp":23,"max_hp":53,"move":1,"type":1}],"offpool":[],"player":{"def":0,"effects":[0,0,0,0],"hp":76,"max_hp":80},"pool":[0,1,1,1,0]}
play 2 0 
{"deck":[0,0,0,0,0,1,1,1,1,2],"energy":2,"game_state":0,"hand":[2,0,0,1],"max_energy":3,"mobs":[{"def":0,"effects":[0,0,3,3],"hp":17,"max_hp":53,"move":1,"type":1}],"offpool":[0],"player":{"def":0,"effects":[0,0,0,0],"hp":76,"max_hp":80},"pool":[0,1,1,1,0]}
play 1 0 
{"deck":[0,0,0,0,0,1,1,1,1,2],"energy":1,"game_state":0,"hand":[2,0,1],"max_energy":3,"mobs":[{"def":0,"effects":[0,0,3,3],"hp":11,"max_hp":53,"move":1,"type":1}],"offpool":[0,0],"player":{"def":0,"effects":[0,0,0,0],"hp":76,"max_hp":80},"pool":[0,1,1,1,0]}
play 2 
{"deck":[0,0,0,0,0,1,1,1,1,2],"energy":0,"game_state":0,"hand":[2,0],"max_energy":3,"mobs":[{"def":0,"effects":[0,0,3,3],"hp":11,"max_hp":53,"move":1,"type":1}],"offpool":[0,0,1],"player":{"def":5,"effects":[0,0,0,0],"hp":76,"max_hp":80},"pool":[0,1,1,1,0]}
end 
{"deck":[0,0,0,0,0,1,1,1,1,2],"energy":3,"game_state":0,"hand":[0,1,1,1,0],"max_energy":3,"mobs":[{"def":0,"effects":[0,0,6,3],"hp":11,"max_hp":53,"move":1,"type":1}],"offpool":[0,0,1,0,2],"player":{"def":0,"effects":[0,0,0,0],"hp":69,"max_hp":80},"pool":[]}
play 0 0 
{"deck":[0,0,0,0,0,1,1,1,1,2],"energy":2,"game_state":0,"hand":[1,1,1,0],"max_energy":3,"mobs":[{"def":0,"effects":[0,0,6,3],"hp":5,"max_hp":53,"move":1,"type":1}],"offpool":[0,0,1,0,2,0],"player":{"def":0,"effects":[0,0,0,0],"hp":69,"max_hp":80},"pool":[]}
play 3 0 
{"deck":[0,0,0,0,0,1,1,1,1,2],"game_state":2,"max_energy":3,"player":{"def":0,"effects":[0,0,0,0],"hp":69,"max_hp":80}}
===============RESET===============
{"game_state":3}
play 1 
{"deck":[0,0,0,0,0,1,1,1,1,2],"energy":3,"game_state":0,"hand":[1,1,2,1,0],"max_energy":3,"mobs":[{"def":0,"effects":[0,0,0,0],"hp":53,"max_hp":53,"move":3,"type":1}],"offpool":[],"player":{"def":0,"effects":[0,0,0,0],"hp":80,"max_hp":80},"pool":[0,0,0,0,1]}
play 0 
{"deck":[0,0,0,0,0,1,1,1,1,2],"energy":2,"game_state":0,"hand":[1,2,1,0],"max_energy":3,"mobs":[{"def":0,"effects":[0,0,0,0],"hp":53,"max_hp":53,"move":3,"type":1}],"offpool":[1],"player":{"def":5,"effects":[0,0,0,0],"hp":80,"max_hp":80},"pool":[0,0,0,0,1]}
play 3 0 
{"deck":[0,0,0,0,0,1,1,1,1,2],"energy":1,"game_state":0,"hand":[1,2,1],"max_energy":3,"mobs":[{"def":0,"effects":[0,0,0,0],"hp":47,"max_hp":53,"move":3,"type":1}],"offpool":[1,0],"player":{"def":5,"effects":[0,0,0,0],"hp":80,"max_hp":80},"pool":[0,0,0,0,1]}
end 
{"deck":[0,0,0,0,0,1,1,1,1,2],"energy":3,"game_state":0,"hand":[1,0,0,0,0],"max_energy":3,"mobs":[{"def":0,"effects":[0,0,0,3],"hp":47,"max_hp":53,"move":1,"type":1}],"offpool":[1,0,1,2,1],"player":{"def":0,"effects":[0,0,0,0],"hp":80,"max_hp":80},"pool":[]}
play 1 0 
{"deck":[0,0,0,0,0,1,1,1,1,2],"energy":2,"game_state":0,"hand":[1,0,0,0],"max_energy":3,"mobs":[{"def":0,"effects":[0,0,0,3],"hp":41,"max_hp":53,"move":1,"type":1}],"offpool":[1,0,1,2,1,0],"player":{"def":0,"effects":[0,0,0,0],"hp":80,"max_hp":80},"pool":[]}
play 1 0 
{"deck":[0,0,0,0,0,1,1,1,1,2],"energy":1,"game_state":0,"hand":[1,0,0],"max_energy":3,"mobs":[{"def":0,"effects":[0,0,0,3],"hp":35,"max_hp":53,"move":1,"type":1}],"offpool":[1,0,1,2,1,0,0],"player":{"def":0,"effects":[0,0,0,0],"hp":80,"max_hp":80},"pool":[]}
play 2 0 
{"deck":[0,0,0,0,0,1,1,1,1,2],"energy":0,"game_state":0,"hand":[1,0],"max_energy":3,"mobs":[{"def":0,"effects":[0,0,0,3],"hp":29,"max_hp":53,"move":1,"type":1}],"offpool":[1,0,1,2,1,0,0,0],"player":{"def":0,"effects":[0,0,0,0],"hp":80,"max_hp":80},"pool":[]}
end 
{"deck":[0,0,0,0,0,1,1,1,1,2],"energy":3,"game_state":0,"hand":[0,0,0,1,1],"max_energy":3,"mobs":[{"def":0,"effects":[0,0,3,3],"hp":29,"max_hp":53,"move":1,"type":1}],"offpool":[],"player":{"def":0,"effects":[0,0,0,0],"hp":71,"max_hp":80},"pool":[2,0,1,1,0]}
play 2 0 
{"deck":[0,0,0,0,0,1,1,1,1,2],"energy":2,"game_state":0,"hand":[0,0,1,1],"max_energy":3,"mobs":[{"def":0,"effects":[0,0,3,3],"hp":23,"max_hp":53,"move":1,"type":1}],"offpool":[0],"player":{"def":0,"effects":[0,0,0,0],"hp":71,"max_hp":80},"pool":[2,0,1,1,0]}
play 1 0 
{"deck":[0,0,0,0,0,1,1,1,1,2],"energy":1,"game_state":0,"hand":[0,1,1],"max_energy":3,"mobs":[{"def":0,"effects":[0,0,3,3],"hp":17,"max_hp":53,"move":1,"type":1}],"offpool":[0,0],"player":{"def":0,"effects":[0,0,0,0],"hp":71,"max_hp":80},"pool":[2,0,1,1,0]}
play 0 0 
{"deck":[0,0,0,0,0,1,1,1,1,2],"energy":0,"game_state":0,"hand":[1,1],"max_energy":3,"mobs":[{"def":0,"effects":[0,0,3,3],"hp":11,"max_hp":53,"move":1,"type":1}],"offpool":[0,0,0],"player":{"def":0,"effects":[0,0,0,0],"hp":71,"max_hp":80},"pool":[2,0,1,1,0]}
end 
{"deck":[0,0,0,0,0,1,1,1,1,2],"energy":3,"game_state":0,"hand":[0,1,1,0,2],"max_energy":3,"mobs":[{"def":0,"effects":[0,0,6,3],"hp":11,"max_hp":53,"move":1,"type":1}],"offpool":[0,0,0,1,1],"player":{"def":0,"effects":[0,0,0,0],"hp":59,"max_hp":80},"pool":[]}
play 0 0 
{"deck":[0,0,0,0,0,1,1,1,1,2],"energy":2,"game_state":0,"hand":[1,1,0,2],"max_energy":3,"mobs":[{"def":0,"effects":[0,0,6,3],"hp":5,"max_hp":53,"move":1,"type":1}],"offpool":[0,0,0,1,1,0],"player":{"def":0,"effects":[0,0,0,0],"hp":59,"max_hp":80},"pool":[]}
play 2 0 
{"deck":[0,0,0,0,0,1,1,1,1,2],"game_state":2,"max_energy":3,"player":{"def":0,"effects":[0,0,0,0],"hp":59,"max_hp":80}}
===============RESET===============
{"game_state":3}
play 1 
{"deck":[0,0,0,0,0,1,1,1,1,2],"energy":3,"game_state":0,"hand":[0,2,1,0,0],"max_energy":3,"mobs":[{"def":0,"effects":[0,0,0,0],"hp":53,"max_hp":53,"move":3,"type":1}],"offpool":[],"player":{"def":0,"effects":[0,0,0,0],"hp":80,"max_hp":80},"pool":[1,1,0,0,1]}
play 0 0 
{"deck":[0,0,0,0,0,1,1,1,1,2],"energy":2,"game_state":0,"hand":[2,1,0,0],"max_energy":3,"mobs":[{"def":0,"effects":[0,0,0,0],"hp":47,"max_hp":53,"move":3,"type":1}],"offpool":[0],"player":{"def":0,"effects":[0,0,0,0],"hp":80,"max_hp":80},"pool":[1,1,0,0,1]}
play 2 0 
{"deck":[0,0,0,0,0,1,1,1,1,2],"energy":1,"game_state":0,"hand":[2,1,0],"max_energy":3,"mobs":[{"def":0,"effects":[0,0,0,0],"hp":41,"max_hp":53,"move":3,"type":1}],"offpool":[0,0],"player":{"def":0,"effects":[0,0,0,0],"hp":80,"max_hp":80},"pool":[1,1,0,0,1]}
end 
{"deck":[0,0,0,0,0,1,1,1,1,2],"energy":3,"game_state":0,"hand":[1,0,0,1,1],"max_energy":3,"mobs":[{"def":0,"effects":[0,0,0,3],"hp":41,"max_hp":53,"move":1,"type":1}],"offpool":[0,0,0,1,2],"player":{"def":0,"effects":[0,0,0,0],"hp":80,"max_hp":80},"pool":[]}
play 2 0 
{"deck":[0,0,0,0,0,1,1,1,1,2],"energy":2,"game_state":0,"hand":[1,0,1,1],"max_energy":3,"mobs":[{"def":0,"effects":[0,0,0,3],"hp":35,"max_hp":53,"move":1,"type":1}],"offpool":[0,0,0,1,2,0],"player":{"def":0,"effects":[0,0,0,0],"hp":80,"max_hp":80},"pool":[]}
play 1 0 
{"deck":[0,0,0,0,0,1,1,1,1,2],"energy":1,"game_state":0,"hand":[1,1,1],"max_energy":3,"mobs":[{"def":0,"effects":[0,0,0,3],"hp":29,"max_hp":53,"move":1,"type":1}],"offpool":[0,0,0,1,2,0,0],"player":{"def":0,"effects":[0,0,0,0],"hp":80,"max_hp":80},"pool":[]}
play 0 
{"deck":[0,0,0,0,0,1,1,1,1,2],"energy":0,"game_state":0,"hand":[1,1],"max_energy":3,"mobs":[{"def":0,"effects":[0,0,0,3],"hp":29,"max_hp":53,"move":1,"type":1}],"offpool":[0,0,0,1,2,0,0,1],"player":{"def":5,"effects":[0,0,0,0],"hp":80,"max_hp":80},"pool":[]}
end 
{"deck":[0,0,0,0,0,1,1,1,1,2],"energy":3,"game_state":0,"hand":[0,2,0,0,1],"max_energy":3,"mobs":[{"def":0,"effects":[0,0,3,3],"hp":29,"max_hp":53,"move":1,"type":1}],"offpool":[],"player":{"def":0,"effects":[0,0,0,0],"hp":76,"max_hp":80},"pool":[1,0,1,1,0]}
play 0 0 
{"deck":[0,0,0,0,0,1,1,1,1,2],"energy":2,"game_state":0,"hand":[2,0,0,1],"max_energy":3,"mobs":[{"def":0,"effects":[0,0,3,3],"hp":23,"max_hp":53,"move":1,"type":1}],"offpool":[0],"player":{"def":0,"effects":[0,0,0,0],"hp":76,"max_hp":80},"pool":[1,0,1,1,0]}
play 1 0 
{"deck":[0,0,0,0,0,1,1,1,1,2],"energy":1,"game_state":0,"hand":[2,0,1],"max_energy":3,"mobs":[{"def":0,"effects":[0,0,3,3],"hp":17,"max_hp":53,"move":1,"type":1}],"offpool":[0,0],"player":{"def":0,"effects":[0,0,0,0],"hp":76,"max_hp":80},"pool":[1,0,1,1,0]}
play 2 
{"deck":[0,0,0,0,0,1,1,1,1,2],"energy":0,"game_state":0,"hand":[2,0],"max_energy":3,"mobs":[{"def":0,"effects":[0,0,3,3],"hp":17,"max_hp":53,"move":1,"type":1}],"offpool":[0,0,1],"player":{"def":5,"effects":[0,0,0,0],"hp":76,"max_hp":80},"pool":[1,0,1,1,0]}
end 
{"deck":[0,0,0,0,0,1,1,1,1,2],"energy":3,"game_state":0,"hand":[0,1,1,0,1],"max_energy":3,"mobs":[{"def":0,"effects":[0,0,6,3],"hp":17,"max_hp":53,"move":1,"type":1}],"offpool":[0,0,1,0,2],"player":{"def":0,"effects":[0,0,0,0],"hp":69,"max_hp":80},"pool":[]}
play 0 0 
{"deck":[0,0,0,0,0,1,1,1,1,2],"energy":2,"game_state":0,"hand":[1,1,0,1],"max_energy":3,"mobs":[{"def":0,"effects":[0,0,6,3],"hp":11,"max_hp":53,"move":1,"type":1}],"offpool":[0,0,1,0,2,0],"player":{"def":0,"effects":[0,0,0,0],"hp":69,"max_hp":80},"pool":[]}
play 2 0 
{"deck":[0,0,0,0,0,1,1,1,1,2],"energy":1,"game_state":0,"hand":[1,1,1],"max_energy":3,"mobs":[{"def":0,"effects":[0,0,6,3],"hp":5,"max_hp":53,"move":1,"type":1}],"offpool":[0,0,1,0,2,0,0],"player":{"def":0,"effects":[0,0,0,0],"hp":69,"max_hp":80},"pool":[]}
play 2 
{"deck":[0,0,0,0,0,1,1,1,1,2],"energy":0,"game_state":0,"hand":[1,1],"max_energy":3,"mobs":[{"def":0,"effects":[0,0,6,3],"hp":5,"max_hp":53,"move":1,"type":1}],"offpool":[0,0,1,0,2,0,0,1],"player":{"def":5,"effects":[0,0,0,0],"hp":69,"max_hp":80},"pool":[]}
end 
{"deck":[0,0,0,0,0,1,1,1,1,2],"energy":3,"game_state":0,"hand":[0,1,0,1,1],"max_energy":3,"mobs":[{"def":0,"effects":[0,0,9,3],"hp":5,"max_hp":53,"move":1,"type":1}],"offpool":[],"player":{"def":0,"effects":[0,0,0,0],"hp":59,"max_hp":80},"pool":[1,0,0,0,2]}
play 2 0 
{"deck":[0,0,0,0,0,1,1,1,1,2],"game_state":2,"max_energy":3,"player":{"def":0,"effects":[0,0,0,0],"hp":59,"max_hp":80}}
===============RESET===============
{"game_state":3}
play 1 
{"deck":[0,0,0,0,0,1,1,1,1,2],"energy":3,"game_state":0,"hand":[0,1,0,1,1],"max_energy":3,"mobs":[{"def":0,"effects":[0,0,0,0],"hp":54,"max_hp":54,"move":3,"type":1}],"offpool":[],"player":{"def":0,"effects":[0,0,0,0],"hp":80,"max_hp":80},"pool":[0,1,0,0,2]}
play 2 0 
{"deck":[0,0,0,0,0,1,1,1,1,2],"energy":2,"game_state":0,"hand":[0,1,1,1],"max_energy":3,"mobs":[{"def":0,"effects":[0,0,0,0],"hp":48,"max_hp":54,"move":3,"type":1}],"offpool":[0],"player":{"def":0,"effects":[0,0,0,0],"hp":80,"max_hp":80},"pool":[0,1,0,0,2]}
play 0 0 
{"deck":[0,0,0,0,0,1,1,1,1,2],"energy":1,"game_state":0,"hand":[1,1,1],"max_energy":3,"mobs":[{"def":0,"effects":[0,0,0,0],"hp":42,"max_hp":54,"move":3,"type":1}],"offpool":[0,0],"player":{"def":0,"effects":[0,0,0,0],"hp":80,"max_hp":80},"pool":[0,1,0,0,2]}
end 
{"deck":[0,0,0,0,0,1,1,1,1,2],"energy":3,"game_state":0,"hand":[2,0,0,1,0],"max_energy":3,"mobs":[{"def":0,"effects":[0,0,0,3],"hp":42,"max_hp":54,"move":1,"type":1}],"offpool":[0,0,1,1,1],"player":{"def":0,"effects":[0,0,0,0],"hp":80,"max_hp":80},"pool":[]}
play 1 0 
{"deck":[0,0,0,0,0,1,1,1,1,2],"energy":2,"game_state":0,"hand":[2,0,1,0],"max_energy":3,"mobs":[{"def":0,"effects":[0,0,0,3],"hp":36,"max_hp":54,"move":1,"type":1}],"offpool":[0,0,1,1,1,0],"player":{"def":0,"effects":[0,0,0,0],"hp":80,"max_hp":80},"pool":[]}
play 1 0 
{"deck":[0,0,0,0,0,1,1,1,1,2],"energy":1,"game_state":0,"hand":[2,1,0],"max_energy":3,"mobs":[{"def":0,"effects":[0,0,0,3],"hp":30,"max_hp":54,"move":1,"type":1}],"offpool":[0,0,1,1,1,0,0],"player":{"def":0,"effects":[0,0,0,0],"hp":80,"max_hp":80},"pool":[]}
play 2 0 
{"deck":[0,0,0,0,0,1,1,1,1,2],"energy":0,"game_state":0,"hand":[2,1],"max_energy":3,"mobs":[{"def":0,"effects":[0,0,0,3],"hp":24,"max_hp":54,"move":1,"type":1}],"offpool":[0,0,1,1,1,0,0,0],"player":{"def":0,"effects":[0,0,0,0],"hp":80,"max_hp":80},"pool":[]}
end 
{"deck":[0,0,0,0,0,1,1,1,1,2],"energy":3,"game_state":0,"hand":[0,1,1,0,0],"max_energy":3,"mobs":[{"def":0,"effects":[0,0,3,3],"hp":24,"max_hp":54,"move":1,"type":1}],"offpool":[],"player":{"def":0,"effects":[0,0,0,0],"hp":71,"max_hp":80},"pool":[1,1,0,0,2]}
play 0 0 
{"deck":[0,0,0,0,0,1,1,1,1,2],"energy":2,"game_state":0,"hand":[1,1,0,0],"max_energy":3,"mobs":[{"def":0,"effects":[0,0,3,3],"hp":18,"max_hp":54,"move":1,"type":1}],"offpool":[0],"player":{"def":0,"effects":[0,0,0,0],"hp":71,"max_hp":80},"pool":[1,1,0,0,2]}
play 2 0 
{"deck":[0,0,0,0,0,1,1,1,1,2],"energy":1,"game_state":0,"hand":[1,1,0],"max_energy":3,"mobs":[{"def":0,"effects":[0,0,3,3],"hp":12,"max_hp":54,"move":1,"type":1}],"offpool":[0,0],"player":{"def":0,"effects":[0,0,0,0],"hp":71,"max_hp":80},"pool":[1,1,0,0,2]}
play 2 0 
{"deck":[0,0,0,0,0,1,1,1,1,2],"energy":0,"game_state":0,"hand":[1,1],"max_energy":3,"mobs":[{"def":0,"effects":[0,0,3,3],"hp":6,"max_hp":54,"move":1,"type":1}],"offpool":[0,0,0],"player":{"def":0,"effects":[0,0,0,0],"hp":71,"max_hp":80},"pool":[1,1,0,0,2]}
end 
{"deck":[0,0,0,0,0,1,1,1,1,2],"energy":3,"game_state":0,"hand":[2,0,0,1,1],"max_energy":3,"mobs":[{"def":0,"effects":[0,0,6,3],"hp":6,"max_hp":54,"move":1,"type":1}],"offpool":[0,0,0,1,1],"player":{"def":0,"effects":[0,0,0,0],"hp":59,"max_hp":80},"pool":[]}
play 2 0 
{"deck":[0,0,0,0,0,1,1,1,1,2],"game_state":2,"max_energy":3,"player":{"def":0,"effects":[0,0,0,0],"hp":59,"max_hp":80}}
===============RESET===============
{"game_state":3}
play 1 
{"deck":[0,0,0,0,0,1,1,1,1,2],"energy":3,"game_state":0,"hand":[1,1,2,0,1],"max_energy":3,"mobs":[{"def":0,"effects":[0,0,0,0],"hp":52,"max_hp":52,"move":3,"type":1}],"offpool":[],"player":{"def":0,"effects":[0,0,0,0],"hp":80,"max_hp":80},"pool":[0,0,0,0,1]}
play 3 0 
{"deck":[0,0,0,0,0,1,1,1,1,2],"energy":2,"game_state":0,"hand":[1,1,2,1],"max_energy":3,"mobs":[{"def":0,"effects":[0,0,0,0],"hp":46,"max_hp":52,"move":3,"type":1}],"offpool":[0],"player":{"def":0,"effects":[0,0,0,0],"hp":80,"max_hp":80},"pool":[0,0,0,0,1]}
end 
{"deck":[0,0,0,0,0,1,1,1,1,2],"energy":3,"game_state":0,"hand":[1,0,0,0,0],"max_energy":3,"mobs":[{"def":0,"effects":[0,0,0,3],"hp":46,"max_hp":52,"move":1,"type":1}],"offpool":[0,1,2,1,1],"player":{"def":0,"effects":[0,0,0,0],"hp":80,"max_hp":80},"pool":[]}
play 1 0 
{"deck":[0,0,0,0,0,1,1,1,1,2],"energy":2,"game_state":0,"hand":[1,0,0,0],"max_energy":3,"mobs":[{"def":0,"effects":[0,0,0,3],"hp":40,"max_hp":52,"move":1,"type":1}],"offpool":[0,1,2,1,1,0],"player":{"def":0,"effects":[0,0,0,0],"hp":80,"max_hp":80},"pool":[]}
play 1 0 
{"deck":[0,0,0,0,0,1,1,1,1,2],"energy":1,"game_state":0,"hand":[1,0,0],"max_energy":3,"mobs":[{"def":0,"effects":[0,0,0,3],"hp":34,"max_hp":52,"move":1,"type":1}],"offpool":[0,1,2,1,1,0,0],"player":{"def":0,"effects":[0,0,0,0],"hp":80,"max_hp":80},"pool":[]}
play 2 0 
{"deck":[0,0,0,0,0,1,1,1,1,2],"energy":0,"game_state":0,"hand":[1,0],"max_energy":3,"mobs":[{"def":0,"effects":[0,0,0,3],"hp":28,"max_hp":52,"move":1,"type":1}],"offpool":[0,1,2,1,1,0,0,0],"player":{"def":0,"effects":[0,0,0,0],"hp":80,"max_hp":80},"pool":[]}
end 
{"deck":[0,0,0,0,0,1,1,1,1,2],"energy":3,"game_state":0,"hand":[2,1,1,1,0],"max_energy":3,"mobs":[{"def":0,"effects":[0,0,3,3],"hp":28,"max_hp":52,"move":1,"type":1}],"offpool":[],"player":{"def":0,"effects":[0,0,0,0],"hp":71,"max_hp":80},"pool":[0,1,0,0,0]}
play 4 0 
{"deck":[0,0,0,0,0,1,1,1,1,2],"energy":2,"game_state":0,"hand":[2,1,1,1],"max_energy":3,"mobs":[{"def":0,"effects":[0,0,3,3],"hp":22,"max_hp":52,"move":1,"type":1}],"offpool":[0],"player":{"def":0,"effects":[0,0,0,0],"hp":71,"max_hp":80},"pool":[0,1,0,0,0]}
play 1 
{"deck":[0,0,0,0,0,1,1,1,1,2],"energy":1,"game_state":0,"hand":[2,1,1],"max_energy":3,"mobs":[{"def":0,"effects":[0,0,3,3],"hp":22,"max_hp":52,"move":1,"type":1}],"offpool":[0,1],"player":{"def":5,"effects":[0,0,0,0],"hp":71,"max_hp":80},"pool":[0,1,0,0,0]}
play 2 
{"deck":[0,0,0,0,0,1,1,1,1,2],"energy":0,"game_state":0,"hand":[2,1],"max_energy":3,"mobs":[{"def":0,"effects":[0,0,3,3],"hp":22,"max_hp":52,"move":1,"type":1}],"offpool":[0,1,1],"player":{"def":10,"effects":[0,0,0,0],"hp":71,"max_hp":80},"pool":[0,1,0,0,0]}
end 
{"deck":[0,0,0,0,0,1,1,1,1,2],"energy":3,"game_state":0,"hand":[0,0,0,1,0],"max_energy":3,"mobs":[{"def":0,"effects":[0,0,6,3],"hp":22,"max_hp":52,"move":1,"type":1}],"offpool":[0,1,1,1,2],"player":{"def":0,"effects":[0,0,0,0],"hp":69,"max_hp":80},"pool":[]}
play 1 0 
{"deck":[0,0,0,0,0,1,1,1,1,2],"energy":2,"game_state":0,"hand":[0,0,1,0],"max_energy":3,"mobs":[{"def":0,"effects":[0,0,6,3],"hp":16,"max_hp":52,"move":1,"type":1}],"offpool":[0,1,1,1,2,0],"player":{"def":0,"effects":[0,0,0,0],"hp":69,"max_hp":80},"pool":[]}
play 0 0 
{"deck":[0,0,0,0,0,1,1,1,1,2],"energy":1,"game_state":0,"hand":[0,1,0],"max_energy":3,"mobs":[{"def":0,"effects":[0,0,6,3],"hp":10,"max_hp":52,"move":1,"type":1}],"offpool":[0,1,1,1,2,0,0],"player":{"def":0,"effects":[0,0,0,0],"hp":69,"max_hp":80},"pool":[]}
play 2 0 
{"deck":[0,0,0,0,0,1,1,1,1,2],"energy":0,"game_state":0,"hand":[0,1],"max_energy":3,"mobs":[{"def":0,"effects":[0,0,6,3],"hp":4,"max_hp":52,"move":1,"type":1}],"offpool":[0,1,1,1,2,0,0,0],"player":{"def":0,"effects":[0,0,0,0],"hp":69,"max_hp":80},"pool":[]}
end 
{"deck":[0,0,0,0,0,1,1,1,1,2],"energy":3,"game_state":0,"hand":[1,1,1,0,0],"max_energy":3,"mobs":[{"def":0,"effects":[0,0,9,3],"hp":4,"max_hp":52,"move":1,"type":1}],"offpool":[],"player":{"def":0,"effects":[0,0,0,0],"hp":54,"max_hp":80},"pool":[0,0,2,0,1]}
play 3 0 
{"deck":[0,0,0,0,0,1,1,1,1,2],"game_state":2,"max_energy":3,"player":{"def":0,"effects":[0,0,0,0],"hp":54,"max_hp":80}}
===============RESET===============
{"game_state":3}
play 1 
{"deck":[0,0,0,0,0,1,1,1,1,2],"energy":3,"game_state":0,"hand":[1,1,0,2,0],"max_energy":3,"mobs":[{"def":0,"effects":[0,0,0,0],"hp":50,"max_hp":50,"move":3,"type":1}],"offpool":[],"player":{"def":0,"effects":[0,0,0,0],"hp":80,"max_hp":80},"pool":[0,1,0,1,0]}
play 2 0 
{"deck":[0,0,0,0,0,1,1,1,1,2],"energy":2,"game_state":0,"hand":[1,1,2,0],"max_energy":3,"mobs":[{"def":0,"effects":[0,0,0,0],"hp":44,"max_hp":50,"move":3,"type":1}],"offpool":[0],"player":{"def":0,"effects":[0,0,0,0],"hp":80,"max_hp":80},"pool":[0,1,0,1,0]}
play 3 0 
{"deck":[0,0,0,0,0,1,1,1,1,2],"energy":1,"game_state":0,"hand":[1,1,2],"max_energy":3,"mobs":[{"def":0,"effects":[0,0,0,0],"hp":38,"max_hp":50,"move":3,"type":1}],"offpool":[0,0],"player":{"def":0,"effects":[0,0,0,0],"hp":80,"max_hp":80},"pool":[0,1,0,1,0]}
end 
{"deck":[0,0,0,0,0,1,1,1,1,2],"energy":3,"game_state":0,"hand":[0,1,0,1,0],"max_energy":3,"mobs":[{"def":0,"effects":[0,0,0,3],"hp":38,"max_hp":50,"move":1,"type":1}],"offpool":[0,0,2,1,1],"player":{"def":0,"effects":[0,0,0,0],"hp":80,"max_hp":80},"pool":[]}
play 0 0 
{"deck":[0,0,0,0,0,1,1,1,1,2],"energy":2,"game_state":0,"hand":[1,0,1,0],"max_energy":3,"mobs":[{"def":0,"effects":[0,0,0,3],"hp":32,"max_hp":50,"move":1,"type":1}],"offpool":[0,0,2,1,1,0],"player":{"def":0,"effects":[0,0,0,0],"hp":80,"max_hp":80},"pool":[]}
play 1 0 
{"deck":[0,0,0,0,0,1,1,1,1,2],"energy":1,"game_state":0,"hand":[1,1,0],"max_energy":3,"mobs":[{"def":0,"effects":[0,0,0,3],"hp":26,"max_hp":50,"move":1,"type":1}],"offpool":[0,0,2,1,1,0,0],"player":{"def":0,"effects":[0,0,0,0],"hp":80,"max_hp":80},"pool":[]}
play 2 0 
{"deck":[0,0,0,0,0,1,1,1,1,2],"energy":0,"game_state":0,"hand":[1,1],"max_energy":3,"mobs":[{"def":0,"effects":[0,0,0,3],"hp":20,"max_hp":50,"move":1,"type":1}],"offpool":[0,0,2,1,1,0,0,0],"player":{"def":0,"effects":[0,0,0,0],"hp":80,"max_hp":80},"pool":[]}
end 
{"deck":[0,0,0,0,0,1,1,1,1,2],"energy":3,"game_state":0,"hand":[1,1,0,0,0],"max_energy":3,"mobs":[{"def":0,"effects":[0,0,3,3],"hp":20,"max_hp":50,"move":1,"type":1}],"offpool":[],"player":{"def":0,"effects":[0,0,0,0],"hp":71,"max_hp":80},"pool":[1,0,2,1,0]}
play 2 0 
{"deck":[0,0,0,0,0,1,1,1,1,2],"energy":2,"game_state":0,"hand":[1,1,0,0],"max_energy":3,"mobs":[{"def":0,"effects":[0,0,3,3],"hp":14,"max_hp":50,"move":1,"type":1}],"offpool":[0],"player":{"def":0,"effects":[0,0,0,0],"hp":71,"max_hp":80},"pool":[1,0,2,1,0]}
play 2 0 
{"deck":[0,0,0,0,0,1,1,1,1,2],"energy":1,"game_state":0,"hand":[1,1,0],"max_energy":3,"mobs":[{"def":0,"effects":[0,0,3,3],"hp":8,"max_hp":50,"move":1,"type":1}],"offpool":[0,0],"player":{"def":0,"effects":[0,0,0,0],"hp":71,"max_hp":80},"pool":[1,0,2,1,0]}
play 2 0 
{"deck":[0,0,0,0,0,1,1,1,1,2],"energy":0,"game_state":0,"hand":[1,1],"max_energy":3,"mobs":[{"def":0,"effects":[0,0,3,3],"hp":2,"max_hp":50,"move":1,"type":1}],"offpool":[0,0,0],"player":{"def":0,"effects":[0,0,0,0],"hp":71,"max_hp":80},"pool":[1,0,2,1,0]}
end 
{"deck":[0,0,0,0,0,1,1,1,1,2],"energy":3,"game_state":0,"hand":[0,1,2,0,1],"max_energy":3,"mobs":[{"def":0,"effects":[0,0,6,3],"hp":2,"max_hp":50,"move":1,"type":1}],"offpool":[0,0,0,1,1],"player":{"def":0,"effects":[0,0,0,0],"hp":59,"max_hp":80},"pool":[]}
play 0 0 
{"deck":[0,0,0,0,0,1,1,1,1,2],"game_state":2,"max_energy":3,"player":{"def":0,"effects":[0,0,0,0],"hp":59,"max_hp":80}}
===============RESET===============
{"game_state":3}
play 1 
{"deck":[0,0,0,0,0,1,1,1,1,2],"energy":3,"game_state":0,"hand":[2,1,0,0,1],"max_energy":3,"mobs":[{"def":0,"effects":[0,0,0,0],"hp":51,"max_hp":51,"move":3,"type":1}],"offpool":[],"player":{"def":0,"effects":[0,0,0,0],"hp":80,"max_hp":80},"pool":[0,1,1,0,0]}
play 2 0 
{"deck":[0,0,0,0,0,1,1,1,1,2],"energy":2,"game_state":0,"hand":[2,1,0,1],"max_energy":3,"mobs":[{"def":0,"effects":[0,0,0,0],"hp":45,"max_hp":51,"move":3,"type":1}],"offpool":[0],"player":{"def":0,"effects":[0,0,0,0],"hp":80,"max_hp":80},"pool":[0,1,1,0,0]}
play 2 0 
{"deck":[0,0,0,0,0,1,1,1,1,2],"energy":1,"game_state":0,"hand":[2,1,1],"max_energy":3,"mobs":[{"def":0,"effects":[0,0,0,0],"hp":39,"max_hp":51,"move":3,"type":1}],"offpool":[0,0],"player":{"def":0,"effects":[0,0,0,0],"hp":80,"max_hp":80},"pool":[0,1,1,0,0]}
end 
{"deck":[0,0,0,0,0,1,1,1,1,2],"energy":3,"game_state":0,"hand":[0,0,1,1,0],"max_energy":3,"mobs":[{"def":0,"effects":[0,0,0,3],"hp":39,"max_hp":51,"move":1,"type":1}],"offpool":[0,0,1,1,2],"player":{"def":0,"effects":[0,0,0,0],"hp":80,"max_hp":80},"pool":[]}
play 0 0 
{"deck":[0,0,0,0,0,1,1,1,1,2],"energy":2,"game_state":0,"hand":[0,1,1,0],"max_energy":3,"mobs":[{"def":0,"effects":[0,0,0,3],"hp":33,"max_hp":51,"move":1,"type":1}],"offpool":[0,0,1,1,2,0],"player":{"def":0,"effects":[0,0,0,0],"hp":80,"max_hp":80},"pool":[]}
play 0 0 
{"deck":[0,0,0,0,0,1,1,1,1,2],"energy":1,"game_state":0,"hand":[1,1,0],"max_energy":3,"mobs":[{"def":0,"effects":[0,0,0,3],"hp":27,"max_hp":51,"move":1,"type":1}],"offpool":[0,0,1,1,2,0,0],"player":{"def":0,"effects":[0,0,0,0],"hp":80,"max_hp":80},"pool":[]}
play 2 0 
{"deck":[0,0,0,0,0,1,1,1,1,2],"energy":0,"game_state":0,"hand":[1,1],"max_energy":3,"mobs":[{"def":0,"effects":[0,0,0,3],"hp":21,"max_hp":51,"move":1,"type":1}],"offpool":[0,0,1,1,2,0,0,0],"player":{"def":0,"effects":[0,0,0,0],"hp":80,"max_hp":80},"pool":[]}
end 
{"deck":[0,0,0,0,0,1,1,1,1,2],"energy":3,"game_state":0,"hand":[1,0,2,1,0],"max_energy":3,"mobs":[{"def":0,"effects":[0,0,3,3],"hp":21,"max_hp":51,"move":1,"type":1}],"offpool":[],"player":{"def":0,"effects":[0,0,0,0],"hp":71,"max_hp":80},"pool":[1,1,0,0,0]}
play 1 0 
{"deck":[0,0,0,0,0,1,1,1,1,2],"energy":2,"game_state":0,"hand":[1,2,1,0],"max_energy":3,"mobs":[{"def":0,"effects":[0,0,3,3],"hp":15,"max_hp":51,"move":1,"type":1}],"offpool":[0],"player":{"def":0,"effects":[0,0,0,0],"hp":71,"max_hp":80},"pool":[1,1,0,0,0]}
play 3 0 
{"deck":[0,0,0,0,0,1,1,1,1,2],"energy":1,"game_state":0,"hand":[1,2,1],"max_energy":3,"mobs":[{"def":0,"effects":[0,0,3,3],"hp":9,"max_hp":51,"move":1,"type":1}],"offpool":[0,0],"player":{"def":0,"effects":[0,0,0,0],"hp":71,"max_hp":80},"pool":[1,1,0,0,0]}
play 0 
{"deck":[0,0,0,0,0,1,1,1,1,2],"energy":0,"game_state":0,"hand":[2,1],"max_energy":3,"mobs":[{"def":0,"effects":[0,0,3,3],"hp":9,"max_hp":51,"move":1,"type":1}],"offpool":[0,0,1],"player":{"def":5,"effects":[0,0,0,0],"hp":71,"max_hp":80},"pool":[1,1,0,0,0]}
end 
{"deck":[0,0,0,0,0,1,1,1,1,2],"energy":3,"game_state":0,"hand":[0,0,0,1,1],"max_energy":3,"mobs":[{"def":0,"effects":[0,0,6,3],"hp":9,"max_hp":51,"move":1,"type":1}],"offpool":[0,0,1,1,2],"player":{"def":0,"effects":[0,0,0,0],"hp":64,"max_hp":80},"pool":[]}
play 2 0 
{"deck":[0,0,0,0,0,1,1,1,1,2],"energy":2,"game_state":0,"hand":[0,0,1,1],"max_energy":3,"mobs":[{"def":0,"effects":[0,0,6,3],"hp":3,"max_hp":51,"move":1,"type":1}],"offpool":[0,0,1,1,2,0],"player":{"def":0,"effects":[0,0,0,0],"hp":64,"max_hp":80},"pool":[]}
play 1 0 
{"deck":[0,0,0,0,0,1,1,1,1,2],"game_state":2,"max_energy":3,"player":{"def":0,"effects":[0,0,0,0],"hp":64,"max_hp":80}}
===============RESET===============
{"game_state":3}
play 1 
{"deck":[0,0,0,0,0,1,1,1,1,2],"energy":3,"game_state":0,"hand":[1,0,2,1,0],"max_energy":3,"mobs":[{"def":0,"effects":[0,0,0,0],"hp":52,"max_hp":52,"move":3,"type":1}],"offpool":[],"player":{"def":0,"effects":[0,0,0,0],"hp":80,"max_hp":80},"pool":[1,0,0,1,0]}
play 1 0 
{"deck":[0,0,0,0,0,1,1,1,1,2],"energy":2,"game_state":0,"hand":[1,2,1,0],"max_energy":3,"mobs":[{"def":0,"effects":[0,0,0,0],"hp":46,"max_hp":52,"move":3,"type":1}],"offpool":[0],"player":{"def":0,"effects":[0,0,0,0],"hp":80,"max_hp":80},"pool":[1,0,0,1,0]}
play 3 0 
{"deck":[0,0,0,0,0,1,1,1,1,2],"energy":1,"game_state":0,"hand":[1,2,1],"max_energy":3,"mobs":[{"def":0,"effects":[0,0,0,0],"hp":40,"max_hp":52,"move":3,"type":1}],"offpool":[0,0],"player":{"def":0,"effects":[0,0,0,0],"hp":80,"max_hp":80},"pool":[1,0,0,1,0]}
end 
{"deck":[0,0,0,0,0,1,1,1,1,2],"energy":3,"game_state":0,"hand":[0,1,0,0,1],"max_energy":3,"mobs":[{"def":0,"effects":[0,0,0,3],"hp":40,"max_hp":52,"move":1,"type":1}],"offpool":[0,0,1,2,1],"player":{"def":0,"effects":[0,0,0,0],"hp":80,"max_hp":80},"pool":[]}
play 0 0 
{"deck":[0,0,0,0,0,1,1,1,1,2],"energy":2,"game_state":0,"hand":[1,0,0,1],"max_energy":3,"mobs":[{"def":0,"effects":[0,0,0,3],"hp":34,"max_hp":52,"move":1,"type":1}],"offpool":[0,0,1,2,1,0],"player":{"def":0,"effects":[0,0,0,0],"hp":80,"max_hp":80},"pool":[]}
play 1 0 
{"deck":[0,0,0,0,0,1,1,1,1,2],"energy":1,"game_state":0,"hand":[1,0,1],"max_energy":3,"mobs":[{"def":0,"effects":[0,0,0,3],"hp":28,"max_hp":52,"move":1,"type":1}],"offpool":[0,0,1,2,1,0,0],"player":{"def":0,"effects":[0,0,0,0],"hp":80,"max_hp":80},"pool":[]}
play 1 0 
{"deck":[0,0,0,0,0,1,1,1,1,2],"energy":0,"game_state":0,"hand":[1,1],"max_energy":3,"mobs":[{"def":0,"effects":[0,0,0,3],"hp":22,"max_hp":52,"move":1,"type":1}],"offpool":[0,0,1,2,1,0,0,0],"player":{"def":0,"effects":[0,0,0,0],"hp":80,"max_hp":80},"pool":[]}
end 
{"deck":[0,0,0,0,0,1,1,1,1,2],"energy":3,"game_state":0,"hand":[0,2,0,0,0],"max_energy":3,"mobs":[{"def":0,"effects":[0,0,3,3],"hp":22,"max_hp":52,"move":1,"type":1}],"offpool":[],"player":{"def":0,"effects":[0,0,0,0],"hp":71,"max_hp":80},"pool":[1,1,1,1,0]}
play 2 0 
{"deck":[0,0,0,0,0,1,1,1,1,2],"energy":2,"game_state":0,"hand":[0,2,0,0],"max_energy":3,"mobs":[{"def":0,"effects":[0,0,3,3],"hp":16,"max_hp":52,"move":1,"type":1}],"offpool":[0],"player":{"def":0,"effects":[0,0,0,0],"hp":71,"max_hp":80},"pool":[1,1,1,1,0]}
play 0 0 
{"deck":[0,0,0,0,0,1,1,1,1,2],"energy":1,"game_state":0,"hand":[2,0,0],"max_energy":3,"mobs":[{"def":0,"effects":[0,0,3,3],"hp":10,"max_hp":52,"move":1,"type":1}],"offpool":[0,0],"player":{"def":0,"effects":[0,0,0,0],"hp":71,"max_hp":80},"pool":[1,1,1,1,0]}
play 2 0 
{"deck":[0,0,0,0,0,1,1,1,1,2],"energy":0,"game_state":0,"hand":[2,0],"max_energy":3,"mobs":[{"def":0,"effects":[0,0,3,3],"hp":4,"max_hp":52,"move":1,"type":1}],"offpool":[0,0,0],"player":{"def":0,"effects":[0,0,0,0],"hp":71,"max_hp":80},"pool":[1,1,1,1,0]}
end 
{"deck":[0,0,0,0,0,1,1,1,1,2],"energy":3,"game_state":0,"hand":[0,1,1,1,1],"max_energy":3,"mobs":[{"def":0,"effects":[0,0,6,3],"hp":4,"max_hp":52,"move":1,"type":1}],"offpool":[0,0,0,0,2],"player":{"def":0,"effects":[0,0,0,0],"hp":59,"max_hp":80},"pool":[]}
play 0 0 
{"deck":[0,0,0,0,0,1,1,1,1,2],"game_state":2,"max_energy":3,"player":{"def":0,"effects":[0,0,0,0],"hp":59,"max_hp":80}}
===============RESET===============
{"game_state":3}
play 1 
{"deck":[0,0,0,0,0,1,1,1,1,2],"energy":3,"game_state":0,"hand":[0,2,1,1,0],"max_energy":3,"mobs":[{"def":0,"effects":[0,0,0,0],"hp":54,"max_hp":54,"move":3,"type":1}],"offpool":[],"player":{"def":0,"effects":[0,0,0,0],"hp":80,"max_hp":80},"pool":[0,1,0,0,1]}
play 0 0 
{"deck":[0,0,0,0,0,1,1,1,1,2],"energy":2,"game_state":0,"hand":[2,1,1,0],"max_energy":3,"mobs":[{"def":0,"effects":[0,0,0,0],"hp":48,"max_hp":54,"move":3,"type":1}],"offpool":[0],"player":{"def":0,"effects":[0,0,0,0],"hp":80,"max_hp":80},"pool":[0,1,0,0,1]}
play 3 0 
{"deck":[0,0,0,0,0,1,1,1,1,2],"energy":1,"game_state":0,"hand":[2,1,1],"max_energy":3,"mobs":[{"def":0,"effects":[0,0,0,0],"hp":42,"max_hp":54,"move":3,"type":1}],"offpool":[0,0],"player":{"def":0,"effects":[0,0,0,0],"hp":80,"max_hp":80},"pool":[0,1,0,0,1]}
end 
{"deck":[0,0,0,0,0,1,1,1,1,2],"energy":3,"game_state":0,"hand":[1,0,0,1,0],"max_energy":3,"mobs":[{"def":0,"effects":[0,0,0,3],"hp":42,"max_hp":54,"move":1,"type":1}],"offpool":[0,0,1,1,2],"player":{"def":0,"effects":[0,0,0,0],"hp":80,"max_hp":80},"pool":[]}
play 1 0 
{"deck":[0,0,0,0,0,1,1,1,1,2],"energy":2,"game_state":0,"hand":[1,0,1,0],"max_energy":3,"mobs":[{"def":0,"effects":[0,0,0,3],"hp":36,"max_hp":54,"move":1,"type":1}],"offpool":[0,0,1,1,2,0],"player":{"def":0,"effects":[0,0,0,0],"hp":80,"max_hp":80},"pool":[]}
play 1 0 
{"deck":[0,0,0,0,0,1,1,1,1,2],"energy":1,"game_state":0,"hand":[1,1,0],"max_energy":3,"mobs":[{"def":0,"effects":[0,0,0,3],"hp":30,"max_hp":54,"move":1,"type":1}],"offpool":[0,0,1,1,2,0,0],"player":{"def":0,"effects":[0,0,0,0],"hp":80,"max_hp":80},"pool":[]}
play 2 0 
{"deck":[0,0,0,0,0,1,1,1,1,2],"energy":0,"game_state":0,"hand":[1,1],"max_energy":3,"mobs":[{"def":0,"effects":[0,0,0,3],"hp":24,"max_hp":54,"move":1,"type":1}],"offpool":[0,0,1,1,2,0,0,0],"player":{"def":0,"effects":[0,0,0,0],"hp":80,"max_hp":80},"pool":[]}
end 
{"deck":[0,0,0,0,0,1,1,1,1,2],"energy":3,"game_state":0,"hand":[1,2,1,0,0],"max_energy":3,"mobs":[{"def":0,"effects":[0,0,3,3],"hp":24,"max_hp":54,"move":1,"type":1}],"offpool":[],"player":{"def":0,"effects":[0,0,0,0],"hp":71,"max_hp":80},"pool":[1,1,0,0,0]}
play 3 0 
{"deck":[0,0,0,0,0,1,1,1,1,2],"energy":2,"game_state":0,"hand":[1,2,1,0],"max_energy":3,"mobs":[{"def":0,"effects":[0,0,3,3],"hp":18,"max_hp":54,"move":1,"type":1}],"offpool":[0],"player":{"def":0,"effects":[0,0,0,0],"hp":71,"max_hp":80},"pool":[1,1,0,0,0]}
play 3 0 
{"deck":[0,0,0,0,0,1,1,1,1,2],"energy":1,"game_state":0,"hand":[1,2,1],"max_energy":3,"mobs":[{"def":0,"effects":[0,0,3,3],"hp":12,"max_hp":54,"move":1,"type":1}],"offpool":[0,0],"player":{"def":0,"effects":[0,0,0,0],"hp":71,"max_hp":80},"pool":[1,1,0,0,0]}
play 0 
{"deck":[0,0,0,0,0,1,1,1,1,2],"energy":0,"game_state":0,"hand":[2,1],"max_energy":3,"mobs":[{"def":0,"effects":[0,0,3,3],"hp":12,"max_hp":54,"move":1,"type":1}],"offpool":[0,0,1],"player":{"def":5,"effects":[0,0,0,0],"hp":71,"max_hp":80},"pool":[1,1,0,0,0]}
end 
{"deck":[0,0,0,0,0,1,1,1,1,2],"energy":3,"game_state":0,"hand":[0,0,0,1,1],"max_energy":3,"mobs":[{"def":0,"effects":[0,0,6,3],"hp":12,"max_hp":54,"move":1,"type":1}],"offpool":[0,0,1,1,2],"player":{"def":0,"effects":[0,0,0,0],"hp":64,"max_hp":80},"pool":[]}
play 2 0 
{"deck":[0,0,0,0,0,1,1,1,1,2],"energy":2,"game_state":0,"hand":[0,0,1,1],"max_energy":3,"mobs":[{"def":0,"effects":[0,0,6,3],"hp":6,"max_hp":54,"move":1,"type":1}],"offpool":[0,0,1,1,2,0],"player":{"def":0,"effects":[0,0,0,0],"hp":64,"max_hp":80},"pool":[]}
play 1 0 
{"deck":[0,0,0,0,0,1,1,1,1,2],"game_state":2,"max_energy":3,"player":{"def":0,"effects":[0,0,0,0],"hp":64,"max_hp":80}}
===============RESET===============
{"game_state":3}
play 1 
{"deck":[0,0,0,0,0,1,1,1,1,2],"energy":3,"game_state":0,"hand":[0,1,0,1,1],"max_energy":3,"mobs":[{"def":0,"effects":[0,0,0,0],"hp":50,"max_hp":50,"move":3,"type":1}],"offpool":[],"player":{"def":0,"effects":[0,0,0,0],"hp":80,"max_hp":80},"pool":[0,0,2,0,1]}
play 2 0 
{"deck":[0,0,0,0,0,1,1,1,1,2],"energy":2,"game_state":0,"hand":[0,1,1,1],"max_energy":3,"mobs":[{"def":0,"effects":[0,0,0,0],"hp":44,"max_hp":50,"move":3,"type":1}],"offpool":[0],"player":{"def":0,"effects":[0,0,0,0],"hp":80,"max_hp":80},"pool":[0,0,2,0,1]}
play 0 0 
{"deck":[0,0,0,0,0,1,1,1,1,2],"energy":1,"game_state":0,"hand":[1,1,1],"max_energy":3,"mobs":[{"def":0,"effects":[0,0,0,0],"hp":38,"max_hp":50,"move":3,"type":1}],"offpool":[0,0],"player":{"def":0,"effects":[0,0,0,0],"hp":80,"max_hp":80},"pool":[0,0,2,0,1]}
play 0 
{"deck":[0,0,0,0,0,1,1,1,1,2],"energy":0,"game_state":0,"hand":[1,1],"max_energy":3,"mobs":[{"def":0,"effects":[0,0,0,0],"hp":38,"max_hp":50,"move":3,"type":1}],"offpool":[0,0,1],"player":{"def":5,"effects":[0,0,0,0],"hp":80,"max_hp":80},"pool":[0,0,2,0,1]}
end 
{"deck":[0,0,0,0,0,1,1,1,1,2],"energy":3,"game_state":0,"hand":[1,0,2,0,0],"max_energy":3,"mobs":[{"def":0,"effects":[0,0,0,3],"hp":38,"max_hp":50,"move":1,"type":1}],"offpool":[0,0,1,1,1],"player":{"def":0,"effects":[0,0,0,0],"hp":80,"max_hp":80},"pool":[]}
play 1 0 
{"deck":[0,0,0,0,0,1,1,1,1,2],"energy":2,"game_state":0,"hand":[1,2,0,0],"max_energy":3,"mobs":[{"def":0,"effects":[0,0,0,3],"hp":32,"max_hp":50,"move":1,"type":1}],"offpool":[0,0,1,1,1,0],"player":{"def":0,"effects":[0,0,0,0],"hp":80,"max_hp":80},"pool":[]}
play 2 0 
{"deck":[0,0,0,0,0,1,1,1,1,2],"energy":1,"game_state":0,"hand":[1,2,0],"max_energy":3,"mobs":[{"def":0,"effects":[0,0,0,3],"hp":26,"max_hp":50,"move":1,"type":1}],"offpool":[0,0,1,1,1,0,0],"player":{"def":0,"effects":[0,0,0,0],"hp":80,"max_hp":80},"pool":[]}
play 0 
{"deck":[0,0,0,0,0,1,1,1,1,2],"energy":0,"game_state":0,"hand":[2,0],"max_energy":3,"mobs":[{"def":0,"effects":[0,0,0,3],"hp":26,"max_hp":50,"move":1,"type":1}],"offpool":[0,0,1,1,1,0,0,1],"player":{"def":5,"effects":[0,0,0,0],"hp":80,"max_hp":80},"pool":[]}
end 
{"deck":[0,0,0,0,0,1,1,1,1,2],"energy":3,"game_state":0,"hand":[0,1,0,0,0],"max_energy":3,"mobs":[{"def":0,"effects":[0,0,3,3],"hp":26,"max_hp":50,"move":1,"type":1}],"offpool":[],"player":{"def":0,"effects":[0,0,0,0],"hp":76,"max_hp":80},"pool":[1,1,1,2,0]}
play 2 0 
{"deck":[0,0,0,0,0,1,1,1,1,2],"energy":2,"game_state":0,"hand":[0,1,0,0],"max_energy":3,"mobs":[{"def":0,"effects":[0,0,3,3],"hp":20,"max_hp":50,"move":1,"type":1}],"offpool":[0],"player":{"def":0,"effects":[0,0,0,0],"hp":76,"max_hp":80},"pool":[1,1,1,2,0]}
play 2 0 
{"deck":[0,0,0,0,0,1,1,1,1,2],"energy":1,"game_state":0,"hand":[0,1,0],"max_energy":3,"mobs":[{"def":0,"effects":[0,0,3,3],"hp":14,"max_hp":50,"move":1,"type":1}],"offpool":[0,0],"player":{"def":0,"effects":[0,0,0,0],"hp":76,"max_hp":80},"pool":[1,1,1,2,0]}
play 0 0 
{"deck":[0,0,0,0,0,1,1,1,1,2],"energy":0,"game_state":0,"hand":[1,0],"max_energy":3,"mobs":[{"def":0,"effects":[0,0,3,3],"hp":8,"max_hp":50,"move":1,"type":1}],"offpool":[0,0,0],"player":{"def":0,"effects":[0,0,0,0],"hp":76,"max_hp":80},"pool":[1,1,1,2,0]}
end 
{"deck":[0,0,0,0,0,1,1,1,1,2],"energy":3,"game_state":0,"hand":[0,2,1,1,1],"max_energy":3,"mobs":[{"def":0,"effects":[0,0,6,3],"hp":8,"max_hp":50,"move":1,"type":1}],"offpool":[0,0,0,0,1],"player":{"def":0,"effects":[0,0,0,0],"hp":64,"max_hp":80},"pool":[]}
play 0 0 
{"deck":[0,0,0,0,0,1,1,1,1,2],"energy":2,"game_state":0,"hand":[2,1,1,1],"max_energy":3,"mobs":[{"def":0,"effects":[0,0,6,3],"hp":2,"max_hp":50,"move":1,"type":1}],"offpool":[0,0,0,0,1,0],"player":{"def":0,"effects":[0,0,0,0],"hp":64,"max_hp":80},"pool":[]}
play 2 
{"deck":[0,0,0,0,0,1,1,1,1,2],"energy":1,"game_state":0,"hand":[2,1,1],"max_energy":3,"mobs":[{"def":0,"effects":[0,0,6,3],"hp":2,"max_hp":50,"move":1,"type":1}],"offpool":[0,0,0,0,1,0,1],"player":{"def":5,"effects":[0,0,0,0],"hp":64,"max_hp":80},"pool":[]}
play 2 
{"deck":[0,0,0,0,0,1,1,1,1,2],"energy":0,"game_state":0,"hand":[2,1],"max_energy":3,"mobs":[{"def":0,"effects":[0,0,6,3],"hp":2,"max_hp":50,"move":1,"type":1}],"offpool":[0,0,0,0,1,0,1,1],"player":{"def":10,"effects":[0,0,0,0],"hp":64,"max_hp":80},"pool":[]}
end 
{"deck":[0,0,0,0,0,1,1,1,1,2],"energy":3,"game_state":0,"hand":[0,0,2,0,1],"max_energy":3,"mobs":[{"def":0,"effects":[0,0,9,3],"hp":2,"max_hp":50,"move":1,"type":1}],"offpool":[],"player":{"def":0,"effects":[0,0,0,0],"hp":59,"max_hp":80},"pool":[0,0,1,1,1]}
play 0 0 
{"deck":[0,0,0,0,0,1,1,1,1,2],"game_state":2,"max_energy":3,"player":{"def":0,"effects":[0,0,0,0],"hp":59,"max_hp":80}}
===============RESET===============
{"game_state":3}
play 1 
{"deck":[0,0,0,0,0,1,1,1,1,2],"energy":3,"game_state":0,"hand":[0,0,1,0,1],"max_energy":3,"mobs":[{"def":0,"effects":[0,0,0,0],"hp":52,"max_hp":52,"move":3,"type":1}],"offpool":[],"player":{"def":0,"effects":[0,0,0,0],"hp":80,"max_hp":80},"pool":[0,0,2,1,1]}
play 0 0 
{"deck":[0,0,0,0,0,1,1,1,1,2],"energy":2,"game_state":0,"hand":[0,1,0,1],"max_energy":3,"mobs":[{"def":0,"effects":[0,0,0,0],"hp":46,"max_hp":52,"move":3,"type":1}],"offpool":[0],"player":{"def":0,"effects":[0,0,0,0],"hp":80,"max_hp":80},"pool":[0,0,2,1,1]}
play 0 0 
{"deck":[0,0,0,0,0,1,1,1,1,2],"energy":1,"game_state":0,"hand":[1,0,1],"max_energy":3,"mobs":[{"def":0,"effects":[0,0,0,0],"hp":40,"max_hp":52,"move":3,"type":1}],"offpool":[0,0],"player":{"def":0,"effects":[0,0,0,0],"hp":80,"max_hp":80},"pool":[0,0,2,1,1]}
play 1 0 
{"deck":[0,0,0,0,0,1,1,1,1,2],"energy":0,"game_state":0,"hand":[1,1],"max_energy":3,"mobs":[{"def":0,"effects":[0,0,0,0],"hp":34,"max_hp":52,"move":3,"type":1}],"offpool":[0,0,0],"player":{"def":0,"effects":[0,0,0,0],"hp":80,"max_hp":80},"pool":[0,0,2,1,1]}
end 
{"deck":[0,0,0,0,0,1,1,1,1,2],"energy":3,"game_state":0,"hand":[1,1,2,0,0],"max_energy":3,"mobs":[{"def":0,"effects":[0,0,0,3],"hp":34,"max_hp":52,"move":1,"type":1}],"offpool":[0,0,0,1,1],"player":{"def":0,"effects":[0,0,0,0],"hp":80,"max_hp":80},"pool":[]}
play 3 0 
{"deck":[0,0,0,0,0,1,1,1,1,2],"energy":2,"game_state":0,"hand":[1,1,2,0],"max_energy":3,"mobs":[{"def":0,"effects":[0,0,0,3],"hp":28,"max_hp":52,"move":1,"type":1}],"offpool":[0,0,0,1,1,0],"player":{"def":0,"effects":[0,0,0,0],"hp":80,"max_hp":80},"pool":[]}
play 3 0 
{"deck":[0,0,0,0,0,1,1,1,1,2],"energy":1,"game_state":0,"hand":[1,1,2],"max_energy":3,"mobs":[{"def":0,"effects":[0,0,0,3],"hp":22,"max_hp":52,"move":1,"type":1}],"offpool":[0,0,0,1,1,0,0],"player":{"def":0,"effects":[0,0,0,0],"hp":80,"max_hp":80},"pool":[]}
play 0 
{"deck":[0,0,0,0,0,1,1,1,1,2],"energy":0,"game_state":0,"hand":[1,2],"max_energy":3,"mobs":[{"def":0,"effects":[0,0,0,3],"hp":22,"max_hp":52,"move":1,"type":1}],"offpool":[0,0,0,1,1,0,0,1],"player":{"def":5,"effects":[0,0,0,0],"hp":80,"max_hp":80},"pool":[]}
end 
{"deck":[0,0,0,0,0,1,1,1,1,2],"energy":3,"game_state":0,"hand":[1,2,0,1,0],"max_energy":3,"mobs":[{"def":0,"effects":[0,0,3,3],"hp":22,"max_hp":52,"move":1,"type":1}],"offpool":[],"player":{"def":0,"effects":[0,0,0,0],"hp":76,"max_hp":80},"pool":[1,0,1,0,0]}
play 2 0 
{"deck":[0,0,0,0,0,1,1,1,1,2],"energy":2,"game_state":0,"hand":[1,2,1,0],"max_energy":3,"mobs":[{"def":0,"effects":[0,0,3,3],"hp":16,"max_hp":52,"move":1,"type":1}],"offpool":[0],"player":{"def":0,"effects":[0,0,0,0],"hp":76,"max_hp":80},"pool":[1,0,1,0,0]}
play 3 0 
{"deck":[0,0,0,0,0,1,1,1,1,2],"energy":1,"game_state":0,"hand":[1,2,1],"max_energy":3,"mobs":[{"def":0,"effects":[0,0,3,3],"hp":10,"max_hp":52,"move":1,"type":1}],"offpool":[0,0],"player":{"def":0,"effects":[0,0,0,0],"hp":76,"max_hp":80},"pool":[1,0,1,0,0]}
play 0 
{"deck":[0,0,0,0,0,1,1,1,1,2],"energy":0,"game_state":0,"hand":[2,1],"max_energy":3,"mobs":[{"def":0,"effects":[0,0,3,3],"hp":10,"max_hp":52,"move":1,"type":1}],"offpool":[0,0,1],"player":{"def":5,"effects":[0,0,0,0],"hp":76,"max_hp":80},"pool":[1,0,1,0,0]}
end 
{"deck":[0,0,0,0,0,1,1,1,1,2],"energy":3,"game_state":0,"hand":[0,0,1,0,1],"max_energy":3,"mobs":[{"def":0,"effects":[0,0,6,3],"hp":10,"max_hp":52,"move":1,"type":1}],"offpool":[0,0,1,1,2],"player":{"def":0,"effects":[0,0,0,0],"hp":69,"max_hp":80},"pool":[]}
play 0 0 
{"deck":[0,0,0,0,0,1,1,1,1,2],"energy":2,"game_state":0,"hand":[0,1,0,1],"max_energy":3,"mobs":[{"def":0,"effects":[0,0,6,3],"hp":4,"max_hp":52,"move":1,"type":1}],"offpool":[0,0,1,1,2,0],"player":{"def":0,"effects":[0,0,0,0],"hp":69,"max_hp":80},"pool":[]}
play 2 0 
{"deck":[0,0,0,0,0,1,1,1,1,2],"game_state":2,"max_energy":3,"player":{"def":0,"effects":[0,0,0,0],"hp":69,"max_hp":80}}
===============RESET===============
{"game_state":3}
play 1 
{"deck":[0,0,0,0,0,1,1,1,1,2],"energy":3,"game_state":0,"hand":[0,1,0,1,2],"max_energy":3,"mobs":[{"def":0,"effects":[0,0,0,0],"hp":49,"max_hp":49,"move":3,"type":1}],"offpool":[],"player":{"def":0,"effects":[0,0,0,0],"hp":80,"max_hp":80},"pool":[0,0,0,1,1]}
play 2 0 
{"deck":[0,0,0,0,0,1,1,1,1,2],"energy":2,"game_state":0,"hand":[0,1,1,2],"max_energy":3,"mobs":[{"def":0,"effects":[0,0,0,0],"hp":43,"max_hp":49,"move":3,"type":1}],"offpool":[0],"player":{"def":0,"effects":[0,0,0,0],"hp":80,"max_hp":80},"pool":[0,0,0,1,1]}
play 0 0 
{"deck":[0,0,0,0,0,1,1,1,1,2],"energy":1,"game_state":0,"hand":[1,1,2],"max_energy":3,"mobs":[{"def":0,"effects":[0,0,0,0],"hp":37,"max_hp":49,"move":3,"type":1}],"offpool":[0,0],"player":{"def":0,"effects":[0,0,0,0],"hp":80,"max_hp":80},"pool":[0,0,0,1,1]}
end 
{"deck":[0,0,0,0,0,1,1,1,1,2],"energy":3,"game_state":0,"hand":[1,1,0,0,0],"max_energy":3,"mobs":[{"def":0,"effects":[0,0,0,3],"hp":37,"max_hp":49,"move":1,"type":1}],"offpool":[0,0,2,1,1],"player":{"def":0,"effects":[0,0,0,0],"hp":80,"max_hp":80},"pool":[]}
play 2 0 
{"deck":[0,0,0,0,0,1,1,1,1,2],"energy":2,"game_state":0,"hand":[1,1,0,0],"max_energy":3,"mobs":[{"def":0,"effects":[0,0,0,3],"hp":31,"max_hp":49,"move":1,"type":1}],"offpool":[0,0,2,1,1,0],"player":{"def":0,"effects":[0,0,0,0],"hp":80,"max_hp":80},"pool":[]}
play 2 0 
{"deck":[0,0,0,0,0,1,1,1,1,2],"energy":1,"game_state":0,"hand":[1,1,0],"max_energy":3,"mobs":[{"def":0,"effects":[0,0,0,3],"hp":25,"max_hp":49,"move":1,"type":1}],"offpool":[0,0,2,1,1,0,0],"player":{"def":0,"effects":[0,0,0,0],"hp":80,"max_hp":80},"pool":[]}
play 2 0 
{"deck":[0,0,0,0,0,1,1,1,1,2],"energy":0,"game_state":0,"hand":[1,1],"max_energy":3,"mobs":[{"def":0,"effects":[0,0,0,3],"hp":19,"max_hp":49,"move":1,"type":1}],"offpool":[0,0,2,1,1,0,0,0],"player":{"def":0,"effects":[0,0,0,0],"hp":80,"max_hp":80},"pool":[]}
end 
{"deck":[0,0,0,0,0,1,1,1,1,2],"energy":3,"game_state":0,"hand":[0,2,1,1,0],"max_energy":3,"mobs":[{"def":0,"effects":[0,0,3,3],"hp":19,"max_hp":49,"move":1,"type":1}],"offpool":[],"player":{"def":0,"effects":[0,0,0,0],"hp":71,"max_hp":80},"pool":[0,1,0,1,0]}
play 0 0 
{"deck":[0,0,0,0,0,1,1,1,1,2],"energy":2,"game_state":0,"hand":[2,1,1,0],"max_energy":3,"mobs":[{"def":0,"effects":[0,0,3,3],"hp":13,"max_hp":49,"move":1,"type":1}],"offpool":[0],"player":{"def":0,"effects":[0,0,0,0],"hp":71,"max_hp":80},"pool":[0,1,0,1,0]}
play 3 0 
{"deck":[0,0,0,0,0,1,1,1,1,2],"energy":1,"game_state":0,"hand":[2,1,1],"max_energy":3,"mobs":[{"def":0,"effects":[0,0,3,3],"hp":7,"max_hp":49,"move":1,"type":1}],"offpool":[0,0],"player":{"def":0,"effects":[0,0,0,0],"hp":71,"max_hp":80},"pool":[0,1,0,1,0]}
play 2 
{"deck":[0,0,0,0,0,1,1,1,1,2],"energy":0,"game_state":0,"hand":[2,1],"max_energy":3,"mobs":[{"def":0,"effects":[0,0,3,3],"hp":7,"max_hp":49,"move":1,"type":1}],"offpool":[0,0,1],"player":{"def":5,"effects":[0,0,0,0],"hp":71,"max_hp":80},"pool":[0,1,0,1,0]}
end 
{"deck":[0,0,0,0,0,1,1,1,1,2],"energy":3,"game_state":0,"hand":[0,1,0,1,0],"max_energy":3,"mobs":[{"def":0,"effects":[0,0,6,3],"hp":7,"max_hp":49,"move":1,"type":1}],"offpool":[0,0,1,1,2],"player":{"def":0,"effects":[0,0,0,0],"hp":64,"max_hp":80},"pool":[]}
play 2 0 
{"deck":[0,0,0,0,0,1,1,1,1,2],"energy":2,"game_state":0,"hand":[0,1,1,0],"max_energy":3,"mobs":[{"def":0,"effects":[0,0,6,3],"hp":1,"max_hp":49,"move":1,"type":1}],"offpool":[0,0,1,1,2,0],"player":{"def":0,"effects":[0,0,0,0],"hp":64,"max_hp":80},"pool":[]}
play 0 0 
{"deck":[0,0,0,0,0,1,1,1,1,2],"game_state":2,"max_energy":3,"player":{"def":0,"effects":[0,0,0,0],"hp":64,"max_hp":80}}
===============RESET===============
{"game_state":3}
play 1 
{"deck":[0,0,0,0,0,1,1,1,1,2],"energy":3,"game_state":0,"hand":[0,2,0,1,0],"max_energy":3,"mobs":[{"def":0,"effects":[0,0,0,0],"hp":53,"max_hp":53,"move":3,"type":1}],"offpool":[],"player":{"def":0,"effects":[0,0,0,0],"hp":80,"max_hp":80},"pool":[0,0,1,1,1]}
play 2 0 
{"deck":[0,0,0,0,0,1,1,1,1,2],"energy":2,"game_state":0,"hand":[0,2,1,0],"max_energy":3,"mobs":[{"def":0,"effects":[0,0,0,0],"hp":47,"max_hp":53,"move":3,"type":1}],"offpool":[0],"player":{"def":0,"effects":[0,0,0,0],"hp":80,"max_hp":80},"pool":[0,0,1,1,1]}
play 0 0 
{"deck":[0,0,0,0,0,1,1,1,1,2],"energy":1,"game_state":0,"hand":[2,1,0],"max_energy":3,"mobs":[{"def":0,"effects":[0,0,0,0],"hp":41,"max_hp":53,"move":3,"type":1}],"offpool":[0,0],"player":{"def":0,"effects":[0,0,0,0],"hp":80,"max_hp":80},"pool":[0,0,1,1,1]}
end 
{"deck":[0,0,0,0,0,1,1,1,1,2],"energy":3,"game_state":0,"hand":[1,1,1,0,0],"max_energy":3,"mobs":[{"def":0,"effects":[0,0,0,3],"hp":41,"max_hp":53,"move":1,"type":1}],"offpool":[0,0,0,1,2],"player":{"def":0,"effects":[0,0,0,0],"hp":80,"max_hp":80},"pool":[]}
play 4 0 
{"deck":[0,0,0,0,0,1,1,1,1,2],"energy":2,"game_state":0,"hand":[1,1,1,0],"max_energy":3,"mobs":[{"def":0,"effects":[0,0,0,3],"hp":35,"max_hp":53,"move":1,"type":1}],"offpool":[0,0,0,1,2,0],"player":{"def":0,"effects":[0,0,0,0],"hp":80,"max_hp":80},"pool":[]}
play 3 0 
{"deck":[0,0,0,0,0,1,1,1,1,2],"energy":1,"game_state":0,"hand":[1,1,1],"max_energy":3,"mobs":[{"def":0,"effects":[0,0,0,3],"hp":29,"max_hp":53,"move":1,"type":1}],"offpool":[0,0,0,1,2,0,0],"player":{"def":0,"effects":[0,0,0,0],"hp":80,"max_hp":80},"pool":[]}
play 0 
{"deck":[0,0,0,0,0,1,1,1,1,2],"energy":0,"game_state":0,"hand":[1,1],"max_energy":3,"mobs":[{"def":0,"effects":[0,0,0,3],"hp":29,"max_hp":53,"move":1,"type":1}],"offpool":[0,0,0,1,2,0,0,1],"player":{"def":5,"effects":[0,0,0,0],"hp":80,"max_hp":80},"pool":[]}
end 
{"deck":[0,0,0,0,0,1,1,1,1,2],"energy":3,"game_state":0,"hand":[0,0,0,1,1],"max_energy":3,"mobs":[{"def":0,"effects":[0,0,3,3],"hp":29,"max_hp":53,"move":1,"type":1}],"offpool":[],"player":{"def":0,"effects":[0,0,0,0],"hp":76,"max_hp":80},"pool":[1,2,1,0,0]}
play 0 0 
{"deck":[0,0,0,0,0,1,1,1,1,2],"energy":2,"game_state":0,"hand":[0,0,1,1],"max_energy":3,"mobs":[{"def":0,"effects":[0,0,3,3],"hp":23,"max_hp":53,"move":1,"type":1}],"offpool":[0],"player":{"def":0,"effects":[0,0,0,0],"hp":76,"max_hp":80},"pool":[1,2,1,0,0]}
play 0 0 
{"deck":[0,0,0,0,0,1,1,1,1,2],"energy":1,"game_state":0,"hand":[0,1,1],"max_energy":3,"mobs":[{"def":0,"effects":[0,0,3,3],"hp":17,"max_hp":53,"move":1,"type":1}],"offpool":[0,0],"player":{"def":0,"effects":[0,0,0,0],"hp":76,"max_hp":80},"pool":[1,2,1,0,0]}
play 0 0 
{"deck":[0,0,0,0,0,1,1,1,1,2],"energy":0,"game_state":0,"hand":[1,1],"max_energy":3,"mobs":[{"def":0,"effects":[0,0,3,3],"hp":11,"max_hp":53,"move":1,"type":1}],"offpool":[0,0,0],"player":{"def":0,"effects":[0,0,0,0],"hp":76,"max_hp":80},"pool":[1,2,1,0,0]}
end 
{"deck":[0,0,0,0,0,1,1,1,1,2],"energy":3,"game_state":0,"hand":[0,0,1,2,1],"max_energy":3,"mobs":[{"def":0,"effects":[0,0,6,3],"hp":11,"max_hp":53,"move":1,"type":1}],"offpool":[0,0,0,1,1],"player":{"def":0,"effects":[0,0,0,0],"hp":64,"max_hp":80},"pool":[]}
play 0 0 
{"deck":[0,0,0,0,0,1,1,1,1,2],"energy":2,"game_state":0,"hand":[0,1,2,1],"max_energy":3,"mobs":[{"def":0,"effects":[0,0,6,3],"hp":5,"max_hp":53,"move":1,"type":1}],"offpool":[0,0,0,1,1,0],"player":{"def":0,"effects":[0,0,0,0],"hp":64,"max_hp":80},"pool":[]}
play 0 0 
{"deck":[0,0,0,0,0,1,1,1,1,2],"game_state":2,"max_energy":3,"player":{"def":0,"effects":[0,0,0,0],"hp":64,"max_hp":80}}
===============RESET===============
{"game_state":3}
play 1 
{"deck":[0,0,0,0,0,1,1,1,1,2],"energy":3,"game_state":0,"hand":[0,2,0,1,0],"max_energy":3,"mobs":[{"def":0,"effects":[0,0,0,0],"hp":48,"max_hp":48,"move":3,"type":1}],"offpool":[],"player":{"def":0,"effects":[0,0,0,0],"hp":80,"max_hp":80},"pool":[1,1,1,0,0]}
play 2 0 
{"deck":[0,0,0,0,0,1,1,1,1,2],"energy":2,"game_state":0,"hand":[0,2,1,0],"max_energy":3,"mobs":[{"def":0,"effects":[0,0,0,0],"hp":42,"max_hp":48,"move":3,"type":1}],"offpool":[0],"player":{"def":0,"effects":[0,0,0,0],"hp":80,"max_hp":80},"pool":[1,1,1,0,0]}
play 0 0 
{"deck":[0,0,0,0,0,1,1,1,1,2],"energy":1,"game_state":0,"hand":[2,1,0],"max_energy":3,"mobs":[{"def":0,"effects":[0,0,0,0],"hp":36,"max_hp":48,"move":3,"type":1}],"offpool":[0,0],"player":{"def":0,"effects":[0,0,0,0],"hp":80,"max_hp":80},"pool":[1,1,1,0,0]}
end 
{"deck":[0,0,0,0,0,1,1,1,1,2],"energy":3,"game_state":0,"hand":[0,0,1,1,1],"max_energy":3,"mobs":[{"def":0,"effects":[0,0,0,3],"hp":36,"max_hp":48,"move":1,"type":1}],"offpool":[0,0,0,1,2],"player":{"def":0,"effects":[0,0,0,0],"hp":80,"max_hp":80},"pool":[]}
play 0 0 
{"deck":[0,0,0,0,0,1,1,1,1,2],"energy":2,"game_state":0,"hand":[0,1,1,1],"max_energy":3,"mobs":[{"def":0,"effects":[0,0,0,3],"hp":30,"max_hp":48,"move":1,"type":1}],"offpool":[0,0,0,1,2,0],"player":{"def":0,"effects":[0,0,0,0],"hp":80,"max_hp":80},"pool":[]}
play 0 0 
{"deck":[0,0,0,0,0,1,1,1,1,2],"energy":1,"game_state":0,"hand":[1,1,1],"max_energy":3,"mobs":[{"def":0,"effects":[0,0,0,3],"hp":24,"max_hp":48,"move":1,"type":1}],"offpool":[0,0,0,1,2,0,0],"player":{"def":0,"effects":[0,0,0,0],"hp":80,"max_hp":80},"pool":[]}
play 1 
{"deck":[0,0,0,0,0,1,1,1,1,2],"energy":0,"game_state":0,"hand":[1,1],"max_energy":3,"mobs":[{"def":0,"effects":[0,0,0,3],"hp":24,"max_hp":48,"move":1,"type":1}],"offpool":[0,0,0,1,2,0,0,1],"player":{"def":5,"effects":[0,0,0,0],"hp":80,"max_hp":80},"pool":[]}
end 
{"deck":[0,0,0,0,0,1,1,1,1,2],"energy":3,"game_state":0,"hand":[1,2,0,0,1],"max_energy":3,"mobs":[{"def":0,"effects":[0,0,3,3],"hp":24,"max_hp":48,"move":1,"type":1}],"offpool":[],"player":{"def":0,"effects":[0,0,0,0],"hp":76,"max_hp":80},"pool":[1,0,1,0,0]}
play 2 0 
{"deck":[0,0,0,0,0,1,1,1,1,2],"energy":2,"game_state":0,"hand":[1,2,0,1],"max_energy":3,"mobs":[{"def":0,"effects":[0,0,3,3],"hp":18,"max_hp":48,"move":1,"type":1}],"offpool":[0],"player":{"def":0,"effects":[0,0,0,0],"hp":76,"max_hp":80},"pool":[1,0,1,0,0]}
play 2 0 
{"deck":[0,0,0,0,0,1,1,1,1,2],"energy":1,"game_state":0,"hand":[1,2,1],"max_energy":3,"mobs":[{"def":0,"effects":[0,0,3,3],"hp":12,"max_hp":48,"move":1,"type":1}],"offpool":[0,0],"player":{"def":0,"effects":[0,0,0,0],"hp":76,"max_hp":80},"pool":[1,0,1,0,0]}
play 0 
{"deck":[0,0,0,0,0,1,1,1,1,2],"energy":0,"game_state":0,"hand":[2,1],"max_energy":3,"mobs":[{"def":0,"effects":[0,0,3,3],"hp":12,"max_hp":48,"move":1,"type":1}],"offpool":[0,0,1],"player":{"def":5,"effects":[0,0,0,0],"hp":76,"max_hp":80},"pool":[1,0,1,0,0]}
end 
{"deck":[0,0,0,0,0,1,1,1,1,2],"energy":3,"game_state":0,"hand":[0,0,1,0,1],"max_energy":3,"mobs":[{"def":0,"effects":[0,0,6,3],"hp":12,"max_hp":48,"move":1,"type":1}],"offpool":[0,0,1,1,2],"player":{"def":0,"effects":[0,0,0,0],"hp":69,"max_hp":80},"pool":[]}
play 0 0 
{"deck":[0,0,0,0,0,1,1,1,1,2],"energy":2,"game_state":0,"hand":[0,1,0,1],"max_energy":3,"mobs":[{"def":0,"effects":[0,0,6,3],"hp":6,"max_hp":48,"move":1,"type":1}],"offpool":[0,0,1,1,2,0],"player":{"def":0,"effects":[0,0,0,0],"hp":69,"max_hp":80},"pool":[]}
play 2 0 
{"deck":[0,0,0,0,0,1,1,1,1,2],"game_state":2,"max_energy":3,"player":{"def":0,"effects":[0,0,0,0],"hp":69,"max_hp":80}}
===============RESET===============
{"game_state":3}
play 1 
{"deck":[0,0,0,0,0,1,1,1,1,2],"energy":3,"game_state":0,"hand":[1,0,2,1,0],"max_energy":3,"mobs":[{"def":0,"effects":[0,0,0,0],"hp":54,"max_hp":54,"move":3,"type":1}],"offpool":[],"player":{"def":0,"effects":[0,0,0,0],"hp":80,"max_hp":80},"pool":[1,0,0,1,0]}
play 1 0 
{"deck":[0,0,0,0,0,1,1,1,1,2],"energy":2,"game_state":0,"hand":[1,2,1,0],"max_energy":3,"mobs":[{"def":0,"effects":[0,0,0,0],"hp":48,"max_hp":54,"move":3,"type":1}],"offpool":[0],"player":{"def":0,"effects":[0,0,0,0],"hp":80,"max_hp":80},"pool":[1,0,0,1,0]}
play 3 0 
{"deck":[0,0,0,0,0,1,1,1,1,2],"energy":1,"game_state":0,"hand":[1,2,1],"max_energy":3,"mobs":[{"def":0,"effects":[0,0,0,0],"hp":42,"max_hp":54,"move":3,"type":1}],"offpool":[0,0],"player":{"def":0,"effects":[0,0,0,0],"hp":80,"max_hp":80},"pool":[1,0,0,1,0]}
end 
{"deck":[0,0,0,0,0,1,1,1,1,2],"energy":3,"game_state":0,"hand":[0,1,0,0,1],"max_energy":3,"mobs":[{"def":0,"effects":[0,0,0,3],"hp":42,"max_hp":54,"move":1,"type":1}],"offpool":[0,0,1,2,1],"player":{"def":0,"effects":[0,0,0,0],"hp":80,"max_hp":80},"pool":[]}
play 0 0 
{"deck":[0,0,0,0,0,1,1,1,1,2],"energy":2,"game_state":0,"hand":[1,0,0,1],"max_energy":3,"mobs":[{"def":0,"effects":[0,0,0,3],"hp":36,"max_hp":54,"move":1,"type":1}],"offpool":[0,0,1,2,1,0],"player":{"def":0,"effects":[0,0,0,0],"hp":80,"max_hp":80},"pool":[]}
play 1 0 
{"deck":[0,0,0,0,0,1,1,1,1,2],"energy":1,"game_state":0,"hand":[1,0,1],"max_energy":3,"mobs":[{"def":0,"effects":[0,0,0,3],"hp":30,"max_hp":54,"move":1,"type":1}],"offpool":[0,0,1,2,1,0,0],"player":{"def":0,"effects":[0,0,0,0],"hp":80,"max_hp":80},"pool":[]}
play 1 0 
{"deck":[0,0,0,0,0,1,1,1,1,2],"energy":0,"game_state":0,"hand":[1,1],"max_energy":3,"mobs":[{"def":0,"effects":[0,0,0,3],"hp":24,"max_hp":54,"move":1,"type":1}],"offpool":[0,0,1,2,1,0,0,0],"player":{"def":0,"effects":[0,0,0,0],"hp":80,"max_hp":80},"pool":[]}
end 
{"deck":[0,0,0,0,0,1,1,1,1,2],"energy":3,"game_state":0,"hand":[1,0,0,0,0],"max_energy":3,"mobs":[{"def":0,"effects":[0,0,3,3],"hp":24,"max_hp":54,"move":1,"type":1}],"offpool":[],"player":{"def":0,"effects":[0,0,0,0],"hp":71,"max_hp":80},"pool":[0,1,2,1,1]}
play 1 0 
{"deck":[0,0,0,0,0,1,1,1,1,2],"energy":2,"game_state":0,"hand":[1,0,0,0],"max_energy":3,"mobs":[{"def":0,"effects":[0,0,3,3],"hp":18,"max_hp":54,"move":1,"type":1}],"offpool":[0],"player":{"def":0,"effects":[0,0,0,0],"hp":71,"max_hp":80},"pool":[0,1,2,1,1]}
play 1 0 
{"deck":[0,0,0,0,0,1,1,1,1,2],"energy":1,"game_state":0,"hand":[1,0,0],"max_energy":3,"mobs":[{"def":0,"effects":[0,0,3,3],"hp":12,"max_hp":54,"move":1,"type":1}],"offpool":[0,0],"player":{"def":0,"effects":[0,0,0,0],"hp":71,"max_hp":80},"pool":[0,1,2,1,1]}
play 1 0 
{"deck":[0,0,0,0,0,1,1,1,1,2],"energy":0,"game_state":0,"hand":[1,0],"max_energy":3,"mobs":[{"def":0,"effects":[0,0,3,3],"hp":6,"max_hp":54,"move":1,"type":1}],"offpool":[0,0,0],"player":{"def":0,"effects":[0,0,0,0],"hp":71,"max_hp":80},"pool":[0,1,2,1,1]}
end 
{"deck":[0,0,0,0,0,1,1,1,1,2],"energy":3,"game_state":0,"hand":[1,1,2,1,0],"max_energy":3,"mobs":[{"def":0,"effects":[0,0,6,3],"hp":6,"max_hp":54,"move":1,"type":1}],"offpool":[0,0,0,0,1],"player":{"def":0,"effects":[0,0,0,0],"hp":59,"max_hp":80},"pool":[]}
play 0 
{"deck":[0,0,0,0,0,1,1,1,1,2],"energy":2,"game_state":0,"hand":[1,2,1,0],"max_energy":3,"mobs":[{"def":0,"effects":[0,0,6,3],"hp":6,"max_hp":54,"move":1,"type":1}],"offpool":[0,0,0,0,1,1],"player":{"def":5,"effects":[0,0,0,0],"hp":59,"max_hp":80},"pool":[]}
play 3 0 
{"deck":[0,0,0,0,0,1,1,1,1,2],"game_state":2,"max_energy":3,"player":{"def":5,"effects":[0,0,0,0],"hp":59,"max_hp":80}}
===============RESET===============
{"game_state":3}
play 1 
{"deck":[0,0,0,0,0,1,1,1,1,2],"energy":3,"game_state":0,"hand":[1,0,1,0,2],"max_energy":3,"mobs":[{"def":0,"effects":[0,0,0,0],"hp":51,"max_hp":51,"move":3,"type":1}],"offpool":[],"player":{"def":0,"effects":[0,0,0,0],"hp":80,"max_hp":80},"pool":[1,0,0,0,1]}
play 1 0 
{"deck":[0,0,0,0,0,1,1,1,1,2],"energy":2,"game_state":0,"hand":[1,1,0,2],"max_energy":3,"mobs":[{"def":0,"effects":[0,0,0,0],"hp":45,"max_hp":51,"move":3,"type":1}],"offpool":[0],"player":{"def":0,"effects":[0,0,0,0],"hp":80,"max_hp":80},"pool":[1,0,0,0,1]}
play 2 0 
{"deck":[0,0,0,0,0,1,1,1,1,2],"energy":1,"game_state":0,"hand":[1,1,2],"max_energy":3,"mobs":[{"def":0,"effects":[0,0,0,0],"hp":39,"max_hp":51,"move":3,"type":1}],"offpool":[0,0],"player":{"def":0,"effects":[0,0,0,0],"hp":80,"max_hp":80},"pool":[1,0,0,0,1]}
end 
{"deck":[0,0,0,0,0,1,1,1,1,2],"energy":3,"game_state":0,"hand":[1,0,0,0,1],"max_energy":3,"mobs":[{"def":0,"effects":[0,0,0,3],"hp":39,"max_hp":51,"move":1,"type":1}],"offpool":[0,0,2,1,1],"player":{"def":0,"effects":[0,0,0,0],"hp":80,"max_hp":80},"pool":[]}
play 2 0 
{"deck":[0,0,0,0,0,1,1,1,1,2],"energy":2,"game_state":0,"hand":[1,0,0,1],"max_energy":3,"mobs":[{"def":0,"effects":[0,0,0,3],"hp":33,"max_hp":51,"move":1,"type":1}],"offpool":[0,0,2,1,1,0],"player":{"def":0,"effects":[0,0,0,0],"hp":80,"max_hp":80},"pool":[]}
play 1 0 
{"deck":[0,0,0,0,0,1,1,1,1,2],"energy":1,"game_state":0,"hand":[1,0,1],"max_energy":3,"mobs":[{"def":0,"effects":[0,0,0,3],"hp":27,"max_hp":51,"move":1,"type":1}],"offpool":[0,0,2,1,1,0,0],"player":{"def":0,"effects":[0,0,0,0],"hp":80,"max_hp":80},"pool":[]}
play 1 0 
{"deck":[0,0,0,0,0,1,1,1,1,2],"energy":0,"game_state":0,"hand":[1,1],"max_energy":3,"mobs":[{"def":0,"effects":[0,0,0,3],"hp":21,"max_hp":51,"move":1,"type":1}],"offpool":[0,0,2,1,1,0,0,0],"player":{"def":0,"effects":[0,0,0,0],"hp":80,"max_hp":80},"pool":[]}
end 
{"deck":[0,0,0,0,0,1,1,1,1,2],"energy":3,"game_state":0,"hand":[0,0,1,1,2],"max_energy":3,"mobs":[{"def":0,"effects":[0,0,3,3],"hp":21,"max_hp":51,"move":1,"type":1}],"offpool":[],"player":{"def":0,"effects":[0,0,0,0],"hp":71,"max_hp":80},"pool":[1,1,0,0,0]}
play 0 0 
{"deck":[0,0,0,0,0,1,1,1,1,2],"energy":2,"game_state":0,"hand":[0,1,1,2],"max_energy":3,"mobs":[{"def":0,"effects":[0,0,3,3],"hp":15,"max_hp":51,"move":1,"type":1}],"offpool":[0],"player":{"def":0,"effects":[0,0,0,0],"hp":71,"max_hp":80},"pool":[1,1,0,0,0]}
play 0 0 
{"deck":[0,0,0,0,0,1,1,1,1,2],"energy":1,"game_state":0,"hand":[1,1,2],"max_energy":3,"mobs":[{"def":0,"effects":[0,0,3,3],"hp":9,"max_hp":51,"move":1,"type":1}],"offpool":[0,0],"player":{"def":0,"effects":[0,0,0,0],"hp":71,"max_hp":80},"pool":[1,1,0,0,0]}
play 0 
{"deck":[0,0,0,0,0,1,1,1,1,2],"energy":0,"game_state":0,"hand":[1,2],"max_energy":3,"mobs":[{"def":0,"effects":[0,0,3,3],"hp":9,"max_hp":51,"move":1,"type":1}],"offpool":[0,0,1],"player":{"def":5,"effects":[0,0,0,0],"hp":71,"max_hp":80},"pool":[1,1,0,0,0]}
end 
{"deck":[0,0,0,0,0,1,1,1,1,2],"energy":3,"game_state":0,"hand":[0,0,0,1,1],"max_energy":3,"mobs":[{"def":0,"effects":[0,0,6,3],"hp":9,"max_hp":51,"move":1,"type":1}],"offpool":[0,0,1,2,1],"player":{"def":0,"effects":[0,0,0,0],"hp":64,"max_hp":80},"pool":[]}
play 2 0 
{"deck":[0,0,0,0,0,1,1,1,1,2],"energy":2,"game_state":0,"hand":[0,0,1,1],"max_energy":3,"mobs":[{"def":0,"effects":[0,0,6,3],"hp":3,"max_hp":51,"move":1,"type":1}],"offpool":[0,0,1,2,1,0],"player":{"def":0,"effects":[0,0,0,0],"hp":64,"max_hp":80},"pool":[]}
play 1 0 
{"deck":[0,0,0,0,0,1,1,1,1,2],"game_state":2,"max_energy":3,"player":{"def":0,"effects":[0,0,0,0],"hp":64,"max_hp":80}}
===============RESET===============
{"game_state":3}
play 1 
{"deck":[0,0,0,0,0,1,1,1,1,2],"energy":3,"game_state":0,"hand":[1,1,0,1,0],"max_energy":3,"mobs":[{"def":0,"effects":[0,0,0,0],"hp":49,"max_hp":49,"move":3,"type":1}],"offpool":[],"player":{"def":0,"effects":[0,0,0,0],"hp":80,"max_hp":80},"pool":[0,2,1,0,0]}
play 2 0 
{"deck":[0,0,0,0,0,1,1,1,1,2],"energy":2,"game_state":0,"hand":[1,1,1,0],"max_energy":3,"mobs":[{"def":0,"effects":[0,0,0,0],"hp":43,"max_hp":49,"move":3,"type":1}],"offpool":[0],"player":{"def":0,"effects":[0,0,0,0],"hp":80,"max_hp":80},"pool":[0,2,1,0,0]}
play 3 0 
{"deck":[0,0,0,0,0,1,1,1,1,2],"energy":1,"game_state":0,"hand":[1,1,1],"max_energy":3,"mobs":[{"def":0,"effects":[0,0,0,0],"hp":37,"max_hp":49,"move":3,"type":1}],"offpool":[0,0],"player":{"def":0,"effects":[0,0,0,0],"hp":80,"max_hp":80},"pool":[0,2,1,0,0]}
end 
{"deck":[0,0,0,0,0,1,1,1,1,2],"energy":3,"game_state":0,"hand":[0,0,1,2,0],"max_energy":3,"mobs":[{"def":0,"effects":[0,0,0,3],"hp":37,"max_hp":49,"move":1,"type":1}],"offpool":[0,0,1,1,1],"player":{"def":0,"effects":[0,0,0,0],"hp":80,"max_hp":80},"pool":[]}
play 0 0 
{"deck":[0,0,0,0,0,1,1,1,1,2],"energy":2,"game_state":0,"hand":[0,1,2,0],"max_energy":3,"mobs":[{"def":0,"effects":[0,0,0,3],"hp":31,"max_hp":49,"move":1,"type":1}],"offpool":[0,0,1,1,1,0],"player":{"def":0,"effects":[0,0,0,0],"hp":80,"max_hp":80},"pool":[]}
play 0 0 
{"deck":[0,0,0,0,0,1,1,1,1,2],"energy":1,"game_state":0,"hand":[1,2,0],"max_energy":3,"mobs":[{"def":0,"effects":[0,0,0,3],"hp":25,"max_hp":49,"move":1,"type":1}],"offpool":[0,0,1,1,1,0,0],"player":{"def":0,"effects":[0,0,0,0],"hp":80,"max_hp":80},"pool":[]}
play 0 
{"deck":[0,0,0,0,0,1,1,1,1,2],"energy":0,"game_state":0,"hand":[2,0],"max_energy":3,"mobs":[{"def":0,"effects":[0,0,0,3],"hp":25,"max_hp":49,"move":1,"type":1}],"offpool":[0,0,1,1,1,0,0,1],"player":{"def":5,"effects":[0,0,0,0],"hp":80,"max_hp":80},"pool":[]}
end 
{"deck":[0,0,0,0,0,1,1,1,1,2],"energy":3,"game_state":0,"hand":[2,0,0,0,1],"max_energy":3,"mobs":[{"def":0,"effects":[0,0,3,3],"hp":25,"max_hp":49,"move":1,"type":1}],"offpool":[],"player":{"def":0,"effects":[0,0,0,0],"hp":76,"max_hp":80},"pool":[0,1,1,0,1]}
play 1 0 
{"deck":[0,0,0,0,0,1,1,1,1,2],"energy":2,"game_state":0,"hand":[2,0,0,1],"max_energy":3,"mobs":[{"def":0,"effects":[0,0,3,3],"hp":19,"max_hp":49,"move":1,"type":1}],"offpool":[0],"player":{"def":0,"effects":[0,0,0,0],"hp":76,"max_hp":80},"pool":[0,1,1,0,1]}
play 1 0 
{"deck":[0,0,0,0,0,1,1,1,1,2],"energy":1,"game_state":0,"hand":[2,0,1],"max_energy":3,"mobs":[{"def":0,"effects":[0,0,3,3],"hp":13,"max_hp":49,"move":1,"type":1}],"offpool":[0,0],"player":{"def":0,"effects":[0,0,0,0],"hp":76,"max_hp":80},"pool":[0,1,1,0,1]}
play 2 
{"deck":[0,0,0,0,0,1,1,1,1,2],"energy":0,"game_state":0,"hand":[2,0],"max_energy":3,"mobs":[{"def":0,"effects":[0,0,3,3],"hp":13,"max_hp":49,"move":1,"type":1}],"offpool":[0,0,1],"player":{"def":5,"effects":[0,0,0,0],"hp":76,"max_hp":80},"pool":[0,1,1,0,1]}
end 
{"deck":[0,0,0,0,0,1,1,1,1,2],"energy":3,"game_state":0,"hand":[1,0,1,1,0],"max_energy":3,"mobs":[{"def":0,"effects":[0,0,6,3],"hp":13,"max_hp":49,"move":1,"type":1}],"offpool":[0,0,1,0,2],"player":{"def":0,"effects":[0,0,0,0],"hp":69,"max_hp":80},"pool":[]}
play 1 0 
{"deck":[0,0,0,0,0,1,1,1,1,2],"energy":2,"game_state":0,"hand":[1,1,1,0],"max_energy":3,"mobs":[{"def":0,"effects":[0,0,6,3],"hp":7,"max_hp":49,"move":1,"type":1}],"offpool":[0,0,1,0,2,0],"player":{"def":0,"effects":[0,0,0,0],"hp":69,"max_hp":80},"pool":[]}
play 3 0 
{"deck":[0,0,0,0,0,1,1,1,1,2],"energy":1,"game_state":0,"hand":[1,1,1],"max_energy":3,"mobs":[{"def":0,"effects":[0,0,6,3],"hp":1,"max_hp":49,"move":1,"type":1}],"offpool":[0,0,1,0,2,0,0],"player":{"def":0,"effects":[0,0,0,0],"hp":69,"max_hp":80},"pool":[]}
play 2 
{"deck":[0,0,0,0,0,1,1,1,1,2],"energy":0,"game_state":0,"hand":[1,1],"max_energy":3,"mobs":[{"def":0,"effects":[0,0,6,3],"hp":1,"max_hp":49,"move":1,"type":1}],"offpool":[0,0,1,0,2,0,0,1],"player":{"def":5,"effects":[0,0,0,0],"hp":69,"max_hp":80},"pool":[]}
end 
{"deck":[0,0,0,0,0,1,1,1,1,2],"energy":3,"game_state":0,"hand":[1,2,1,1,0],"max_energy":3,"mobs":[{"def":0,"effects":[0,0,9,3],"hp":1,"max_hp":49,"move":1,"type":1}],"offpool":[],"player":{"def":0,"effects":[0,0,0,0],"hp":59,"max_hp":80},"pool":[0,1,0,0,0]}
play 2 
{"deck":[0,0,0,0,0,1,1,1,1,2],"energy":2,"game_state":0,"hand":[1,2,1,0],"max_energy":3,"mobs":[{"def":0,"effects":[0,0,9,3],"hp":1,"max_hp":49,"move":1,"type":1}],"offpool":[1],"player":{"def":5,"effects":[0,0,0,0],"hp":59,"max_hp":80},"pool":[0,1,0,0,0]}
play 3 0 
{"deck":[0,0,0,0,0,1,1,1,1,2],"game_state":2,"max_energy":3,"player":{"def":5,"effects":[0,0,0,0],"hp":59,"max_hp":80}}
===============RESET===============
{"game_state":3}
play 1 
{"deck":[0,0,0,0,0,1,1,1,1,2],"energy":3,"game_state":0,"hand":[1,0,1,0,0],"max_energy":3,"mobs":[{"def":0,"effects":[0,0,0,0],"hp":50,"max_hp":50,"move":3,"type":1}],"offpool":[],"player":{"def":0,"effects":[0,0,0,0],"hp":80,"max_hp":80},"pool":[0,1,2,1,0]}
play 1 0 
{"deck":[0,0,0,0,0,1,1,1,1,2],"energy":2,"game_state":0,"hand":[1,1,0,0],"max_energy":3,"mobs":[{"def":0,"effects":[0,0,0,0],"hp":44,"max_hp":50,"move":3,"type":1}],"offpool":[0],"player":{"def":0,"effects":[0,0,0,0],"hp":80,"max_hp":80},"pool":[0,1,2,1,0]}
play 2 0 
{"deck":[0,0,0,0,0,1,1,1,1,2],"energy":1,"game_state":0,"hand":[1,1,0],"max_energy":3,"mobs":[{"def":0,"effects":[0,0,0,0],"hp":38,"max_hp":50,"move":3,"type":1}],"offpool":[0,0],"player":{"def":0,"effects":[0,0,0,0],"hp":80,"max_hp":80},"pool":[0,1,2,1,0]}
play 2 0 
{"deck":[0,0,0,0,0,1,1,1,1,2],"energy":0,"game_state":0,"hand":[1,1],"max_energy":3,"mobs":[{"def":0,"effects":[0,0,0,0],"hp":32,"max_hp":50,"move":3,"type":1}],"offpool":[0,0,0],"player":{"def":0,"effects":[0,0,0,0],"hp":80,"max_hp":80},"pool":[0,1,2,1,0]}
end 
{"deck":[0,0,0,0,0,1,1,1,1,2],"energy":3,"game_state":0,"hand":[0,1,2,1,0],"max_energy":3,"mobs":[{"def":0,"effects":[0,0,0,3],"hp":32,"max_hp":50,"move":1,"type":1}],"offpool":[0,0,0,1,1],"player":{"def":0,"effects":[0,0,0,0],"hp":80,"max_hp":80},"pool":[]}
play 0 0 
{"deck":[0,0,0,0,0,1,1,1,1,2],"energy":2,"game_state":0,"hand":[1,2,1,0],"max_energy":3,"mobs":[{"def":0,"effects":[0,0,0,3],"hp":26,"max_hp":50,"move":1,"type":1}],"offpool":[0,0,0,1,1,0],"player":{"def":0,"effects":[0,0,0,0],"hp":80,"max_hp":80},"pool":[]}
play 3 0 
{"deck":[0,0,0,0,0,1,1,1,1,2],"energy":1,"game_state":0,"hand":[1,2,1],"max_energy":3,"mobs":[{"def":0,"effects":[0,0,0,3],"hp":20,"max_hp":50,"move":1,"type":1}],"offpool":[0,0,0,1,1,0,0],"player":{"def":0,"effects":[0,0,0,0],"hp":80,"max_hp":80},"pool":[]}
play 0 
{"deck":[0,0,0,0,0,1,1,1,1,2],"energy":0,"game_state":0,"hand":[2,1],"max_energy":3,"mobs":[{"def":0,"effects":[0,0,0,3],"hp":20,"max_hp":50,"move":1,"type":1}],"offpool":[0,0,0,1,1,0,0,1],"player":{"def":5,"effects":[0,0,0,0],"hp":80,"max_hp":80},"pool":[]}
end 
{"deck":[0,0,0,0,0,1,1,1,1,2],"energy":3,"game_state":0,"hand":[1,0,0,2,1],"max_energy":3,"mobs":[{"def":0,"effects":[0,0,3,3],"hp":20,"max_hp":50,"move":1,"type":1}],"offpool":[],"player":{"def":0,"effects":[0,0,0,0],"hp":76,"max_hp":80},"pool":[0,0,0,1,1]}
play 2 0 
{"deck":[0,0,0,0,0,1,1,1,1,2],"energy":2,"game_state":0,"hand":[1,0,2,1],"max_energy":3,"mobs":[{"def":0,"effects":[0,0,3,3],"hp":14,"max_hp":50,"move":1,"type":1}],"offpool":[0],"player":{"def":0,"effects":[0,0,0,0],"hp":76,"max_hp":80},"pool":[0,0,0,1,1]}
play 1 0 
{"deck":[0,0,0,0,0,1,1,1,1,2],"energy":1,"game_state":0,"hand":[1,2,1],"max_energy":3,"mobs":[{"def":0,"effects":[0,0,3,3],"hp":8,"max_hp":50,"move":1,"type":1}],"offpool":[0,0],"player":{"def":0,"effects":[0,0,0,0],"hp":76,"max_hp":80},"pool":[0,0,0,1,1]}
play 0 
{"deck":[0,0,0,0,0,1,1,1,1,2],"energy":0,"game_state":0,"hand":[2,1],"max_energy":3,"mobs":[{"def":0,"effects":[0,0,3,3],"hp":8,"max_hp":50,"move":1,"type":1}],"offpool":[0,0,1],"player":{"def":5,"effects":[0,0,0,0],"hp":76,"max_hp":80},"pool":[0,0,0,1,1]}
end 
{"deck":[0,0,0,0,0,1,1,1,1,2],"energy":3,"game_state":0,"hand":[1,1,0,0,0],"max_energy":3,"mobs":[{"def":0,"effects":[0,0,6,3],"hp":8,"max_hp":50,"move":1,"type":1}],"offpool":[0,0,1,1,2],"player":{"def":0,"effects":[0,0,0,0],"hp":69,"max_hp":80},"pool":[]}
play 2 0 
{"deck":[0,0,0,0,0,1,1,1,1,2],"energy":2,"game_state":0,"hand":[1,1,0,0],"max_energy":3,"mobs":[{"def":0,"effects":[0,0,6,3],"hp":2,"max_hp":50,"move":1,"type":1}],"offpool":[0,0,1,1,2,0],"player":{"def":0,"effects":[0,0,0,0],"hp":69,"max_hp":80},"pool":[]}
play 2 0 
{"deck":[0,0,0,0,0,1,1,1,1,2],"game_state":2,"max_energy":3,"player":{"def":0,"effects":[0,0,0,0],"hp":69,"max_hp":80}}
===============RESET===============
{"game_state":3}
play 1 
{"deck":[0,0,0,0,0,1,1,1,1,2],"energy":3,"game_state":0,"hand":[0,1,1,2,1],"max_energy":3,"mobs":[{"def":0,"effects":[0,0,0,0],"hp":52,"max_hp":52,"move":3,"type":1}],"offpool":[],"player":{"def":0,"effects":[0,0,0,0],"hp":80,"max_hp":80},"pool":[0,0,1,0,0]}
play 0 0 
{"deck":[0,0,0,0,0,1,1,1,1,2],"energy":2,"game_state":0,"hand":[1,1,2,1],"max_energy":3,"mobs":[{"def":0,"effects":[0,0,0,0],"hp":46,"max_hp":52,"move":3,"type":1}],"offpool":[0],"player":{"def":0,"effects":[0,0,0,0],"hp":80,"max_hp":80},"pool":[0,0,1,0,0]}
end 
{"deck":[0,0,0,0,0,1,1,1,1,2],"energy":3,"game_state":0,"hand":[0,0,1,0,0],"max_energy":3,"mobs":[{"def":0,"effects":[0,0,0,3],"hp":46,"max_hp":52,"move":1,"type":1}],"offpool":[0,1,2,1,1],"player":{"def":0,"effects":[0,0,0,0],"hp":80,"max_hp":80},"pool":[]}
play 0 0 
{"deck":[0,0,0,0,0,1,1,1,1,2],"energy":2,"game_state":0,"hand":[0,1,0,0],"max_energy":3,"mobs":[{"def":0,"effects":[0,0,0,3],"hp":40,"max_hp":52,"move":1,"type":1}],"offpool":[0,1,2,1,1,0],"player":{"def":0,"effects":[0,0,0,0],"hp":80,"max_hp":80},"pool":[]}
play 0 0 
{"deck":[0,0,0,0,0,1,1,1,1,2],"energy":1,"game_state":0,"hand":[1,0,0],"max_energy":3,"mobs":[{"def":0,"effects":[0,0,0,3],"hp":34,"max_hp":52,"move":1,"type":1}],"offpool":[0,1,2,1,1,0,0],"player":{"def":0,"effects":[0,0,0,0],"hp":80,"max_hp":80},"pool":[]}
play 2 0 
{"deck":[0,0,0,0,0,1,1,1,1,2],"energy":0,"game_state":0,"hand":[1,0],"max_energy":3,"mobs":[{"def":0,"effects":[0,0,0,3],"hp":28,"max_hp":52,"move":1,"type":1}],"offpool":[0,1,2,1,1,0,0,0],"player":{"def":0,"effects":[0,0,0,0],"hp":80,"max_hp":80},"pool":[]}
end 
{"deck":[0,0,0,0,0,1,1,1,1,2],"energy":3,"game_state":0,"hand":[0,0,0,1,2],"max_energy":3,"mobs":[{"def":0,"effects":[0,0,3,3],"hp":28,"max_hp":52,"move":1,"type":1}],"offpool":[],"player":{"def":0,"effects":[0,0,0,0],"hp":71,"max_hp":80},"pool":[1,0,0,1,1]}
play 2 0 
{"deck":[0,0,0,0,0,1,1,1,1,2],"energy":2,"game_state":0,"hand":[0,0,1,2],"max_energy":3,"mobs":[{"def":0,"effects":[0,0,3,3],"hp":22,"max_hp":52,"move":1,"type":1}],"offpool":[0],"player":{"def":0,"effects":[0,0,0,0],"hp":71,"max_hp":80},"pool":[1,0,0,1,1]}
play 1 0 
{"deck":[0,0,0,0,0,1,1,1,1,2],"energy":1,"game_state":0,"hand":[0,1,2],"max_energy":3,"mobs":[{"def":0,"effects":[0,0,3,3],"hp":16,"max_hp":52,"move":1,"type":1}],"offpool":[0,0],"player":{"def":0,"effects":[0,0,0,0],"hp":71,"max_hp":80},"pool":[1,0,0,1,1]}
play 0 0 
{"deck":[0,0,0,0,0,1,1,1,1,2],"energy":0,"game_state":0,"hand":[1,2],"max_energy":3,"mobs":[{"def":0,"effects":[0,0,3,3],"hp":10,"max_hp":52,"move":1,"type":1}],"offpool":[0,0,0],"player":{"def":0,"effects":[0,0,0,0],"hp":71,"max_hp":80},"pool":[1,0,0,1,1]}
end 
{"deck":[0,0,0,0,0,1,1,1,1,2],"energy":3,"game_state":0,"hand":[1,1,0,0,1],"max_energy":3,"mobs":[{"def":0,"effects":[0,0,6,3],"hp":10,"max_hp":52,"move":1,"type":1}],"offpool":[0,0,0,2,1],"player":{"def":0,"effects":[0,0,0,0],"hp":59,"max_hp":80},"pool":[]}
play 2 0 
{"deck":[0,0,0,0,0,1,1,1,1,2],"energy":2,"game_state":0,"hand":[1,1,0,1],"max_energy":3,"mobs":[{"def":0,"effects":[0,0,6,3],"hp":4,"max_hp":52,"move":1,"type":1}],"offpool":[0,0,0,2,1,0],"player":{"def":0,"effects":[0,0,0,0],"hp":59,"max_hp":80},"pool":[]}
play 2 0 
{"deck":[0,0,0,0,0,1,1,1,1,2],"game_state":2,"max_energy":3,"player":{"def":0,"effects":[0,0,0,0],"hp":59,"max_hp":80}}
===============RESET===============
{"game_state":3}
play 1 
{"deck":[0,0,0,0,0,1,1,1,1,2],"energy":3,"game_state":0,"hand":[0,1,1,0,0],"max_energy":3,"mobs":[{"def":0,"effects":[0,0,0,0],"hp":48,"max_hp":48,"move":3,"type":1}],"offpool":[],"player":{"def":0,"effects":[0,0,0,0],"hp":80,"max_hp":80},"pool":[0,0,2,1,1]}
play 0 0 
{"deck":[0,0,0,0,0,1,1,1,1,2],"energy":2,"game_state":0,"hand":[1,1,0,0],"max_energy":3,"mobs":[{"def":0,"effects":[0,0,0,0],"hp":42,"max_hp":48,"move":3,"type":1}],"offpool":[0],"player":{"def":0,"effects":[0,0,0,0],"hp":80,"max_hp":80},"pool":[0,0,2,1,1]}
play 2 0 
{"deck":[0,0,0,0,0,1,1,1,1,2],"energy":1,"game_state":0,"hand":[1,1,0],"max_energy":3,"mobs":[{"def":0,"effects":[0,0,0,0],"hp":36,"max_hp":48,"move":3,"type":1}],"offpool":[0,0],"player":{"def":0,"effects":[0,0,0,0],"hp":80,"max_hp":80},"pool":[0,0,2,1,1]}
play 2 0 
{"deck":[0,0,0,0,0,1,1,1,1,2],"energy":0,"game_state":0,"hand":[1,1],"max_energy":3,"mobs":[{"def":0,"effects":[0,0,0,0],"hp":30,"max_hp":48,"move":3,"type":1}],"offpool":[0,0,0],"player":{"def":0,"effects":[0,0,0,0],"hp":80,"max_hp":80},"pool":[0,0,2,1,1]}
end 
{"deck":[0,0,0,0,0,1,1,1,1,2],"energy":3,"game_state":0,"hand":[1,1,2,0,0],"max_energy":3,"mobs":[{"def":0,"effects":[0,0,0,3],"hp":30,"max_hp":48,"move":1,"type":1}],"offpool":[0,0,0,1,1],"player":{"def":0,"effects":[0,0,0,0],"hp":80,"max_hp":80},"pool":[]}
play 3 0 
{"deck":[0,0,0,0,0,1,1,1,1,2],"energy":2,"game_state":0,"hand":[1,1,2,0],"max_energy":3,"mobs":[{"def":0,"effects":[0,0,0,3],"hp":24,"max_hp":48,"move":1,"type":1}],"offpool":[0,0,0,1,1,0],"player":{"def":0,"effects":[0,0,0,0],"hp":80,"max_hp":80},"pool":[]}
play 3 0 
{"deck":[0,0,0,0,0,1,1,1,1,2],"energy":1,"game_state":0,"hand":[1,1,2],"max_energy":3,"mobs":[{"def":0,"effects":[0,0,0,3],"hp":18,"max_hp":48,"move":1,"type":1}],"offpool":[0,0,0,1,1,0,0],"player":{"def":0,"effects":[0,0,0,0],"hp":80,"max_hp":80},"pool":[]}
play 0 
{"deck":[0,0,0,0,0,1,1,1,1,2],"energy":0,"game_state":0,"hand":[1,2],"max_energy":3,"mobs":[{"def":0,"effects":[0,0,0,3],"hp":18,"max_hp":48,"move":1,"type":1}],"offpool":[0,0,0,1,1,0,0,1],"player":{"def":5,"effects":[0,0,0,0],"hp":80,"max_hp":80},"pool":[]}
end 
{"deck":[0,0,0,0,0,1,1,1,1,2],"energy":3,"game_state":0,"hand":[1,0,1,0,0],"max_energy":3,"mobs":[{"def":0,"effects":[0,0,3,3],"hp":18,"max_hp":48,"move":1,"type":1}],"offpool":[],"player":{"def":0,"effects":[0,0,0,0],"hp":76,"max_hp":80},"pool":[1,1,0,0,2]}
play 1 0 
{"deck":[0,0,0,0,0,1,1,1,1,2],"energy":2,"game_state":0,"hand":[1,1,0,0],"max_energy":3,"mobs":[{"def":0,"effects":[0,0,3,3],"hp":12,"max_hp":48,"move":1,"type":1}],"offpool":[0],"player":{"def":0,"effects":[0,0,0,0],"hp":76,"max_hp":80},"pool":[1,1,0,0,2]}
play 2 0 
{"deck":[0,0,0,0,0,1,1,1,1,2],"energy":1,"game_state":0,"hand":[1,1,0],"max_energy":3,"mobs":[{"def":0,"effects":[0,0,3,3],"hp":6,"max_hp":48,"move":1,"type":1}],"offpool":[0,0],"player":{"def":0,"effects":[0,0,0,0],"hp":76,"max_hp":80},"pool":[1,1,0,0,2]}
play 2 0 
{"deck":[0,0,0,0,0,1,1,1,1,2],"game_state":2,"max_energy":3,"player":{"def":0,"effects":[0,0,0,0],"hp":76,"max_hp":80}}
===============RESET===============
{"game_state":3}
play 1 
{"deck":[0,0,0,0,0,1,1,1,1,2],"energy":3,"game_state":0,"hand":[2,0,0,0,0],"max_energy":3,"mobs":[{"def":0,"effects":[0,0,0,0],"hp":54,"max_hp":54,"move":3,"type":1}],"offpool":[],"player":{"def":0,"effects":[0,0,0,0],"hp":80,"max_hp":80},"pool":[1,0,1,1,1]}
play 1 0 
{"deck":[0,0,0,0,0,1,1,1,1,2],"energy":2,"game_state":0,"hand":[2,0,0,0],"max_energy":3,"mobs":[{"def":0,"effects":[0,0,0,0],"hp":48,"max_hp":54,"move":3,"type":1}],"offpool":[0],"player":{"def":0,"effects":[0,0,0,0],"hp":80,"max_hp":80},"pool":[1,0,1,1,1]}
play 1 0 
{"deck":[0,0,0,0,0,1,1,1,1,2],"energy":1,"game_state":0,"hand":[2,0,0],"max_energy":3,"mobs":[{"def":0,"effects":[0,0,0,0],"hp":42,"max_hp":54,"move":3,"type":1}],"offpool":[0,0],"player":{"def":0,"effects":[0,0,0,0],"hp":80,"max_hp":80},"pool":[1,0,1,1,1]}
play 2 0 
{"deck":[0,0,0,0,0,1,1,1,1,2],"energy":0,"game_state":0,"hand":[2,0],"max_energy":3,"mobs":[{"def":0,"effects":[0,0,0,0],"hp":36,"max_hp":54,"move":3,"type":1}],"offpool":[0,0,0],"player":{"def":0,"effects":[0,0,0,0],"hp":80,"max_hp":80},"pool":[1,0,1,1,1]}
end 
{"deck":[0,0,0,0,0,1,1,1,1,2],"energy":3,"game_state":0,"hand":[1,1,1,0,1],"max_energy":3,"mobs":[{"def":0,"effects":[0,0,0,3],"hp":36,"max_hp":54,"move":1,"type":1}],"offpool":[0,0,0,0,2],"player":{"def":0,"effects":[0,0,0,0],"hp":80,"max_hp":80},"pool":[]}
play 4 
{"deck":[0,0,0,0,0,1,1,1,1,2],"energy":2,"game_state":0,"hand":[1,1,1,0],"max_energy":3,"mobs":[{"def":0,"effects":[0,0,0,3],"hp":36,"max_hp":54,"move":1,"type":1}],"offpool":[0,0,0,0,2,1],"player":{"def":5,"effects":[0,0,0,0],"hp":80,"max_hp":80},"pool":[]}
play 3 0 
{"deck":[0,0,0,0,0,1,1,1,1,2],"energy":1,"game_state":0,"hand":[1,1,1],"max_energy":3,"mobs":[{"def":0,"effects":[0,0,0,3],"hp":30,"max_hp":54,"move":1,"type":1}],"offpool":[0,0,0,0,2,1,0],"player":{"def":5,"effects":[0,0,0,0],"hp":80,"max_hp":80},"pool":[]}
play 0 
{"deck":[0,0,0,0,0,1,1,1,1,2],"energy":0,"game_state":0,"hand":[1,1],"max_energy":3,"mobs":[{"def":0,"effects":[0,0,0,3],"hp":30,"max_hp":54,"move":1,"type":1}],"offpool":[0,0,0,0,2,1,0,1],"player":{"def":10,"effects":[0,0,0,0],"hp":80,"max_hp":80},"pool":[]}
end 
{"deck":[0,0,0,0,0,1,1,1,1,2],"energy":3,"game_state":0,"hand":[0,0,0,0,0],"max_energy":3,"mobs":[{"def":0,"effects":[0,0,3,3],"hp":30,"max_hp":54,"move":1,"type":1}],"offpool":[],"player":{"def":0,"effects":[0,0,0,0],"hp":80,"max_hp":80},"pool":[1,1,2,1,1]}
play 1 0 
{"deck":[0,0,0,0,0,1,1,1,1,2],"energy":2,"game_state":0,"hand":[0,0,0,0],"max_energy":3,"mobs":[{"def":0,"effects":[0,0,3,3],"hp":24,"max_hp":54,"move":1,"type":1}],"offpool":[0],"player":{"def":0,"effects":[0,0,0,0],"hp":80,"max_hp":80},"pool":[1,1,2,1,1]}
play 2 0 
{"deck":[0,0,0,0,0,1,1,1,1,2],"energy":1,"game_state":0,"hand":[0,0,0],"max_energy":3,"mobs":[{"def":0,"effects":[0,0,3,3],"hp":18,"max_hp":54,"move":1,"type":1}],"offpool":[0,0],"player":{"def":0,"effects":[0,0,0,0],"hp":80,"max_hp":80},"pool":[1,1,2,1,1]}
play 1 0 
{"deck":[0,0,0,0,0,1,1,1,1,2],"energy":0,"game_state":0,"hand":[0,0],"max_energy":3,"mobs":[{"def":0,"effects":[0,0,3,3],"hp":12,"max_hp":54,"move":1,"type":1}],"offpool":[0,0,0],"player":{"def":0,"effects":[0,0,0,0],"hp":80,"max_hp":80},"pool":[1,1,2,1,1]}
end 
{"deck":[0,0,0,0,0,1,1,1,1,2],"energy":3,"game_state":0,"hand":[1,1,2,1,1],"max_energy":3,"mobs":[{"def":0,"effects":[0,0,6,3],"hp":12,"max_hp":54,"move":1,"type":1}],"offpool":[0,0,0,0,0],"player":{"def":0,"effects":[0,0,0,0],"hp":68,"max_hp":80},"pool":[]}
play 0 
{"deck":[0,0,0,0,0,1,1,1,1,2],"energy":2,"game_state":0,"hand":[1,2,1,1],"max_energy":3,"mobs":[{"def":0,"effects":[0,0,6,3],"hp":12,"max_hp":54,"move":1,"type":1}],"offpool":[0,0,0,0,0,1],"player":{"def":5,"effects":[0,0,0,0],"hp":68,"max_hp":80},"pool":[]}
play 0 
{"deck":[0,0,0,0,0,1,1,1,1,2],"energy":1,"game_state":0,"hand":[2,1,1],"max_energy":3,"mobs":[{"def":0,"effects":[0,0,6,3],"hp":12,"max_hp":54,"move":1,"type":1}],"offpool":[0,0,0,0,0,1,1],"player":{"def":10,"effects":[0,0,0,0],"hp":68,"max_hp":80},"pool":[]}
play 2 
{"deck":[0,0,0,0,0,1,1,1,1,2],"energy":0,"game_state":0,"hand":[2,1],"max_energy":3,"mobs":[{"def":0,"effects":[0,0,6,3],"hp":12,"max_hp":54,"move":1,"type":1}],"offpool":[0,0,0,0,0,1,1,1],"player":{"def":15,"effects":[0,0,0,0],"hp":68,"max_hp":80},"pool":[]}
end 
{"deck":[0,0,0,0,0,1,1,1,1,2],"energy":3,"game_state":0,"hand":[0,0,0,1,1],"max_energy":3,"mobs":[{"def":0,"effects":[0,0,9,3],"hp":12,"max_hp":54,"move":1,"type":1}],"offpool":[],"player":{"def":0,"effects":[0,0,0,0],"hp":68,"max_hp":80},"pool":[1,0,0,2,1]}
play 0 0 
{"deck":[0,0,0,0,0,1,1,1,1,2],"energy":2,"game_state":0,"hand":[0,0,1,1],"max_energy":3,"mobs":[{"def":0,"effects":[0,0,9,3],"hp":6,"max_hp":54,"move":1,"type":1}],"offpool":[0],"player":{"def":0,"effects":[0,0,0,0],"hp":68,"max_hp":80},"pool":[1,0,0,2,1]}
play 0 0 
{"deck":[0,0,0,0,0,1,1,1,1,2],"game_state":2,"max_energy":3,"player":{"def":0,"effects":[0,0,0,0],"hp":68,"max_hp":80}}
===============RESET===============
{"game_state":3}
play 1 
{"deck":[0,0,0,0,0,1,1,1,1,2],"energy":3,"game_state":0,"hand":[1,0,0,2,0],"max_energy":3,"mobs":[{"def":0,"effects":[0,0,0,0],"hp":52,"max_hp":52,"move":3,"type":1}],"offpool":[],"player":{"def":0,"effects":[0,0,0,0],"hp":80,"max_hp":80},"pool":[1,0,1,1,0]}
play 2 0 
{"deck":[0,0,0,0,0,1,1,1,1,2],"energy":2,"game_state":0,"hand":[1,0,2,0],"max_energy":3,"mobs":[{"def":0,"effects":[0,0,0,0],"hp":46,"max_hp":52,"move":3,"type":1}],"offpool":[0],"player":{"def":0,"effects":[0,0,0,0],"hp":80,"max_hp":80},"pool":[1,0,1,1,0]}
play 1 0 
{"deck":[0,0,0,0,0,1,1,1,1,2],"energy":1,"game_state":0,"hand":[1,2,0],"max_energy":3,"mobs":[{"def":0,"effects":[0,0,0,0],"hp":40,"max_hp":52,"move":3,"type":1}],"offpool":[0,0],"player":{"def":0,"effects":[0,0,0,0],"hp":80,"max_hp":80},"pool":[1,0,1,1,0]}
play 0 
{"deck":[0,0,0,0,0,1,1,1,1,2],"energy":0,"game_state":0,"hand":[2,0],"max_energy":3,"mobs":[{"def":0,"effects":[0,0,0,0],"hp":40,"max_hp":52,"move":3,"type":1}],"offpool":[0,0,1],"player":{"def":5,"effects":[0,0,0,0],"hp":80,"max_hp":80},"pool":[1,0,1,1,0]}
end 
{"deck":[0,0,0,0,0,1,1,1,1,2],"energy":3,"game_state":0,"hand":[0,1,1,0,1],"max_energy":3,"mobs":[{"def":0,"effects":[0,0,0,3],"hp":40,"max_hp":52,"move":1,"type":1}],"offpool":[0,0,1,0,2],"player":{"def":0,"effects":[0,0,0,0],"hp":80,"max_hp":80},"pool":[]}
play 0 0 
{"deck":[0,0,0,0,0,1,1,1,1,2],"energy":2,"game_state":0,"hand":[1,1,0,1],"max_energy":3,"mobs":[{"def":0,"effects":[0,0,0,3],"hp":34,"max_hp":52,"move":1,"type":1}],"offpool":[0,0,1,0,2,0],"player":{"def":0,"effects":[0,0,0,0],"hp":80,"max_hp":80},"pool":[]}
play 2 0 
{"deck":[0,0,0,0,0,1,1,1,1,2],"energy":1,"game_state":0,"hand":[1,1,1],"max_energy":3,"mobs":[{"def":0,"effects":[0,0,0,3],"hp":28,"max_hp":52,"move":1,"type":1}],"offpool":[0,0,1,0,2,0,0],"player":{"def":0,"effects":[0,0,0,0],"hp":80,"max_hp":80},"pool":[]}
play 0 
{"deck":[0,0,0,0,0,1,1,1,1,2],"energy":0,"game_state":0,"hand":[1,1],"max_energy":3,"mobs":[{"def":0,"effects":[0,0,0,3],"hp":28,"max_hp":52,"move":1,"type":1}],"offpool":[0,0,1,0,2,0,0,1],"player":{"def":5,"effects":[0,0,0,0],"hp":80,"max_hp":80},"pool":[]}
end 
{"deck":[0,0,0,0,0,1,1,1,1,2],"energy":3,"game_state":0,"hand":[0,0,0,1,0],"max_energy":3,"mobs":[{"def":0,"effects":[0,0,3,3],"hp":28,"max_hp":52,"move":1,"type":1}],"offpool":[],"player":{"def":0,"effects":[0,0,0,0],"hp":76,"max_hp":80},"pool":[1,2,1,1,0]}
play 1 0 
{"deck":[0,0,0,0,0,1,1,1,1,2],"energy":2,"game_state":0,"hand":[0,0,1,0],"max_energy":3,"mobs":[{"def":0,"effects":[0,0,3,3],"hp":22,"max_hp":52,"move":1,"type":1}],"offpool":[0],"player":{"def":0,"effects":[0,0,0,0],"hp":76,"max_hp":80},"pool":[1,2,1,1,0]}
play 0 0 
{"deck":[0,0,0,0,0,1,1,1,1,2],"energy":1,"game_state":0,"hand":[0,1,0],"max_energy":3,"mobs":[{"def":0,"effects":[0,0,3,3],"hp":16,"max_hp":52,"move":1,"type":1}],"offpool":[0,0],"player":{"def":0,"effects":[0,0,0,0],"hp":76,"max_hp":80},"pool":[1,2,1,1,0]}
play 0 0 
{"deck":[0,0,0,0,0,1,1,1,1,2],"energy":0,"game_state":0,"hand":[1,0],"max_energy":3,"mobs":[{"def":0,"effects":[0,0,3,3],"hp":10,"max_hp":52,"move":1,"type":1}],"offpool":[0,0,0],"player":{"def":0,"effects":[0,0,0,0],"hp":76,"max_hp":80},"pool":[1,2,1,1,0]}
end 
{"deck":[0,0,0,0,0,1,1,1,1,2],"energy":3,"game_state":0,"hand":[0,1,1,2,1],"max_energy":3,"mobs":[{"def":0,"effects":[0,0,6,3],"hp":10,"max_hp":52,"move":1,"type":1}],"offpool":[0,0,0,0,1],"player":{"def":0,"effects":[0,0,0,0],"hp":64,"max_hp":80},"pool":[]}
play 0 0 
{"deck":[0,0,0,0,0,1,1,1,1,2],"energy":2,"game_state":0,"hand":[1,1,2,1],"max_energy":3,"mobs":[{"def":0,"effects":[0,0,6,3],"hp":4,"max_hp":52,"move":1,"type":1}],"offpool":[0,0,0,0,1,0],"player":{"def":0,"effects":[0,0,0,0],"hp":64,"max_hp":80},"pool":[]}
play 0 
{"deck":[0,0,0,0,0,1,1,1,1,2],"energy":1,"game_state":0,"hand":[1,2,1],"max_energy":3,"mobs":[{"def":0,"effects":[0,0,6,3],"hp":4,"max_hp":52,"move":1,"type":1}],"offpool":[0,0,0,0,1,0,1],"player":{"def":5,"effects":[0,0,0,0],"hp":64,"max_hp":80},"pool":[]}
play 0 
{"deck":[0,0,0,0,0,1,1,1,1,2],"energy":0,"game_state":0,"hand":[2,1],"max_energy":3,"mobs":[{"def":0,"effects":[0,0,6,3],"hp":4,"max_hp":52,"move":1,"type":1}],"offpool":[0,0,0,0,1,0,1,1],"player":{"def":10,"effects":[0,0,0,0],"hp":64,"max_hp":80},"pool":[]}
end 
{"deck":[0,0,0,0,0,1,1,1,1,2],"energy":3,"game_state":0,"hand":[0,1,0,2,0],"max_energy":3,"mobs":[{"def":0,"effects":[0,0,9,3],"hp":4,"max_hp":52,"move":1,"type":1}],"offpool":[],"player":{"def":0,"effects":[0,0,0,0],"hp":59,"max_hp":80},"pool":[0,0,1,1,1]}
play 2 0 
{"deck":[0,0,0,0,0,1,1,1,1,2],"game_state":2,"max_energy":3,"player":{"def":0,"effects":[0,0,0,0],"hp":59,"max_hp":80}}
===============RESET===============
{"game_state":3}
play 1 
{"deck":[0,0,0,0,0,1,1,1,1,2],"energy":3,"game_state":0,"hand":[0,2,1,0,1],"max_energy":3,"mobs":[{"def":0,"effects":[0,0,0,0],"hp":49,"max_hp":49,"move":3,"type":1}],"offpool":[],"player":{"def":0,"effects":[0,0,0,0],"hp":80,"max_hp":80},"pool":[1,0,0,0,1]}
play 0 0 
{"deck":[0,0,0,0,0,1,1,1,1,2],"energy":2,"game_state":0,"hand":[2,1,0,1],"max_energy":3,"mobs":[{"def":0,"effects":[0,0,0,0],"hp":43,"max_hp":49,"move":3,"type":1}],"offpool":[0],"player":{"def":0,"effects":[0,0,0,0],"hp":80,"max_hp":80},"pool":[1,0,0,0,1]}
play 2 0 
{"deck":[0,0,0,0,0,1,1,1,1,2],"energy":1,"game_state":0,"hand":[2,1,1],"max_energy":3,"mobs":[{"def":0,"effects":[0,0,0,0],"hp":37,"max_hp":49,"move":3,"type":1}],"offpool":[0,0],"player":{"def":0,"effects":[0,0,0,0],"hp":80,"max_hp":80},"pool":[1,0,0,0,1]}
end 
{"deck":[0,0,0,0,0,1,1,1,1,2],"energy":3,"game_state":0,"hand":[1,0,0,0,1],"max_energy":3,"mobs":[{"def":0,"effects":[0,0,0,3],"hp":37,"max_hp":49,"move":1,"type":1}],"offpool":[0,0,1,1,2],"player":{"def":0,"effects":[0,0,0,0],"hp":80,"max_hp":80},"pool":[]}
play 2 0 
{"deck":[0,0,0,0,0,1,1,1,1,2],"energy":2,"game_state":0,"hand":[1,0,0,1],"max_energy":3,"mobs":[{"def":0,"effects":[0,0,0,3],"hp":31,"max_hp":49,"move":1,"type":1}],"offpool":[0,0,1,1,2,0],"player":{"def":0,"effects":[0,0,0,0],"hp":80,"max_hp":80},"pool":[]}
play 1 0 
{"deck":[0,0,0,0,0,1,1,1,1,2],"energy":1,"game_state":0,"hand":[1,0,1],"max_energy":3,"mobs":[{"def":0,"effects":[0,0,0,3],"hp":25,"max_hp":49,"move":1,"type":1}],"offpool":[0,0,1,1,2,0,0],"player":{"def":0,"effects":[0,0,0,0],"hp":80,"max_hp":80},"pool":[]}
play 1 0 
{"deck":[0,0,0,0,0,1,1,1,1,2],"energy":0,"game_state":0,"hand":[1,1],"max_energy":3,"mobs":[{"def":0,"effects":[0,0,0,3],"hp":19,"max_hp":49,"move":1,"type":1}],"offpool":[0,0,1,1,2,0,0,0],"player":{"def":0,"effects":[0,0,0,0],"hp":80,"max_hp":80},"pool":[]}
end 
{"deck":[0,0,0,0,0,1,1,1,1,2],"energy":3,"game_state":0,"hand":[0,0,2,1,1],"max_energy":3,"mobs":[{"def":0,"effects":[0,0,3,3],"hp":19,"max_hp":49,"move":1,"type":1}],"offpool":[],"player":{"def":0,"effects":[0,0,0,0],"hp":71,"max_hp":80},"pool":[0,0,1,0,1]}
play 0 0 
{"deck":[0,0,0,0,0,1,1,1,1,2],"energy":2,"game_state":0,"hand":[0,2,1,1],"max_energy":3,"mobs":[{"def":0,"effects":[0,0,3,3],"hp":13,"max_hp":49,"move":1,"type":1}],"offpool":[0],"player":{"def":0,"effects":[0,0,0,0],"hp":71,"max_hp":80},"pool":[0,0,1,0,1]}
play 0 0 
{"deck":[0,0,0,0,0,1,1,1,1,2],"energy":1,"game_state":0,"hand":[2,1,1],"max_energy":3,"mobs":[{"def":0,"effects":[0,0,3,3],"hp":7,"max_hp":49,"move":1,"type":1}],"offpool":[0,0],"player":{"def":0,"effects":[0,0,0,0],"hp":71,"max_hp":80},"pool":[0,0,1,0,1]}
play 2 
{"deck":[0,0,0,0,0,1,1,1,1,2],"energy":0,"game_state":0,"hand":[2,1],"max_energy":3,"mobs":[{"def":0,"effects":[0,0,3,3],"hp":7,"max_hp":49,"move":1,"type":1}],"offpool":[0,0,1],"player":{"def":5,"effects":[0,0,0,0],"hp":71,"max_hp":80},"pool":[0,0,1,0,1]}
end 
{"deck":[0,0,0,0,0,1,1,1,1,2],"energy":3,"game_state":0,"hand":[1,0,1,0,0],"max_energy":3,"mobs":[{"def":0,"effects":[0,0,6,3],"hp":7,"max_hp":49,"move":1,"type":1}],"offpool":[0,0,1,1,2],"player":{"def":0,"effects":[0,0,0,0],"hp":64,"max_hp":80},"pool":[]}
play 1 0 
{"deck":[0,0,0,0,0,1,1,1,1,2],"energy":2,"game_state":0,"hand":[1,1,0,0],"max_energy":3,"mobs":[{"def":0,"effects":[0,0,6,3],"hp":1,"max_hp":49,"move":1,"type":1}],"offpool":[0,0,1,1,2,0],"player":{"def":0,"effects":[0,0,0,0],"hp":64,"max_hp":80},"pool":[]}
play 2 0 
{"deck":[0,0,0,0,0,1,1,1,1,2],"game_state":2,"max_energy":3,"player":{"def":0,"effects":[0,0,0,0],"hp":64,"max_hp":80}}
===============RESET===============
{"game_state":3}
play 1 
{"deck":[0,0,0,0,0,1,1,1,1,2],"energy":3,"game_state":0,"hand":[1,0,1,0,0],"max_energy":3,"mobs":[{"def":0,"effects":[0,0,0,0],"hp":50,"max_hp":50,"move":3,"type":1}],"offpool":[],"player":{"def":0,"effects":[0,0,0,0],"hp":80,"max_hp":80},"pool":[1,1,0,0,2]}
play 1 0 
{"deck":[0,0,0,0,0,1,1,1,1,2],"energy":2,"game_state":0,"hand":[1,1,0,0],"max_energy":3,"mobs":[{"def":0,"effects":[0,0,0,0],"hp":44,"max_hp":50,"move":3,"type":1}],"offpool":[0],"player":{"def":0,"effects":[0,0,0,0],"hp":80,"max_hp":80},"pool":[1,1,0,0,2]}
play 2 0 
{"deck":[0,0,0,0,0,1,1,1,1,2],"energy":1,"game_state":0,"hand":[1,1,0],"max_energy":3,"mobs":[{"def":0,"effects":[0,0,0,0],"hp":38,"max_hp":50,"move":3,"type":1}],"offpool":[0,0],"player":{"def":0,"effects":[0,0,0,0],"hp":80,"max_hp":80},"pool":[1,1,0,0,2]}
play 2 0 
{"deck":[0,0,0,0,0,1,1,1,1,2],"energy":0,"game_state":0,"hand":[1,1],"max_energy":3,"mobs":[{"def":0,"effects":[0,0,0,0],"hp":32,"max_hp":50,"move":3,"type":1}],"offpool":[0,0,0],"player":{"def":0,"effects":[0,0,0,0],"hp":80,"max_hp":80},"pool":[1,1,0,0,2]}
end 
{"deck":[0,0,0,0,0,1,1,1,1,2],"energy":3,"game_state":0,"hand":[2,0,0,1,1],"max_energy":3,"mobs":[{"def":0,"effects":[0,0,0,3],"hp":32,"max_hp":50,"move":1,"type":1}],"offpool":[0,0,0,1,1],"player":{"def":0,"effects":[0,0,0,0],"hp":80,"max_hp":80},"pool":[]}
play 2 0 
{"deck":[0,0,0,0,0,1,1,1,1,2],"energy":2,"game_state":0,"hand":[2,0,1,1],"max_energy":3,"mobs":[{"def":0,"effects":[0,0,0,3],"hp":26,"max_hp":50,"move":1,"type":1}],"offpool":[0,0,0,1,1,0],"player":{"def":0,"effects":[0,0,0,0],"hp":80,"max_hp":80},"pool":[]}
play 1 0 
{"deck":[0,0,0,0,0,1,1,1,1,2],"energy":1,"game_state":0,"hand":[2,1,1],"max_energy":3,"mobs":[{"def":0,"effects":[0,0,0,3],"hp":20,"max_hp":50,"move":1,"type":1}],"offpool":[0,0,0,1,1,0,0],"player":{"def":0,"effects":[0,0,0,0],"hp":80,"max_hp":80},"pool":[]}
play 2 
{"deck":[0,0,0,0,0,1,1,1,1,2],"energy":0,"game_state":0,"hand":[2,1],"max_energy":3,"mobs":[{"def":0,"effects":[0,0,0,3],"hp":20,"max_hp":50,"move":1,"type":1}],"offpool":[0,0,0,1,1,0,0,1],"player":{"def":5,"effects":[0,0,0,0],"hp":80,"max_hp":80},"pool":[]}
end 
{"deck":[0,0,0,0,0,1,1,1,1,2],"energy":3,"game_state":0,"hand":[1,0,0,1,0],"max_energy":3,"mobs":[{"def":0,"effects":[0,0,3,3],"hp":20,"max_hp":50,"move":1,"type":1}],"offpool":[],"player":{"def":0,"effects":[0,0,0,0],"hp":76,"max_hp":80},"pool":[0,2,1,1,0]}
play 2 0 
{"deck":[0,0,0,0,0,1,1,1,1,2],"energy":2,"game_state":0,"hand":[1,0,1,0],"max_energy":3,"mobs":[{"def":0,"effects":[0,0,3,3],"hp":14,"max_hp":50,"move":1,"type":1}],"offpool":[0],"player":{"def":0,"effects":[0,0,0,0],"hp":76,"max_hp":80},"pool":[0,2,1,1,0]}
play 1 0 
{"deck":[0,0,0,0,0,1,1,1,1,2],"energy":1,"game_state":0,"hand":[1,1,0],"max_energy":3,"mobs":[{"def":0,"effects":[0,0,3,3],"hp":8,"max_hp":50,"move":1,"type":1}],"offpool":[0,0],"player":{"def":0,"effects":[0,0,0,0],"hp":76,"max_hp":80},"pool":[0,2,1,1,0]}
play 2 0 
{"deck":[0,0,0,0,0,1,1,1,1,2],"energy":0,"game_state":0,"hand":[1,1],"max_energy":3,"mobs":[{"def":0,"effects":[0,0,3,3],"hp":2,"max_hp":50,"move":1,"type":1}],"offpool":[0,0,0],"player":{"def":0,"effects":[0,0,0,0],"hp":76,"max_hp":80},"pool":[0,2,1,1,0]}
end 
{"deck":[0,0,0,0,0,1,1,1,1,2],"energy":3,"game_state":0,"hand":[0,1,1,2,0],"max_energy":3,"mobs":[{"def":0,"effects":[0,0,6,3],"hp":2,"max_hp":50,"move":1,"type":1}],"offpool":[0,0,0,1,1],"player":{"def":0,"effects":[0,0,0,0],"hp":64,"max_hp":80},"pool":[]}
play 0 0 
{"deck":[0,0,0,0,0,1,1,1,1,2],"game_state":2,"max_energy":3,"player":{"def":0,"effects":[0,0,0,0],"hp":64,"max_hp":80}}
===============RESET===============
{"game_state":3}
play 1 
{"deck":[0,0,0,0,0,1,1,1,1,2],"energy":3,"game_state":0,"hand":[1,2,0,1,0],"max_energy":3,"mobs":[{"def":0,"effects":[0,0,0,0],"hp":51,"max_hp":51,"move":3,"type":1}],"offpool":[],"player":{"def":0,"effects":[0,0,0,0],"hp":80,"max_hp":80},"pool":[1,0,1,0,0]}
play 2 0 
{"deck":[0,0,0,0,0,1,1,1,1,2],"energy":2,"game_state":0,"hand":[1,2,1,0],"max_energy":3,"mobs":[{"def":0,"effects":[0,0,0,0],"hp":45,"max_hp":51,"move":3,"type":1}],"offpool":[0],"player":{"def":0,"effects":[0,0,0,0],"hp":80,"max_hp":80},"pool":[1,0,1,0,0]}
play 3 0 
{"deck":[0,0,0,0,0,1,1,1,1,2],"energy":1,"game_state":0,"hand":[1,2,1],"max_energy":3,"mobs":[{"def":0,"effects":[0,0,0,0],"hp":39,"max_hp":51,"move":3,"type":1}],"offpool":[0,0],"player":{"def":0,"effects":[0,0,0,0],"hp":80,"max_hp":80},"pool":[1,0,1,0,0]}
end 
{"deck":[0,0,0,0,0,1,1,1,1,2],"energy":3,"game_state":0,"hand":[0,0,1,0,1],"max_energy":3,"mobs":[{"def":0,"effects":[0,0,0,3],"hp":39,"max_hp":51,"move":1,"type":1}],"offpool":[0,0,1,2,1],"player":{"def":0,"effects":[0,0,0,0],"hp":80,"max_hp":80},"pool":[]}
play 0 0 
{"deck":[0,0,0,0,0,1,1,1,1,2],"energy":2,"game_state":0,"hand":[0,1,0,1],"max_energy":3,"mobs":[{"def":0,"effects":[0,0,0,3],"hp":33,"max_hp":51,"move":1,"type":1}],"offpool":[0,0,1,2,1,0],"player":{"def":0,"effects":[0,0,0,0],"hp":80,"max_hp":80},"pool":[]}
play 0 0 
{"deck":[0,0,0,0,0,1,1,1,1,2],"energy":1,"game_state":0,"hand":[1,0,1],"max_energy":3,"mobs":[{"def":0,"effects":[0,0,0,3],"hp":27,"max_hp":51,"move":1,"type":1}],"offpool":[0,0,1,2,1,0,0],"player":{"def":0,"effects":[0,0,0,0],"hp":80,"max_hp":80},"pool":[]}
play 1 0 
{"deck":[0,0,0,0,0,1,1,1,1,2],"energy":0,"game_state":0,"hand":[1,1],"max_energy":3,"mobs":[{"def":0,"effects":[0,0,0,3],"hp":21,"max_hp":51,"move":1,"type":1}],"offpool":[0,0,1,2,1,0,0,0],"player":{"def":0,"effects":[0,0,0,0],"hp":80,"max_hp":80},"pool":[]}
end 
{"deck":[0,0,0,0,0,1,1,1,1,2],"energy":3,"game_state":0,"hand":[0,0,0,0,0],"max_energy":3,"mobs":[{"def":0,"effects":[0,0,3,3],"hp":21,"max_hp":51,"move":1,"type":1}],"offpool":[],"player":{"def":0,"effects":[0,0,0,0],"hp":71,"max_hp":80},"pool":[1,1,2,1,1]}
play 2 0 
{"deck":[0,0,0,0,0,1,1,1,1,2],"energy":2,"game_state":0,"hand":[0,0,0,0],"max_energy":3,"mobs":[{"def":0,"effects":[0,0,3,3],"hp":15,"max_hp":51,"move":1,"type":1}],"offpool":[0],"player":{"def":0,"effects":[0,0,0,0],"hp":71,"max_hp":80},"pool":[1,1,2,1,1]}
play 1 0 
{"deck":[0,0,0,0,0,1,1,1,1,2],"energy":1,"game_state":0,"hand":[0,0,0],"max_energy":3,"mobs":[{"def":0,"effects":[0,0,3,3],"hp":9,"max_hp":51,"move":1,"type":1}],"offpool":[0,0],"player":{"def":0,"effects":[0,0,0,0],"hp":71,"max_hp":80},"pool":[1,1,2,1,1]}
play 1 0 
{"deck":[0,0,0,0,0,1,1,1,1,2],"energy":0,"game_state":0,"hand":[0,0],"max_energy":3,"mobs":[{"def":0,"effects":[0,0,3,3],"hp":3,"max_hp":51,"move":1,"type":1}],"offpool":[0,0,0],"player":{"def":0,"effects":[0,0,0,0],"hp":71,"max_hp":80},"pool":[1,1,2,1,1]}
end 
{"deck":[0,0,0,0,0,1,1,1,1,2],"energy":3,"game_state":0,"hand":[1,1,2,1,1],"max_energy":3,"mobs":[{"def":0,"effects":[0,0,6,3],"hp":3,"max_hp":51,"move":1,"type":1}],"offpool":[0,0,0,0,0],"player":{"def":0,"effects":[0,0,0,0],"hp":59,"max_hp":80},"pool":[]}
play 0 
{"deck":[0,0,0,0,0,1,1,1,1,2],"energy":2,"game_state":0,"hand":[1,2,1,1],"max_energy":3,"mobs":[{"def":0,"effects":[0,0,6,3],"hp":3,"max_hp":51,"move":1,"type":1}],"offpool":[0,0,0,0,0,1],"player":{"def":5,"effects":[0,0,0,0],"hp":59,"max_hp":80},"pool":[]}
play 2 
{"deck":[0,0,0,0,0,1,1,1,1,2],"energy":1,"game_state":0,"hand":[1,2,1],"max_energy":3,"mobs":[{"def":0,"effects":[0,0,6,3],"hp":3,"max_hp":51,"move":1,"type":1}],"offpool":[0,0,0,0,0,1,1],"player":{"def":10,"effects":[0,0,0,0],"hp":59,"max_hp":80},"pool":[]}
play 0 
{"deck":[0,0,0,0,0,1,1,1,1,2],"energy":0,"game_state":0,"hand":[2,1],"max_energy":3,"mobs":[{"def":0,"effects":[0,0,6,3],"hp":3,"max_hp":51,"move":1,"type":1}],"offpool":[0,0,0,0,0,1,1,1],"player":{"def":15,"effects":[0,0,0,0],"hp":59,"max_hp":80},"pool":[]}
end 
{"deck":[0,0,0,0,0,1,1,1,1,2],"energy":3,"game_state":0,"hand":[0,2,0,0,1],"max_energy":3,"mobs":[{"def":0,"effects":[0,0,9,3],"hp":3,"max_hp":51,"move":1,"type":1}],"offpool":[],"player":{"def":0,"effects":[0,0,0,0],"hp":59,"max_hp":80},"pool":[1,1,0,1,0]}
play 2 0 
{"deck":[0,0,0,0,0,1,1,1,1,2],"game_state":2,"max_energy":3,"player":{"def":0,"effects":[0,0,0,0],"hp":59,"max_hp":80}}
